<?xml version = '1.0' encoding = 'UTF-8'?>
<Diagram class="oracle.dbtools.crest.swingui.logical.DPVLogical" name="Logical" id="E7E0C914-9798-491F-BF03-3C75CF021DA3">
<createdBy>matej</createdBy>
<modifiedBy>matej</modifiedBy>
<createdTime>2019-05-02 20:42:32 UTC</createdTime>
<autoRoute>false</autoRoute>
<boxInbox>true</boxInbox>
<showLegend>false</showLegend>
<showLabels>true</showLabels>
<showRelAttributes>false</showRelAttributes>
<gridEnabled>false</gridEnabled>
<showGrid>false</showGrid>
<diagramColor>-1</diagramColor>
<display>false</display>
<notation>1</notation>
<objectViews>
<OView class="oracle.dbtools.crest.swingui.logical.TVEntity" oid="186CFCD5-81AC-B466-658B-D42DC1F26FCB" otype="Entity" vid="EA080284-B17D-03FA-4F93-C022CF9D14E0">
<hideElementsInCurrentOnly>false</hideElementsInCurrentOnly>
<bounds x="1123" y="392" width="134" height="90"/>
</OView>
<OView class="oracle.dbtools.crest.swingui.logical.TVEntity" oid="1D7611BE-3939-EA5D-3A8D-9039A293BAB4" otype="Entity" vid="61F8D1F3-928C-C1FE-B2BB-8BB713880F96">
<hideElementsInCurrentOnly>false</hideElementsInCurrentOnly>
<bounds x="1121" y="273" width="167" height="103"/>
</OView>
<OView class="oracle.dbtools.crest.swingui.logical.TVEntity" oid="2A23D33B-67FF-2AFA-1D9A-627795A40E48" otype="Entity" vid="F911E63A-3C9D-4D52-C499-DC32B14A0DA0">
<hideElementsInCurrentOnly>false</hideElementsInCurrentOnly>
<bounds x="1121" y="495" width="120" height="116"/>
</OView>
<OView class="oracle.dbtools.crest.swingui.logical.TVEntity" oid="4EB31787-B11C-1437-A22D-B06DDCB2C338" otype="Entity" vid="75437F64-9DBE-E6B9-8757-ADC6EF27F01B">
<hideElementsInCurrentOnly>false</hideElementsInCurrentOnly>
<bounds x="466" y="0" width="131" height="90"/>
</OView>
<OView class="oracle.dbtools.crest.swingui.logical.TVEntity" oid="59DED074-1D2C-7126-829C-9CCC46FB8813" otype="Entity" vid="43729F6C-5F98-33B5-97E9-989B0BCA3962">
<hideElementsInCurrentOnly>false</hideElementsInCurrentOnly>
<bounds x="668" y="0" width="120" height="90"/>
</OView>
<OView class="oracle.dbtools.crest.swingui.logical.TVEntity" oid="5F7361CF-0D67-089B-58EE-832D5BF0DF2E" otype="Entity" vid="6098CD8C-57FA-FED7-C743-CCB21A77D280">
<hideElementsInCurrentOnly>false</hideElementsInCurrentOnly>
<bounds x="801" y="248" width="147" height="116"/>
</OView>
<OView class="oracle.dbtools.crest.swingui.logical.TVEntity" oid="600055BD-9764-185A-E977-C3492411C255" otype="Entity" vid="BFF48DF5-DD26-D767-0062-B221C8934D59">
<hideElementsInCurrentOnly>false</hideElementsInCurrentOnly>
<bounds x="149" y="20" width="156" height="66"/>
</OView>
<OView class="oracle.dbtools.crest.swingui.logical.TVEntity" oid="647FA985-9587-0786-D307-698E51691702" otype="Entity" vid="116FC9F2-FDC3-BEA1-6A82-B3211E4EA820">
<hideElementsInCurrentOnly>false</hideElementsInCurrentOnly>
<bounds x="1119" y="0" width="153" height="77"/>
</OView>
<OView class="oracle.dbtools.crest.swingui.logical.TVEntity" oid="7779D923-DFBA-49CF-DE96-B5E5AD14BD4B" otype="Entity" vid="D0409746-2874-A937-8F4A-FE578882CB76">
<hideElementsInCurrentOnly>false</hideElementsInCurrentOnly>
<bounds x="1117" y="93" width="105" height="77"/>
</OView>
<OView class="oracle.dbtools.crest.swingui.logical.TVEntity" oid="80AAA932-5601-1251-B6C5-805A59012D61" otype="Entity" vid="5ED5BA43-682A-7888-83D1-641E61F4FFA5">
<hideElementsInCurrentOnly>false</hideElementsInCurrentOnly>
<bounds x="626" y="130" width="172" height="64"/>
</OView>
<OView class="oracle.dbtools.crest.swingui.logical.TVEntity" oid="8E61F0E6-019E-E94E-37A5-0AACFE6F0859" otype="Entity" vid="A8C12116-98AE-E7E8-E5C0-ACF756872E34">
<hideElementsInCurrentOnly>false</hideElementsInCurrentOnly>
<bounds x="149" y="96" width="224" height="66"/>
</OView>
<OView class="oracle.dbtools.crest.swingui.logical.TVEntity" oid="97E292E8-BE5A-EBBF-DF3A-0F54EC48CBF2" otype="Entity" vid="4C8D6B5F-8D73-43E2-E57E-FD9886E7A1A8">
<hideElementsInCurrentOnly>false</hideElementsInCurrentOnly>
<bounds x="3" y="0" width="382" height="174"/>
</OView>
<OView class="oracle.dbtools.crest.swingui.logical.TVEntity" oid="CD29B835-C915-BDB9-2177-ADC05CC59306" otype="Entity" vid="91C229DE-E2B5-34EB-F944-62473E5CAE3E">
<hideElementsInCurrentOnly>false</hideElementsInCurrentOnly>
<bounds x="1116" y="184" width="183" height="77"/>
</OView>
<OView class="oracle.dbtools.crest.swingui.logical.TVEntity" oid="F2FFA0BE-1053-9711-D29A-D0B4AA130D3A" otype="Entity" vid="6C4C34C9-6DEB-28D8-946F-E8C34476A13C">
<hideElementsInCurrentOnly>false</hideElementsInCurrentOnly>
<bounds x="614" y="258" width="145" height="90"/>
</OView>
<OView class="oracle.dbtools.crest.swingui.logical.TVEntity" oid="FCCEC763-012C-6184-636F-08708A1EF20F" otype="Entity" vid="16F84341-E397-C043-3846-3F4D5D9F41AA">
<hideElementsInCurrentOnly>false</hideElementsInCurrentOnly>
<bounds x="877" y="1" width="189" height="77"/>
</OView>
</objectViews>
<connectors>
<Connector class="oracle.dbtools.crest.swingui.logical.TVRelation" oid="18AC3865-7FC4-22B1-1D7E-43EA4ACB93A3" otype="Relation" vid_source="5ED5BA43-682A-7888-83D1-641E61F4FFA5" vid_target="6C4C34C9-6DEB-28D8-946F-E8C34476A13C">
<hideElementsInCurrentOnly>false</hideElementsInCurrentOnly>
<backgroundColor>-16777216</backgroundColor>
<lineWidth>1</lineWidth>
<sourceLabel class="oracle.dbtools.crest.model.design.Label">
<site>0</site>
<labelBounds x="692" y="230" width="53" height="30"/>
<noBackgroundColor>true</noBackgroundColor>
<noForegroundColor>true</noForegroundColor>
</sourceLabel>
<points>
<point x="692" y="194"/>
<point x="692" y="258"/>
</points>
</Connector>
<Connector class="oracle.dbtools.crest.swingui.logical.TVRelation" oid="2973FA41-F88A-DCB4-C77A-3C511BF4105D" otype="Relation" vid_source="75437F64-9DBE-E6B9-8757-ADC6EF27F01B" vid_target="4C8D6B5F-8D73-43E2-E57E-FD9886E7A1A8">
<hideElementsInCurrentOnly>false</hideElementsInCurrentOnly>
<backgroundColor>-16777216</backgroundColor>
<lineWidth>1</lineWidth>
<targetLabel class="oracle.dbtools.crest.model.design.Label">
<site>2</site>
<labelBounds x="323" y="54" width="49" height="30"/>
<noBackgroundColor>true</noBackgroundColor>
<noForegroundColor>true</noForegroundColor>
</targetLabel>
<points>
<point x="466" y="45"/>
<point x="385" y="45"/>
</points>
</Connector>
<Connector class="oracle.dbtools.crest.swingui.logical.TVRelation" oid="4DF8FE91-ECDF-FFF5-1899-196D19553486" otype="Relation" vid_source="16F84341-E397-C043-3846-3F4D5D9F41AA" vid_target="F911E63A-3C9D-4D52-C499-DC32B14A0DA0">
<hideElementsInCurrentOnly>false</hideElementsInCurrentOnly>
<backgroundColor>-16777216</backgroundColor>
<lineWidth>1</lineWidth>
<sourceLabel class="oracle.dbtools.crest.model.design.Label">
<site>0</site>
<labelBounds x="987" y="114" width="53" height="30"/>
<noBackgroundColor>true</noBackgroundColor>
<noForegroundColor>true</noForegroundColor>
</sourceLabel>
<targetLabel class="oracle.dbtools.crest.model.design.Label">
<site>2</site>
<labelBounds x="1157" y="459" width="71" height="30"/>
<noBackgroundColor>true</noBackgroundColor>
<noForegroundColor>true</noForegroundColor>
</targetLabel>
<points>
<point x="987" y="78"/>
<point x="1157" y="495"/>
</points>
</Connector>
<Connector class="oracle.dbtools.crest.swingui.logical.TVRelation" oid="61A1CB80-F3DC-81B6-B1DB-9B9E7554782A" otype="Relation" vid_source="BFF48DF5-DD26-D767-0062-B221C8934D59" vid_target="6C4C34C9-6DEB-28D8-946F-E8C34476A13C">
<hideElementsInCurrentOnly>false</hideElementsInCurrentOnly>
<backgroundColor>-16777216</backgroundColor>
<lineWidth>1</lineWidth>
<sourceLabel class="oracle.dbtools.crest.model.design.Label">
<site>0</site>
<labelBounds x="287" y="122" width="28" height="30"/>
<noBackgroundColor>true</noBackgroundColor>
<noForegroundColor>true</noForegroundColor>
</sourceLabel>
<targetLabel class="oracle.dbtools.crest.model.design.Label">
<site>2</site>
<labelBounds x="536" y="278" width="72" height="30"/>
<noBackgroundColor>true</noBackgroundColor>
<noForegroundColor>true</noForegroundColor>
</targetLabel>
<points>
<point x="287" y="86"/>
<point x="614" y="278"/>
</points>
</Connector>
<Connector class="oracle.dbtools.crest.swingui.logical.TVRelation" oid="68A0BB93-B6D0-4C0B-6188-CE3CD3EEC4F5" otype="Relation" vid_source="75437F64-9DBE-E6B9-8757-ADC6EF27F01B" vid_target="43729F6C-5F98-33B5-97E9-989B0BCA3962">
<hideElementsInCurrentOnly>false</hideElementsInCurrentOnly>
<backgroundColor>-16777216</backgroundColor>
<lineWidth>1</lineWidth>
<targetLabel class="oracle.dbtools.crest.model.design.Label">
<site>2</site>
<labelBounds x="644" y="54" width="49" height="30"/>
<noBackgroundColor>true</noBackgroundColor>
<noForegroundColor>true</noForegroundColor>
</targetLabel>
<points>
<point x="597" y="45"/>
<point x="668" y="45"/>
</points>
</Connector>
<Connector class="oracle.dbtools.crest.swingui.logical.TVRelation" oid="8990F48D-E725-1C30-F18E-CB858B720EDC" otype="Relation" vid_source="16F84341-E397-C043-3846-3F4D5D9F41AA" vid_target="EA080284-B17D-03FA-4F93-C022CF9D14E0">
<hideElementsInCurrentOnly>false</hideElementsInCurrentOnly>
<backgroundColor>-16777216</backgroundColor>
<lineWidth>1</lineWidth>
<sourceLabel class="oracle.dbtools.crest.model.design.Label">
<site>0</site>
<labelBounds x="992" y="114" width="53" height="30"/>
<noBackgroundColor>true</noBackgroundColor>
<noForegroundColor>true</noForegroundColor>
</sourceLabel>
<targetLabel class="oracle.dbtools.crest.model.design.Label">
<site>2</site>
<labelBounds x="1165" y="356" width="54" height="30"/>
<noBackgroundColor>true</noBackgroundColor>
<noForegroundColor>true</noForegroundColor>
</targetLabel>
<points>
<point x="992" y="78"/>
<point x="1165" y="392"/>
</points>
</Connector>
<Connector class="oracle.dbtools.crest.swingui.logical.TVRelation" oid="8FEDBDC3-1D4B-B641-A951-50A829EC24C6" otype="Relation" vid_source="16F84341-E397-C043-3846-3F4D5D9F41AA" vid_target="D0409746-2874-A937-8F4A-FE578882CB76">
<hideElementsInCurrentOnly>false</hideElementsInCurrentOnly>
<backgroundColor>-16777216</backgroundColor>
<lineWidth>1</lineWidth>
<sourceLabel class="oracle.dbtools.crest.model.design.Label">
<site>0</site>
<labelBounds x="1054" y="114" width="53" height="30"/>
<noBackgroundColor>true</noBackgroundColor>
<noForegroundColor>true</noForegroundColor>
</sourceLabel>
<targetLabel class="oracle.dbtools.crest.model.design.Label">
<site>2</site>
<labelBounds x="1040" y="107" width="71" height="30"/>
<noBackgroundColor>true</noBackgroundColor>
<noForegroundColor>true</noForegroundColor>
</targetLabel>
<points>
<point x="1054" y="78"/>
<point x="1117" y="107"/>
</points>
</Connector>
<Connector class="oracle.dbtools.crest.swingui.logical.TVRelation" oid="9C4378D8-E404-C39A-C9CB-83C34F0171C5" otype="Relation" vid_source="43729F6C-5F98-33B5-97E9-989B0BCA3962" vid_target="6098CD8C-57FA-FED7-C743-CCB21A77D280">
<hideElementsInCurrentOnly>false</hideElementsInCurrentOnly>
<backgroundColor>-16777216</backgroundColor>
<lineWidth>1</lineWidth>
<targetLabel class="oracle.dbtools.crest.model.design.Label">
<site>2</site>
<labelBounds x="826" y="215" width="41" height="30"/>
<noBackgroundColor>true</noBackgroundColor>
<noForegroundColor>true</noForegroundColor>
</targetLabel>
<points>
<point x="753" y="90"/>
<point x="841" y="248"/>
</points>
</Connector>
<Connector class="oracle.dbtools.crest.swingui.logical.TVRelation" oid="C2ABA625-836E-5882-B5DA-31C31AB341FF" otype="Relation" vid_source="43729F6C-5F98-33B5-97E9-989B0BCA3962" vid_target="5ED5BA43-682A-7888-83D1-641E61F4FFA5">
<hideElementsInCurrentOnly>false</hideElementsInCurrentOnly>
<backgroundColor>-16777216</backgroundColor>
<lineWidth>1</lineWidth>
<targetLabel class="oracle.dbtools.crest.model.design.Label">
<site>2</site>
<labelBounds x="649" y="95" width="71" height="30"/>
<noBackgroundColor>true</noBackgroundColor>
<noForegroundColor>true</noForegroundColor>
</targetLabel>
<points>
<point x="728" y="90"/>
<point x="728" y="130"/>
</points>
</Connector>
<Connector class="oracle.dbtools.crest.swingui.logical.TVRelation" oid="C9FF870C-3EB1-114A-F8F7-DE042F7EFFB7" otype="Relation" vid_source="116FC9F2-FDC3-BEA1-6A82-B3211E4EA820" vid_target="16F84341-E397-C043-3846-3F4D5D9F41AA">
<hideElementsInCurrentOnly>false</hideElementsInCurrentOnly>
<backgroundColor>-16777216</backgroundColor>
<lineWidth>1</lineWidth>
<sourceLabel class="oracle.dbtools.crest.model.design.Label">
<site>0</site>
<labelBounds x="1054" y="9" width="59" height="30"/>
<noBackgroundColor>true</noBackgroundColor>
<noForegroundColor>true</noForegroundColor>
</sourceLabel>
<targetLabel class="oracle.dbtools.crest.model.design.Label">
<site>2</site>
<labelBounds x="1076" y="42" width="53" height="30"/>
<noBackgroundColor>true</noBackgroundColor>
<noForegroundColor>true</noForegroundColor>
</targetLabel>
<points>
<point x="1119" y="39"/>
<point x="1066" y="39"/>
</points>
</Connector>
<Connector class="oracle.dbtools.crest.swingui.logical.TVInheritanceRelation" oid="CEFD293B-5BF9-552F-6E78-119642692DC9" otype="Hierarchy relation" vid_source="4C8D6B5F-8D73-43E2-E57E-FD9886E7A1A8" vid_target="A8C12116-98AE-E7E8-E5C0-ACF756872E34">
<hideElementsInCurrentOnly>false</hideElementsInCurrentOnly>
<backgroundColor>-65536</backgroundColor>
<lineWidth>1</lineWidth>
</Connector>
<Connector class="oracle.dbtools.crest.swingui.logical.TVRelation" oid="DBE15FDE-DFA1-083B-4F31-C149EE981BE8" otype="Relation" vid_source="16F84341-E397-C043-3846-3F4D5D9F41AA" vid_target="91C229DE-E2B5-34EB-F944-62473E5CAE3E">
<hideElementsInCurrentOnly>false</hideElementsInCurrentOnly>
<backgroundColor>-16777216</backgroundColor>
<lineWidth>1</lineWidth>
<sourceLabel class="oracle.dbtools.crest.model.design.Label">
<site>0</site>
<labelBounds x="1021" y="114" width="53" height="30"/>
<noBackgroundColor>true</noBackgroundColor>
<noForegroundColor>true</noForegroundColor>
</sourceLabel>
<targetLabel class="oracle.dbtools.crest.model.design.Label">
<site>2</site>
<labelBounds x="1157" y="148" width="71" height="30"/>
<noBackgroundColor>true</noBackgroundColor>
<noForegroundColor>true</noForegroundColor>
</targetLabel>
<points>
<point x="1021" y="78"/>
<point x="1157" y="184"/>
</points>
</Connector>
<Connector class="oracle.dbtools.crest.swingui.logical.TVInheritanceRelation" oid="E17AE7EA-65DA-04F8-F0F8-D043596A2BD3" otype="Hierarchy relation" vid_source="4C8D6B5F-8D73-43E2-E57E-FD9886E7A1A8" vid_target="BFF48DF5-DD26-D767-0062-B221C8934D59">
<hideElementsInCurrentOnly>false</hideElementsInCurrentOnly>
<backgroundColor>-65536</backgroundColor>
<lineWidth>1</lineWidth>
</Connector>
<Connector class="oracle.dbtools.crest.swingui.logical.TVRelation" oid="F4E62A9C-E72A-6111-DDCB-91B56301EF7F" otype="Relation" vid_source="16F84341-E397-C043-3846-3F4D5D9F41AA" vid_target="61F8D1F3-928C-C1FE-B2BB-8BB713880F96">
<hideElementsInCurrentOnly>false</hideElementsInCurrentOnly>
<backgroundColor>-16777216</backgroundColor>
<lineWidth>1</lineWidth>
<sourceLabel class="oracle.dbtools.crest.model.design.Label">
<site>0</site>
<labelBounds x="1002" y="114" width="53" height="30"/>
<noBackgroundColor>true</noBackgroundColor>
<noForegroundColor>true</noForegroundColor>
</sourceLabel>
<targetLabel class="oracle.dbtools.crest.model.design.Label">
<site>2</site>
<labelBounds x="1162" y="237" width="71" height="30"/>
<noBackgroundColor>true</noBackgroundColor>
<noForegroundColor>true</noForegroundColor>
</targetLabel>
<points>
<point x="1002" y="78"/>
<point x="1162" y="273"/>
</points>
</Connector>
<Connector class="oracle.dbtools.crest.swingui.logical.TVRelation" oid="FA533DB7-4DD1-25E8-F9F7-9D14F1F96D84" otype="Relation" vid_source="16F84341-E397-C043-3846-3F4D5D9F41AA" vid_target="6098CD8C-57FA-FED7-C743-CCB21A77D280">
<hideElementsInCurrentOnly>false</hideElementsInCurrentOnly>
<backgroundColor>-16777216</backgroundColor>
<lineWidth>1</lineWidth>
<sourceLabel class="oracle.dbtools.crest.model.design.Label">
<site>0</site>
<labelBounds x="912" y="114" width="41" height="30"/>
<noBackgroundColor>true</noBackgroundColor>
<noForegroundColor>true</noForegroundColor>
</sourceLabel>
<targetLabel class="oracle.dbtools.crest.model.design.Label">
<site>2</site>
<labelBounds x="912" y="212" width="79" height="30"/>
<noBackgroundColor>true</noBackgroundColor>
<noForegroundColor>true</noForegroundColor>
</targetLabel>
<points>
<point x="912" y="78"/>
<point x="912" y="248"/>
</points>
</Connector>
</connectors>
</Diagram>