<?xml version = '1.0' encoding = 'UTF-8'?>
<Diagram class="oracle.dbtools.crest.swingui.relational.DPVRelational" name="Relational_1" id="A0281D50-FA99-D92C-63AE-6407063FA413">
<createdBy>matej</createdBy>
<modifiedBy>matej</modifiedBy>
<createdTime>2019-05-02 20:43:02 UTC</createdTime>
<autoRoute>false</autoRoute>
<boxInbox>true</boxInbox>
<showLegend>false</showLegend>
<showLabels>false</showLabels>
<showRelAttributes>false</showRelAttributes>
<gridEnabled>false</gridEnabled>
<showGrid>false</showGrid>
<diagramColor>-1</diagramColor>
<display>false</display>
<notation>1</notation>
<objectViews>
<OView class="oracle.dbtools.crest.swingui.relational.TVTable" oid="027FA657-1A21-BE49-1015-1D5BD271A3F1" otype="Table" vid="D9BF3393-B244-95EB-2928-2B412F365508">
<hideElementsInCurrentOnly>false</hideElementsInCurrentOnly>
<bounds x="1186" y="113" width="354" height="102"/>
</OView>
<OView class="oracle.dbtools.crest.swingui.relational.TVTable" oid="1A280D3D-9263-D8D3-8106-57FF9275A26F" otype="Table" vid="E090C95E-0AB7-61D4-FA80-AF467208A147">
<hideElementsInCurrentOnly>false</hideElementsInCurrentOnly>
<bounds x="1596" y="309" width="240" height="122"/>
</OView>
<OView class="oracle.dbtools.crest.swingui.relational.TVTable" oid="29AE118D-1F59-7F0A-D7FB-18FEDA6E9396" otype="Table" vid="550BC383-3A97-1BAA-96C4-A3D4BEA77463">
<hideElementsInCurrentOnly>false</hideElementsInCurrentOnly>
<bounds x="634" y="607" width="353" height="141"/>
</OView>
<OView class="oracle.dbtools.crest.swingui.relational.TVTable" oid="34A21B34-533A-F044-6F0F-B82629937070" otype="Table" vid="328A52A7-324C-51BB-3B47-AAEFEAB7C323">
<hideElementsInCurrentOnly>false</hideElementsInCurrentOnly>
<bounds x="0" y="239" width="287" height="115"/>
</OView>
<OView class="oracle.dbtools.crest.swingui.relational.TVTable" oid="4031BE77-E293-E340-24C3-A6455A70142A" otype="Table" vid="FC46BE46-AF6D-9C72-3E4E-AD8C4085D35D">
<hideElementsInCurrentOnly>false</hideElementsInCurrentOnly>
<bounds x="1598" y="104" width="175" height="96"/>
</OView>
<OView class="oracle.dbtools.crest.swingui.relational.TVTable" oid="49B893E8-78FB-6C2B-8D2A-ACA87981A911" otype="Table" vid="17CC7008-F916-F9F4-6681-058C57AAF94C">
<hideElementsInCurrentOnly>false</hideElementsInCurrentOnly>
<bounds x="3" y="0" width="276" height="180"/>
</OView>
<OView class="oracle.dbtools.crest.swingui.relational.TVTable" oid="644BC2C8-83FC-D1C0-C956-A26A4718A1E5" otype="Table" vid="CFA7FB95-8FDD-EF66-9ED1-5F7B7A3E4424">
<hideElementsInCurrentOnly>false</hideElementsInCurrentOnly>
<bounds x="1195" y="584" width="333" height="102"/>
</OView>
<OView class="oracle.dbtools.crest.swingui.relational.TVTable" oid="6F19B5A5-0FDE-060C-A727-A4DB78BB645E" otype="Table" vid="10518AD8-0599-5EF0-F064-589CCD667C78">
<hideElementsInCurrentOnly>false</hideElementsInCurrentOnly>
<bounds x="1596" y="446" width="207" height="109"/>
</OView>
<OView class="oracle.dbtools.crest.swingui.relational.TVTable" oid="719AC859-D85C-8710-7496-E4C5D44B2DB9" otype="Table" vid="B2E4763C-BA41-00B0-6D98-199EE36E8B05">
<hideElementsInCurrentOnly>false</hideElementsInCurrentOnly>
<bounds x="0" y="617" width="554" height="115"/>
</OView>
<OView class="oracle.dbtools.crest.swingui.relational.TVTable" oid="7344F14F-7135-BB3E-04F8-35CC561D270D" otype="Table" vid="D0FD1F62-DBB3-FB28-D89A-4BF504094D54">
<hideElementsInCurrentOnly>false</hideElementsInCurrentOnly>
<bounds x="1141" y="221" width="411" height="102"/>
</OView>
<OView class="oracle.dbtools.crest.swingui.relational.TVTable" oid="75EC752A-AEF9-8AD4-06EB-A9D8AF48DC7E" otype="Table" vid="942DEB89-2E43-214C-708A-1CEC899AEED6">
<hideElementsInCurrentOnly>false</hideElementsInCurrentOnly>
<bounds x="690" y="379" width="424" height="115"/>
</OView>
<OView class="oracle.dbtools.crest.swingui.relational.TVTable" oid="7BECF0B0-D18D-5A30-8DF8-7B50B8EAABC2" otype="Table" vid="81FAFA37-431A-082E-97FE-B1124083274B">
<hideElementsInCurrentOnly>false</hideElementsInCurrentOnly>
<bounds x="293" y="238" width="295" height="115"/>
</OView>
<OView class="oracle.dbtools.crest.swingui.relational.TVTable" oid="8262C80C-957D-B8C4-8992-BE899EC3090C" otype="Table" vid="10CC0B4B-7DDB-97EB-0799-C7D5907B1B03">
<hideElementsInCurrentOnly>false</hideElementsInCurrentOnly>
<bounds x="1115" y="337" width="467" height="102"/>
</OView>
<OView class="oracle.dbtools.crest.swingui.relational.TVTable" oid="9B45D761-DE99-EEF4-397E-9CF8B800F2EF" otype="Table" vid="D948D656-5A8A-1B97-D2A8-515C7ABF979F">
<hideElementsInCurrentOnly>false</hideElementsInCurrentOnly>
<bounds x="1599" y="0" width="223" height="96"/>
</OView>
<OView class="oracle.dbtools.crest.swingui.relational.TVTable" oid="A7B0622C-61AB-FCD0-775C-720209821D59" otype="Table" vid="EB704636-5399-F49E-7813-C2F6AAAE822C">
<hideElementsInCurrentOnly>false</hideElementsInCurrentOnly>
<bounds x="1202" y="451" width="321" height="102"/>
</OView>
<OView class="oracle.dbtools.crest.swingui.relational.TVTable" oid="AAD84C8F-C184-E190-74AB-A6A93C3A5018" otype="Table" vid="3E5ABF90-5117-BC35-056E-0C2404654424">
<hideElementsInCurrentOnly>false</hideElementsInCurrentOnly>
<bounds x="1185" y="0" width="363" height="102"/>
</OView>
<OView class="oracle.dbtools.crest.swingui.relational.TVTable" oid="B14ABAF5-5DC8-D0DB-C723-EA10E10D8600" otype="Table" vid="4BD15525-C7E4-3CF8-C566-2FCE864BDF77">
<hideElementsInCurrentOnly>false</hideElementsInCurrentOnly>
<bounds x="563" y="0" width="250" height="141"/>
</OView>
<OView class="oracle.dbtools.crest.swingui.relational.TVTable" oid="C01017D5-2335-E4F3-0601-4BBF8BBE26A5" otype="Table" vid="D182F4F1-A6BA-09EE-B3BF-DF80F51156B3">
<hideElementsInCurrentOnly>false</hideElementsInCurrentOnly>
<bounds x="813" y="0" width="309" height="96"/>
</OView>
<OView class="oracle.dbtools.crest.swingui.relational.TVTable" oid="D2506B67-823F-018D-871C-D78C862A45F0" otype="Table" vid="E33CD9CE-BE69-615C-ED1A-E640AAA0DE47">
<hideElementsInCurrentOnly>false</hideElementsInCurrentOnly>
<bounds x="369" y="383" width="251" height="167"/>
</OView>
<OView class="oracle.dbtools.crest.swingui.relational.TVTable" oid="EE52C39C-8A74-4C4E-7240-7B9B88F2C40B" otype="Table" vid="478078C0-B89B-CEF7-0D89-A223112956C8">
<hideElementsInCurrentOnly>false</hideElementsInCurrentOnly>
<bounds x="1595" y="566" width="190" height="135"/>
</OView>
<OView class="oracle.dbtools.crest.swingui.relational.TVTable" oid="F1D8DE6F-7444-4CE2-C416-BD3E7A88E67F" otype="Table" vid="B688F89C-F0C3-F0B4-EFC9-287064FC6791">
<hideElementsInCurrentOnly>false</hideElementsInCurrentOnly>
<bounds x="1597" y="206" width="297" height="96"/>
</OView>
<OView class="oracle.dbtools.crest.swingui.relational.TVTable" oid="F49D107F-0538-0EBF-09BC-8D593FF6536C" otype="Table" vid="F0D00454-6962-0B07-18F9-85009B5CB4F5">
<hideElementsInCurrentOnly>false</hideElementsInCurrentOnly>
<bounds x="620" y="237" width="329" height="115"/>
</OView>
<OView class="oracle.dbtools.crest.swingui.relational.TVTable" oid="F5BA23B9-6DBE-CE1D-5838-D81360613008" otype="Table" vid="1728BF82-E8A8-3E8C-6618-4FB418D1EFBA">
<hideElementsInCurrentOnly>false</hideElementsInCurrentOnly>
<bounds x="321" y="1" width="204" height="109"/>
</OView>
</objectViews>
<connectors>
<Connector class="oracle.dbtools.crest.swingui.relational.TVFKRelation" oid="11C3DF3E-F00B-035F-4490-9969966D84A2" otype="FKIndexAssociation" vid_source="4BD15525-C7E4-3CF8-C566-2FCE864BDF77" vid_target="E33CD9CE-BE69-615C-ED1A-E640AAA0DE47">
<hideElementsInCurrentOnly>false</hideElementsInCurrentOnly>
<backgroundColor>-16777216</backgroundColor>
<lineWidth>1</lineWidth>
<points>
<point x="591" y="141"/>
<point x="591" y="383"/>
</points>
</Connector>
<Connector class="oracle.dbtools.crest.swingui.relational.TVFKRelation" oid="1CB05F49-6504-5851-38C9-58C18979F2EF" otype="FKIndexAssociation" vid_source="D182F4F1-A6BA-09EE-B3BF-DF80F51156B3" vid_target="10CC0B4B-7DDB-97EB-0799-C7D5907B1B03">
<hideElementsInCurrentOnly>false</hideElementsInCurrentOnly>
<backgroundColor>-16777216</backgroundColor>
<lineWidth>1</lineWidth>
<points>
<point x="1118" y="96"/>
<point x="1118" y="337"/>
</points>
</Connector>
<Connector class="oracle.dbtools.crest.swingui.relational.TVFKRelation" oid="424ED534-6D06-ADFD-3ABC-57C00C9379B0" otype="FKIndexAssociation" vid_source="328A52A7-324C-51BB-3B47-AAEFEAB7C323" vid_target="B2E4763C-BA41-00B0-6D98-199EE36E8B05">
<hideElementsInCurrentOnly>false</hideElementsInCurrentOnly>
<backgroundColor>-16777216</backgroundColor>
<lineWidth>1</lineWidth>
<points>
<point x="143" y="354"/>
<point x="143" y="617"/>
</points>
</Connector>
<Connector class="oracle.dbtools.crest.swingui.relational.TVFKRelation" oid="43697D17-8C2A-EE1F-829D-420FFEC502DB" otype="FKIndexAssociation" vid_source="D948D656-5A8A-1B97-D2A8-515C7ABF979F" vid_target="3E5ABF90-5117-BC35-056E-0C2404654424">
<hideElementsInCurrentOnly>false</hideElementsInCurrentOnly>
<backgroundColor>-16777216</backgroundColor>
<lineWidth>1</lineWidth>
<points>
<point x="1599" y="48"/>
<point x="1548" y="48"/>
</points>
</Connector>
<Connector class="oracle.dbtools.crest.swingui.relational.TVFKRelation" oid="46690415-900A-F6B7-1721-9E231676756B" otype="FKIndexAssociation" vid_source="B688F89C-F0C3-F0B4-EFC9-287064FC6791" vid_target="D0FD1F62-DBB3-FB28-D89A-4BF504094D54">
<hideElementsInCurrentOnly>false</hideElementsInCurrentOnly>
<backgroundColor>-16777216</backgroundColor>
<lineWidth>1</lineWidth>
<points>
<point x="1597" y="261"/>
<point x="1552" y="261"/>
</points>
</Connector>
<Connector class="oracle.dbtools.crest.swingui.relational.TVFKRelation" oid="4D05DD5B-8F41-DD21-3BB1-57CD4C8289C1" otype="FKIndexAssociation" vid_source="478078C0-B89B-CEF7-0D89-A223112956C8" vid_target="CFA7FB95-8FDD-EF66-9ED1-5F7B7A3E4424">
<hideElementsInCurrentOnly>false</hideElementsInCurrentOnly>
<backgroundColor>-16777216</backgroundColor>
<lineWidth>1</lineWidth>
<points>
<point x="1595" y="635"/>
<point x="1528" y="635"/>
</points>
</Connector>
<Connector class="oracle.dbtools.crest.swingui.relational.TVFKRelation" oid="54B2E909-85B6-08EF-F283-FAE06D9023BC" otype="FKIndexAssociation" vid_source="17CC7008-F916-F9F4-6681-058C57AAF94C" vid_target="81FAFA37-431A-082E-97FE-B1124083274B">
<hideElementsInCurrentOnly>false</hideElementsInCurrentOnly>
<backgroundColor>-16777216</backgroundColor>
<lineWidth>1</lineWidth>
<points>
<point x="272" y="180"/>
<point x="356" y="238"/>
</points>
</Connector>
<Connector class="oracle.dbtools.crest.swingui.relational.TVFKRelation" oid="74BB395B-4651-C003-1774-39F2277A90D5" otype="FKIndexAssociation" vid_source="FC46BE46-AF6D-9C72-3E4E-AD8C4085D35D" vid_target="D9BF3393-B244-95EB-2928-2B412F365508">
<hideElementsInCurrentOnly>false</hideElementsInCurrentOnly>
<backgroundColor>-16777216</backgroundColor>
<lineWidth>1</lineWidth>
<points>
<point x="1598" y="156"/>
<point x="1540" y="156"/>
</points>
</Connector>
<Connector class="oracle.dbtools.crest.swingui.relational.TVFKRelation" oid="7728469A-FAAA-72E3-A29A-92566E16A70F" otype="FKIndexAssociation" vid_source="1728BF82-E8A8-3E8C-6618-4FB418D1EFBA" vid_target="4BD15525-C7E4-3CF8-C566-2FCE864BDF77">
<hideElementsInCurrentOnly>false</hideElementsInCurrentOnly>
<backgroundColor>-16777216</backgroundColor>
<lineWidth>1</lineWidth>
<points>
<point x="525" y="55"/>
<point x="563" y="55"/>
</points>
</Connector>
<Connector class="oracle.dbtools.crest.swingui.relational.TVFKRelation" oid="7DB035AD-1BC8-47A1-6094-DCCC34B7C3E9" otype="FKIndexAssociation" vid_source="D182F4F1-A6BA-09EE-B3BF-DF80F51156B3" vid_target="3E5ABF90-5117-BC35-056E-0C2404654424">
<hideElementsInCurrentOnly>false</hideElementsInCurrentOnly>
<backgroundColor>-16777216</backgroundColor>
<lineWidth>1</lineWidth>
<points>
<point x="1122" y="48"/>
<point x="1185" y="48"/>
</points>
</Connector>
<Connector class="oracle.dbtools.crest.swingui.relational.TVFKRelation" oid="7DFE464F-1D07-0AB4-B174-DBF0B81A431F" otype="FKIndexAssociation" vid_source="F0D00454-6962-0B07-18F9-85009B5CB4F5" vid_target="550BC383-3A97-1BAA-96C4-A3D4BEA77463">
<hideElementsInCurrentOnly>false</hideElementsInCurrentOnly>
<backgroundColor>-16777216</backgroundColor>
<lineWidth>1</lineWidth>
<points>
<point x="791" y="352"/>
<point x="791" y="607"/>
</points>
</Connector>
<Connector class="oracle.dbtools.crest.swingui.relational.TVFKRelation" oid="88D5E7B8-AA46-5CE1-0A69-D7553ACF7DE2" otype="FKIndexAssociation" vid_source="550BC383-3A97-1BAA-96C4-A3D4BEA77463" vid_target="B2E4763C-BA41-00B0-6D98-199EE36E8B05">
<hideElementsInCurrentOnly>false</hideElementsInCurrentOnly>
<backgroundColor>-16777216</backgroundColor>
<lineWidth>1</lineWidth>
<points>
<point x="634" y="674"/>
<point x="554" y="674"/>
</points>
</Connector>
<Connector class="oracle.dbtools.crest.swingui.relational.TVFKRelation" oid="8BD0C2C1-3249-6E0C-1D53-86421C20F804" otype="FKIndexAssociation" vid_source="D182F4F1-A6BA-09EE-B3BF-DF80F51156B3" vid_target="D9BF3393-B244-95EB-2928-2B412F365508">
<hideElementsInCurrentOnly>false</hideElementsInCurrentOnly>
<backgroundColor>-16777216</backgroundColor>
<lineWidth>1</lineWidth>
<points>
<point x="1122" y="93"/>
<point x="1189" y="113"/>
</points>
</Connector>
<Connector class="oracle.dbtools.crest.swingui.relational.TVFKRelation" oid="9840ECC8-2941-39FD-A32B-71846E8EA749" otype="FKIndexAssociation" vid_source="E33CD9CE-BE69-615C-ED1A-E640AAA0DE47" vid_target="942DEB89-2E43-214C-708A-1CEC899AEED6">
<hideElementsInCurrentOnly>false</hideElementsInCurrentOnly>
<backgroundColor>-16777216</backgroundColor>
<lineWidth>1</lineWidth>
<points>
<point x="620" y="438"/>
<point x="690" y="438"/>
</points>
</Connector>
<Connector class="oracle.dbtools.crest.swingui.relational.TVFKRelation" oid="9976F663-C810-B189-99CE-2823281608F7" otype="FKIndexAssociation" vid_source="D182F4F1-A6BA-09EE-B3BF-DF80F51156B3" vid_target="CFA7FB95-8FDD-EF66-9ED1-5F7B7A3E4424">
<hideElementsInCurrentOnly>false</hideElementsInCurrentOnly>
<backgroundColor>-16777216</backgroundColor>
<lineWidth>1</lineWidth>
<points>
<point x="999" y="96"/>
<point x="1327" y="584"/>
</points>
</Connector>
<Connector class="oracle.dbtools.crest.swingui.relational.TVFKRelation" oid="9D059A4F-E73D-C918-E09B-2C9FF1D2A5C3" otype="FKIndexAssociation" vid_source="D182F4F1-A6BA-09EE-B3BF-DF80F51156B3" vid_target="942DEB89-2E43-214C-708A-1CEC899AEED6">
<hideElementsInCurrentOnly>false</hideElementsInCurrentOnly>
<backgroundColor>-16777216</backgroundColor>
<lineWidth>1</lineWidth>
<points>
<point x="963" y="96"/>
<point x="963" y="379"/>
</points>
</Connector>
<Connector class="oracle.dbtools.crest.swingui.relational.TVFKRelation" oid="9F0FA893-0BA7-A771-59A4-10934F792BAA" otype="FKIndexAssociation" vid_source="E090C95E-0AB7-61D4-FA80-AF467208A147" vid_target="10CC0B4B-7DDB-97EB-0799-C7D5907B1B03">
<hideElementsInCurrentOnly>false</hideElementsInCurrentOnly>
<backgroundColor>-16777216</backgroundColor>
<lineWidth>1</lineWidth>
<points>
<point x="1596" y="384"/>
<point x="1582" y="384"/>
</points>
</Connector>
<Connector class="oracle.dbtools.crest.swingui.relational.TVFKRelation" oid="A69D2FD6-BCA8-C0AF-3A83-054045924C26" otype="FKIndexAssociation" vid_source="17CC7008-F916-F9F4-6681-058C57AAF94C" vid_target="328A52A7-324C-51BB-3B47-AAEFEAB7C323">
<hideElementsInCurrentOnly>false</hideElementsInCurrentOnly>
<backgroundColor>-16777216</backgroundColor>
<lineWidth>1</lineWidth>
<points>
<point x="79" y="180"/>
<point x="79" y="239"/>
</points>
</Connector>
<Connector class="oracle.dbtools.crest.swingui.relational.TVFKRelation" oid="B2BD9FD7-1272-7371-BCC3-F1A2ED67A7BB" otype="FKIndexAssociation" vid_source="D182F4F1-A6BA-09EE-B3BF-DF80F51156B3" vid_target="EB704636-5399-F49E-7813-C2F6AAAE822C">
<hideElementsInCurrentOnly>false</hideElementsInCurrentOnly>
<backgroundColor>-16777216</backgroundColor>
<lineWidth>1</lineWidth>
<points>
<point x="1009" y="96"/>
<point x="1318" y="451"/>
</points>
</Connector>
<Connector class="oracle.dbtools.crest.swingui.relational.TVFKRelation" oid="B84120BB-359E-D17B-D683-51D069BDD150" otype="FKIndexAssociation" vid_source="1728BF82-E8A8-3E8C-6618-4FB418D1EFBA" vid_target="17CC7008-F916-F9F4-6681-058C57AAF94C">
<hideElementsInCurrentOnly>false</hideElementsInCurrentOnly>
<backgroundColor>-16777216</backgroundColor>
<lineWidth>1</lineWidth>
<points>
<point x="321" y="55"/>
<point x="279" y="55"/>
</points>
</Connector>
<Connector class="oracle.dbtools.crest.swingui.relational.TVFKRelation" oid="CD9B6703-3A24-A737-208F-04C813FF1595" otype="FKIndexAssociation" vid_source="10518AD8-0599-5EF0-F064-589CCD667C78" vid_target="EB704636-5399-F49E-7813-C2F6AAAE822C">
<hideElementsInCurrentOnly>false</hideElementsInCurrentOnly>
<backgroundColor>-16777216</backgroundColor>
<lineWidth>1</lineWidth>
<points>
<point x="1596" y="502"/>
<point x="1523" y="502"/>
</points>
</Connector>
<Connector class="oracle.dbtools.crest.swingui.relational.TVFKRelation" oid="E18E1522-9533-DFAF-C22C-D7662F0B7939" otype="FKIndexAssociation" vid_source="4BD15525-C7E4-3CF8-C566-2FCE864BDF77" vid_target="F0D00454-6962-0B07-18F9-85009B5CB4F5">
<hideElementsInCurrentOnly>false</hideElementsInCurrentOnly>
<backgroundColor>-16777216</backgroundColor>
<lineWidth>1</lineWidth>
<points>
<point x="716" y="141"/>
<point x="716" y="237"/>
</points>
</Connector>
<Connector class="oracle.dbtools.crest.swingui.relational.TVFKRelation" oid="F99EF5B3-19E9-8F88-1C2E-C2EB725065BF" otype="FKIndexAssociation" vid_source="D182F4F1-A6BA-09EE-B3BF-DF80F51156B3" vid_target="D0FD1F62-DBB3-FB28-D89A-4BF504094D54">
<hideElementsInCurrentOnly>false</hideElementsInCurrentOnly>
<backgroundColor>-16777216</backgroundColor>
<lineWidth>1</lineWidth>
<points>
<point x="1048" y="96"/>
<point x="1260" y="221"/>
</points>
</Connector>
</connectors>
<arcs>
<Arc class="oracle.dbtools.crest.swingui.relational.TVFKArc" oid="982F6943-2EF7-F652-35FD-E535F38F4F1D" otype="FKArc" vid="C2F4AD9C-6CBA-9FF3-ABAD-D6062C43E682">
<hideElementsInCurrentOnly>false</hideElementsInCurrentOnly>
<bounds x="-17" y="-20" width="316" height="220"/>
</Arc>
</arcs>
</Diagram>