<?xml version = '1.0' encoding = 'UTF-8'?>
<FKIndexAssociation class="oracle.dbtools.crest.model.design.relational.FKIndexAssociation" directorySegmentName="seg_0" id="11C3DF3E-F00B-035F-4490-9969966D84A2" containerWithKeyObject="D2506B67-823F-018D-871C-D78C862A45F0" localFKIndex="E183F0B3-D07C-CA2C-A984-F0C2175FC2D2" name="DITE_ZAKAZNIK_FK">
<createdBy>matej</createdBy>
<createdTime>2019-05-06 11:56:16 UTC</createdTime>
<generatorID>9C4378D8-E404-C39A-C9CB-83C34F0171C5</generatorID>
<ownerDesignName>hokus-pokus</ownerDesignName>
<referredTableLongName>ZAKAZNIK</referredTableLongName>
<deleteRule>NO ACTION</deleteRule>
<referredTableID>B14ABAF5-5DC8-D0DB-C723-EA10E10D8600</referredTableID>
<keyObject>D6453FF8-CE6F-7429-AB1E-D14B483EE11C</keyObject>
<referredKeyID>D6453FF8-CE6F-7429-AB1E-D14B483EE11C</referredKeyID>
<mandatory>true</mandatory>
<refColNames>ID_ZAKAZNIK</refColNames>
<transferable>true</transferable>
<rely>false</rely>
<columnDependencyConstraintGenerateInDDL>true</columnDependencyConstraintGenerateInDDL>
</FKIndexAssociation>