<?xml version = '1.0' encoding = 'UTF-8'?>
<FKIndexAssociation class="oracle.dbtools.crest.model.design.relational.FKIndexAssociation" directorySegmentName="seg_0" id="1CB05F49-6504-5851-38C9-58C18979F2EF" containerWithKeyObject="8262C80C-957D-B8C4-8992-BE899EC3090C" localFKIndex="C0118738-7340-DBC4-F526-31FD4E654E11" name="OBJ_VYB_LYZ_BOTY_OBJ_VYB_FK">
<createdBy>matej</createdBy>
<createdTime>2019-05-06 11:56:16 UTC</createdTime>
<generatorID>F4E62A9C-E72A-6111-DDCB-91B56301EF7F</generatorID>
<ownerDesignName>hokus-pokus</ownerDesignName>
<referredTableLongName>OBJEDNAVKA_VYBAVENI</referredTableLongName>
<deleteRule>NO ACTION</deleteRule>
<referredTableID>C01017D5-2335-E4F3-0601-4BBF8BBE26A5</referredTableID>
<keyObject>3AEF3E99-B761-43B5-2010-6568F2561AD9</keyObject>
<referredKeyID>3AEF3E99-B761-43B5-2010-6568F2561AD9</referredKeyID>
<mandatory>true</mandatory>
<refColNames>ID_OBJEDNAVKA_VYBAVENI</refColNames>
<transferable>true</transferable>
<rely>false</rely>
<columnDependencyConstraintGenerateInDDL>true</columnDependencyConstraintGenerateInDDL>
</FKIndexAssociation>