<?xml version = '1.0' encoding = 'UTF-8'?>
<FKIndexAssociation class="oracle.dbtools.crest.model.design.relational.FKIndexAssociation" directorySegmentName="seg_0" id="424ED534-6D06-ADFD-3ABC-57C00C9379B0" containerWithKeyObject="719AC859-D85C-8710-7496-E4C5D44B2DB9" localFKIndex="AC3E3AB6-ECD4-219E-3DFC-4A848C47C615" name="INSTRUKTOR_HOD_INSTRUKTOR_FK">
<createdBy>matej</createdBy>
<createdTime>2019-05-06 11:56:16 UTC</createdTime>
<generatorID>61A1CB80-F3DC-81B6-B1DB-9B9E7554782A</generatorID>
<ownerDesignName>hokus-pokus</ownerDesignName>
<referredTableLongName>INSTRUKTOR</referredTableLongName>
<deleteRule>NO ACTION</deleteRule>
<referredTableID>34A21B34-533A-F044-6F0F-B82629937070</referredTableID>
<keyObject>F89BA5C8-DA06-E1A8-C465-9ED8231E3EF5</keyObject>
<referredKeyID>F89BA5C8-DA06-E1A8-C465-9ED8231E3EF5</referredKeyID>
<mandatory>true</mandatory>
<refColNames>ID_ZAMESTNANEC</refColNames>
<transferable>true</transferable>
<rely>false</rely>
<columnDependencyConstraintGenerateInDDL>true</columnDependencyConstraintGenerateInDDL>
</FKIndexAssociation>