<?xml version = '1.0' encoding = 'UTF-8'?>
<FKIndexAssociation class="oracle.dbtools.crest.model.design.relational.FKIndexAssociation" directorySegmentName="seg_0" id="43697D17-8C2A-EE1F-829D-420FFEC502DB" containerWithKeyObject="AAD84C8F-C184-E190-74AB-A6A93C3A5018" localFKIndex="BF4BEAAC-6FE8-ECCA-0070-E494BFD89577" name="OBJ_VYB_PRILBA_PRILBA_FK">
<createdBy>matej</createdBy>
<createdTime>2019-05-06 11:56:16 UTC</createdTime>
<generatorID>C9FF870C-3EB1-114A-F8F7-DE042F7EFFB7</generatorID>
<ownerDesignName>hokus-pokus</ownerDesignName>
<referredTableLongName>PRILBA</referredTableLongName>
<deleteRule>NO ACTION</deleteRule>
<referredTableID>9B45D761-DE99-EEF4-397E-9CF8B800F2EF</referredTableID>
<keyObject>19AEF14B-4F1C-9E89-DE3F-73DBF2414D8C</keyObject>
<referredKeyID>19AEF14B-4F1C-9E89-DE3F-73DBF2414D8C</referredKeyID>
<mandatory>true</mandatory>
<refColNames>ID_PRILBA</refColNames>
<transferable>true</transferable>
<rely>false</rely>
<columnDependencyConstraintGenerateInDDL>true</columnDependencyConstraintGenerateInDDL>
</FKIndexAssociation>