<?xml version = '1.0' encoding = 'UTF-8'?>
<FKIndexAssociation class="oracle.dbtools.crest.model.design.relational.FKIndexAssociation" directorySegmentName="seg_0" id="46690415-900A-F6B7-1721-9E231676756B" containerWithKeyObject="7344F14F-7135-BB3E-04F8-35CC561D270D" localFKIndex="4E0CD39C-A299-6CBF-818E-CB388629F7D6" name="OBJ_VYB_SNB_BOTY_SNB_BOTY_FK">
<createdBy>matej</createdBy>
<createdTime>2019-05-06 11:56:16 UTC</createdTime>
<generatorID>DBE15FDE-DFA1-083B-4F31-C149EE981BE8</generatorID>
<ownerDesignName>hokus-pokus</ownerDesignName>
<referredTableLongName>SNOWBOARDOVE_BOTY</referredTableLongName>
<deleteRule>NO ACTION</deleteRule>
<referredTableID>F1D8DE6F-7444-4CE2-C416-BD3E7A88E67F</referredTableID>
<keyObject>03E8E7F6-2F96-481B-39B7-B12725EF7FF9</keyObject>
<referredKeyID>03E8E7F6-2F96-481B-39B7-B12725EF7FF9</referredKeyID>
<mandatory>true</mandatory>
<refColNames>ID_SNOWBOARDOVE_BOTY</refColNames>
<transferable>true</transferable>
<rely>false</rely>
<columnDependencyConstraintGenerateInDDL>true</columnDependencyConstraintGenerateInDDL>
</FKIndexAssociation>