<?xml version = '1.0' encoding = 'UTF-8'?>
<FKIndexAssociation class="oracle.dbtools.crest.model.design.relational.FKIndexAssociation" directorySegmentName="seg_0" id="4D05DD5B-8F41-DD21-3BB1-57CD4C8289C1" containerWithKeyObject="644BC2C8-83FC-D1C0-C956-A26A4718A1E5" localFKIndex="C1697232-B378-9135-B503-5C83FB5C9F54" name="OBJ_VYB_LYZE_LYZE_FK">
<createdBy>matej</createdBy>
<createdTime>2019-05-06 11:56:16 UTC</createdTime>
<generatorID>4DF8FE91-ECDF-FFF5-1899-196D19553486</generatorID>
<ownerDesignName>hokus-pokus</ownerDesignName>
<referredTableLongName>LYZE</referredTableLongName>
<deleteRule>NO ACTION</deleteRule>
<referredTableID>EE52C39C-8A74-4C4E-7240-7B9B88F2C40B</referredTableID>
<keyObject>D73782B4-1C2A-36A3-40FC-100F36A2C166</keyObject>
<referredKeyID>D73782B4-1C2A-36A3-40FC-100F36A2C166</referredKeyID>
<mandatory>true</mandatory>
<refColNames>ID_LYZE</refColNames>
<transferable>true</transferable>
<rely>false</rely>
<columnDependencyConstraintGenerateInDDL>true</columnDependencyConstraintGenerateInDDL>
</FKIndexAssociation>