<?xml version = '1.0' encoding = 'UTF-8'?>
<FKIndexAssociation class="oracle.dbtools.crest.model.design.relational.FKIndexAssociation" directorySegmentName="seg_0" id="54B2E909-85B6-08EF-F283-FAE06D9023BC" containerWithKeyObject="7BECF0B0-D18D-5A30-8DF8-7B50B8EAABC2" localFKIndex="9D47FEEC-E400-C9D1-1593-C4B07BA6B6F8" name="BOUDAR_ZAMESTNANEC_FK">
<createdBy>matej</createdBy>
<createdTime>2019-05-06 11:56:16 UTC</createdTime>
<generatorID>CEFD293B-5BF9-552F-6E78-119642692DC9</generatorID>
<ownerDesignName>hokus-pokus</ownerDesignName>
<referredTableLongName>ZAMESTNANEC</referredTableLongName>
<arc>982F6943-2EF7-F652-35FD-E535F38F4F1D</arc>
<deleteRule>NO ACTION</deleteRule>
<referredTableID>49B893E8-78FB-6C2B-8D2A-ACA87981A911</referredTableID>
<keyObject>F3FB4974-C33B-4C39-2356-4320710F3DCA</keyObject>
<referredKeyID>F3FB4974-C33B-4C39-2356-4320710F3DCA</referredKeyID>
<mandatory>true</mandatory>
<refColNames>ID_ZAMESTNANEC</refColNames>
<transferable>true</transferable>
<rely>false</rely>
<discriminatorValue>BOUDAR</discriminatorValue>
<columnDependencyConstraintGenerateInDDL>true</columnDependencyConstraintGenerateInDDL>
</FKIndexAssociation>