<?xml version = '1.0' encoding = 'UTF-8'?>
<FKIndexAssociation class="oracle.dbtools.crest.model.design.relational.FKIndexAssociation" directorySegmentName="seg_0" id="74BB395B-4651-C003-1774-39F2277A90D5" containerWithKeyObject="027FA657-1A21-BE49-1015-1D5BD271A3F1" localFKIndex="8BA27589-A3DF-9D01-50D9-3D31539F6435" name="OBJ_VYB_HULKY_HULKY_FK">
<createdBy>matej</createdBy>
<createdTime>2019-05-06 11:56:16 UTC</createdTime>
<generatorID>8FEDBDC3-1D4B-B641-A951-50A829EC24C6</generatorID>
<ownerDesignName>hokus-pokus</ownerDesignName>
<referredTableLongName>HULKY</referredTableLongName>
<deleteRule>NO ACTION</deleteRule>
<referredTableID>4031BE77-E293-E340-24C3-A6455A70142A</referredTableID>
<keyObject>D3122E0A-2B21-A113-0516-8EBD4722A939</keyObject>
<referredKeyID>D3122E0A-2B21-A113-0516-8EBD4722A939</referredKeyID>
<mandatory>true</mandatory>
<refColNames>ID_HULKY</refColNames>
<transferable>true</transferable>
<rely>false</rely>
<columnDependencyConstraintGenerateInDDL>true</columnDependencyConstraintGenerateInDDL>
</FKIndexAssociation>