<?xml version = '1.0' encoding = 'UTF-8'?>
<FKIndexAssociation class="oracle.dbtools.crest.model.design.relational.FKIndexAssociation" directorySegmentName="seg_0" id="7728469A-FAAA-72E3-A29A-92566E16A70F" containerWithKeyObject="B14ABAF5-5DC8-D0DB-C723-EA10E10D8600" localFKIndex="08EFC7CA-5F78-568C-72EF-1C8E8EF2C9C8" name="ZAKAZNIK_ADRESA_FK">
<createdBy>matej</createdBy>
<createdTime>2019-05-06 11:56:16 UTC</createdTime>
<generatorID>68A0BB93-B6D0-4C0B-6188-CE3CD3EEC4F5</generatorID>
<ownerDesignName>hokus-pokus</ownerDesignName>
<referredTableLongName>ADRESA</referredTableLongName>
<deleteRule>NO ACTION</deleteRule>
<referredTableID>F5BA23B9-6DBE-CE1D-5838-D81360613008</referredTableID>
<keyObject>B500B560-3ED1-0FBC-2BBB-ED155BC33BC6</keyObject>
<referredKeyID>B500B560-3ED1-0FBC-2BBB-ED155BC33BC6</referredKeyID>
<mandatory>true</mandatory>
<refColNames>ID_ADRESA</refColNames>
<transferable>true</transferable>
<rely>false</rely>
<columnDependencyConstraintGenerateInDDL>true</columnDependencyConstraintGenerateInDDL>
</FKIndexAssociation>