<?xml version = '1.0' encoding = 'UTF-8'?>
<FKIndexAssociation class="oracle.dbtools.crest.model.design.relational.FKIndexAssociation" directorySegmentName="seg_0" id="7DFE464F-1D07-0AB4-B174-DBF0B81A431F" containerWithKeyObject="29AE118D-1F59-7F0A-D7FB-18FEDA6E9396" localFKIndex="B78A756D-E475-2534-14D2-C7ADB61796DE" name="HOD_VYUKY_OBJ_VYUKY_FK">
<createdBy>matej</createdBy>
<createdTime>2019-05-06 11:56:16 UTC</createdTime>
<generatorID>18AC3865-7FC4-22B1-1D7E-43EA4ACB93A3</generatorID>
<ownerDesignName>hokus-pokus</ownerDesignName>
<referredTableLongName>OBJEDNAVKA_VYUKY</referredTableLongName>
<deleteRule>NO ACTION</deleteRule>
<referredTableID>F49D107F-0538-0EBF-09BC-8D593FF6536C</referredTableID>
<keyObject>09BCC041-1CEA-BFB5-B83F-35EA72D1A9E4</keyObject>
<referredKeyID>09BCC041-1CEA-BFB5-B83F-35EA72D1A9E4</referredKeyID>
<mandatory>true</mandatory>
<refColNames>ID_OBJEDNAVKA_VYUKY</refColNames>
<transferable>true</transferable>
<rely>false</rely>
<columnDependencyConstraintGenerateInDDL>true</columnDependencyConstraintGenerateInDDL>
</FKIndexAssociation>