<?xml version = '1.0' encoding = 'UTF-8'?>
<FKIndexAssociation class="oracle.dbtools.crest.model.design.relational.FKIndexAssociation" directorySegmentName="seg_0" id="88D5E7B8-AA46-5CE1-0A69-D7553ACF7DE2" containerWithKeyObject="719AC859-D85C-8710-7496-E4C5D44B2DB9" localFKIndex="F770E0C7-93FB-4BF8-A99D-FB399772E2CE" name="INSTRUKTOR_HOD_HOD_VYUKY_FK">
<createdBy>matej</createdBy>
<createdTime>2019-05-06 11:56:16 UTC</createdTime>
<generatorID>61A1CB80-F3DC-81B6-B1DB-9B9E7554782A</generatorID>
<ownerDesignName>hokus-pokus</ownerDesignName>
<referredTableLongName>HODINA_VYUKY</referredTableLongName>
<deleteRule>NO ACTION</deleteRule>
<referredTableID>29AE118D-1F59-7F0A-D7FB-18FEDA6E9396</referredTableID>
<keyObject>44B421AD-4496-4B29-7968-2852F4F77934</keyObject>
<referredKeyID>44B421AD-4496-4B29-7968-2852F4F77934</referredKeyID>
<mandatory>true</mandatory>
<refColNames>ID_HODINA_VYUKY,OBJ_VYUKY_ID_OBJ_VYUKY</refColNames>
<transferable>true</transferable>
<rely>false</rely>
<columnDependencyConstraintGenerateInDDL>true</columnDependencyConstraintGenerateInDDL>
</FKIndexAssociation>