<?xml version = '1.0' encoding = 'UTF-8'?>
<FKIndexAssociation class="oracle.dbtools.crest.model.design.relational.FKIndexAssociation" directorySegmentName="seg_0" id="8BD0C2C1-3249-6E0C-1D53-86421C20F804" containerWithKeyObject="027FA657-1A21-BE49-1015-1D5BD271A3F1" localFKIndex="AB2B18DF-0BCC-AD2D-77C0-83216FE7286D" name="OBJ_VYB_HULKY_OBJ_VYB_FK">
<createdBy>matej</createdBy>
<createdTime>2019-05-06 11:56:16 UTC</createdTime>
<generatorID>8FEDBDC3-1D4B-B641-A951-50A829EC24C6</generatorID>
<ownerDesignName>hokus-pokus</ownerDesignName>
<referredTableLongName>OBJEDNAVKA_VYBAVENI</referredTableLongName>
<deleteRule>NO ACTION</deleteRule>
<referredTableID>C01017D5-2335-E4F3-0601-4BBF8BBE26A5</referredTableID>
<keyObject>3AEF3E99-B761-43B5-2010-6568F2561AD9</keyObject>
<referredKeyID>3AEF3E99-B761-43B5-2010-6568F2561AD9</referredKeyID>
<mandatory>true</mandatory>
<refColNames>ID_OBJEDNAVKA_VYBAVENI</refColNames>
<transferable>true</transferable>
<rely>false</rely>
<columnDependencyConstraintGenerateInDDL>true</columnDependencyConstraintGenerateInDDL>
</FKIndexAssociation>