<?xml version = '1.0' encoding = 'UTF-8'?>
<FKIndexAssociation class="oracle.dbtools.crest.model.design.relational.FKIndexAssociation" directorySegmentName="seg_0" id="9840ECC8-2941-39FD-A32B-71846E8EA749" containerWithKeyObject="75EC752A-AEF9-8AD4-06EB-A9D8AF48DC7E" localFKIndex="7784BBBA-350C-CA59-CD64-30F472AFFE62" name="OBJ_VYB_DITE_DITE_FK">
<createdBy>matej</createdBy>
<createdTime>2019-05-06 11:56:16 UTC</createdTime>
<generatorID>FA533DB7-4DD1-25E8-F9F7-9D14F1F96D84</generatorID>
<ownerDesignName>hokus-pokus</ownerDesignName>
<referredTableLongName>DITE</referredTableLongName>
<deleteRule>NO ACTION</deleteRule>
<referredTableID>D2506B67-823F-018D-871C-D78C862A45F0</referredTableID>
<keyObject>7CC90FF3-1AC7-4778-3673-80BB4BEAAF45</keyObject>
<referredKeyID>7CC90FF3-1AC7-4778-3673-80BB4BEAAF45</referredKeyID>
<mandatory>true</mandatory>
<refColNames>ID_DITE,ZAKAZNIK_ID_ZAKAZNIK</refColNames>
<transferable>true</transferable>
<rely>false</rely>
<columnDependencyConstraintGenerateInDDL>true</columnDependencyConstraintGenerateInDDL>
</FKIndexAssociation>