<?xml version = '1.0' encoding = 'UTF-8'?>
<FKIndexAssociation class="oracle.dbtools.crest.model.design.relational.FKIndexAssociation" directorySegmentName="seg_0" id="9976F663-C810-B189-99CE-2823281608F7" containerWithKeyObject="644BC2C8-83FC-D1C0-C956-A26A4718A1E5" localFKIndex="93A77CD4-F9A2-A2D4-B14B-EE94FBE4621C" name="OBJ_VYB_LYZE_OBJ_VYB_FK">
<createdBy>matej</createdBy>
<createdTime>2019-05-06 11:56:16 UTC</createdTime>
<generatorID>4DF8FE91-ECDF-FFF5-1899-196D19553486</generatorID>
<ownerDesignName>hokus-pokus</ownerDesignName>
<referredTableLongName>OBJEDNAVKA_VYBAVENI</referredTableLongName>
<deleteRule>NO ACTION</deleteRule>
<referredTableID>C01017D5-2335-E4F3-0601-4BBF8BBE26A5</referredTableID>
<keyObject>3AEF3E99-B761-43B5-2010-6568F2561AD9</keyObject>
<referredKeyID>3AEF3E99-B761-43B5-2010-6568F2561AD9</referredKeyID>
<mandatory>true</mandatory>
<refColNames>ID_OBJEDNAVKA_VYBAVENI</refColNames>
<transferable>true</transferable>
<rely>false</rely>
<columnDependencyConstraintGenerateInDDL>true</columnDependencyConstraintGenerateInDDL>
</FKIndexAssociation>