<?xml version = '1.0' encoding = 'UTF-8'?>
<FKIndexAssociation class="oracle.dbtools.crest.model.design.relational.FKIndexAssociation" directorySegmentName="seg_0" id="9F0FA893-0BA7-A771-59A4-10934F792BAA" containerWithKeyObject="8262C80C-957D-B8C4-8992-BE899EC3090C" localFKIndex="C6F5356D-69D2-F6C5-0AB4-E6ECA2B259BF" name="OBJ_VYB_LYZ_BOTY_LYZ_BOTY_FK">
<createdBy>matej</createdBy>
<createdTime>2019-05-06 11:56:16 UTC</createdTime>
<generatorID>F4E62A9C-E72A-6111-DDCB-91B56301EF7F</generatorID>
<ownerDesignName>hokus-pokus</ownerDesignName>
<referredTableLongName>LYZARSKE_BOTY</referredTableLongName>
<deleteRule>NO ACTION</deleteRule>
<referredTableID>1A280D3D-9263-D8D3-8106-57FF9275A26F</referredTableID>
<keyObject>D3A2DC9E-45A1-13E3-4D24-F78FC39AE061</keyObject>
<referredKeyID>D3A2DC9E-45A1-13E3-4D24-F78FC39AE061</referredKeyID>
<mandatory>true</mandatory>
<refColNames>ID_LYZARSKE_BOTY</refColNames>
<transferable>true</transferable>
<rely>false</rely>
<columnDependencyConstraintGenerateInDDL>true</columnDependencyConstraintGenerateInDDL>
</FKIndexAssociation>