<?xml version = '1.0' encoding = 'UTF-8'?>
<FKIndexAssociation class="oracle.dbtools.crest.model.design.relational.FKIndexAssociation" directorySegmentName="seg_0" id="A69D2FD6-BCA8-C0AF-3A83-054045924C26" containerWithKeyObject="34A21B34-533A-F044-6F0F-B82629937070" localFKIndex="55EE2A78-12F3-A7EF-F204-FC507868F39C" name="INSTRUKTOR_ZAMESTNANEC_FK">
<createdBy>matej</createdBy>
<createdTime>2019-05-06 11:56:16 UTC</createdTime>
<generatorID>E17AE7EA-65DA-04F8-F0F8-D043596A2BD3</generatorID>
<ownerDesignName>hokus-pokus</ownerDesignName>
<referredTableLongName>ZAMESTNANEC</referredTableLongName>
<arc>982F6943-2EF7-F652-35FD-E535F38F4F1D</arc>
<deleteRule>NO ACTION</deleteRule>
<referredTableID>49B893E8-78FB-6C2B-8D2A-ACA87981A911</referredTableID>
<keyObject>F3FB4974-C33B-4C39-2356-4320710F3DCA</keyObject>
<referredKeyID>F3FB4974-C33B-4C39-2356-4320710F3DCA</referredKeyID>
<mandatory>true</mandatory>
<refColNames>ID_ZAMESTNANEC</refColNames>
<transferable>true</transferable>
<rely>false</rely>
<discriminatorValue>INSTRUKTOR</discriminatorValue>
<columnDependencyConstraintGenerateInDDL>true</columnDependencyConstraintGenerateInDDL>
</FKIndexAssociation>