<?xml version = '1.0' encoding = 'UTF-8'?>
<FKIndexAssociation class="oracle.dbtools.crest.model.design.relational.FKIndexAssociation" directorySegmentName="seg_0" id="B2BD9FD7-1272-7371-BCC3-F1A2ED67A7BB" containerWithKeyObject="A7B0622C-61AB-FCD0-775C-720209821D59" localFKIndex="2DE349D6-A7E0-61CA-7795-753EAA99F3BD" name="OBJ_VYB_SNB_OBJ_VYB_FK">
<createdBy>matej</createdBy>
<createdTime>2019-05-06 11:56:16 UTC</createdTime>
<generatorID>8990F48D-E725-1C30-F18E-CB858B720EDC</generatorID>
<ownerDesignName>hokus-pokus</ownerDesignName>
<referredTableLongName>OBJEDNAVKA_VYBAVENI</referredTableLongName>
<deleteRule>NO ACTION</deleteRule>
<referredTableID>C01017D5-2335-E4F3-0601-4BBF8BBE26A5</referredTableID>
<keyObject>3AEF3E99-B761-43B5-2010-6568F2561AD9</keyObject>
<referredKeyID>3AEF3E99-B761-43B5-2010-6568F2561AD9</referredKeyID>
<mandatory>true</mandatory>
<refColNames>ID_OBJEDNAVKA_VYBAVENI</refColNames>
<transferable>true</transferable>
<rely>false</rely>
<columnDependencyConstraintGenerateInDDL>true</columnDependencyConstraintGenerateInDDL>
</FKIndexAssociation>