<?xml version = '1.0' encoding = 'UTF-8'?>
<FKIndexAssociation class="oracle.dbtools.crest.model.design.relational.FKIndexAssociation" directorySegmentName="seg_0" id="B84120BB-359E-D17B-D683-51D069BDD150" containerWithKeyObject="49B893E8-78FB-6C2B-8D2A-ACA87981A911" localFKIndex="B6183AF3-9762-D920-8592-6E26370B152D" name="ZAMESTNANEC_ADRESA_FK">
<createdBy>matej</createdBy>
<createdTime>2019-05-06 11:56:16 UTC</createdTime>
<generatorID>2973FA41-F88A-DCB4-C77A-3C511BF4105D</generatorID>
<ownerDesignName>hokus-pokus</ownerDesignName>
<referredTableLongName>ADRESA</referredTableLongName>
<deleteRule>NO ACTION</deleteRule>
<referredTableID>F5BA23B9-6DBE-CE1D-5838-D81360613008</referredTableID>
<keyObject>B500B560-3ED1-0FBC-2BBB-ED155BC33BC6</keyObject>
<referredKeyID>B500B560-3ED1-0FBC-2BBB-ED155BC33BC6</referredKeyID>
<mandatory>true</mandatory>
<refColNames>ID_ADRESA</refColNames>
<transferable>true</transferable>
<rely>false</rely>
<columnDependencyConstraintGenerateInDDL>true</columnDependencyConstraintGenerateInDDL>
</FKIndexAssociation>