<?xml version = '1.0' encoding = 'UTF-8'?>
<FKIndexAssociation class="oracle.dbtools.crest.model.design.relational.FKIndexAssociation" directorySegmentName="seg_0" id="CD9B6703-3A24-A737-208F-04C813FF1595" containerWithKeyObject="A7B0622C-61AB-FCD0-775C-720209821D59" localFKIndex="7ED4BA55-7FC4-A988-E9EE-326597B97333" name="OBJ_VYB_SNB_SNB_FK">
<createdBy>matej</createdBy>
<createdTime>2019-05-06 11:56:16 UTC</createdTime>
<generatorID>8990F48D-E725-1C30-F18E-CB858B720EDC</generatorID>
<ownerDesignName>hokus-pokus</ownerDesignName>
<referredTableLongName>SNOWBOARD</referredTableLongName>
<deleteRule>NO ACTION</deleteRule>
<referredTableID>6F19B5A5-0FDE-060C-A727-A4DB78BB645E</referredTableID>
<keyObject>D0888719-75A6-8806-C3C3-66BECF3AF17F</keyObject>
<referredKeyID>D0888719-75A6-8806-C3C3-66BECF3AF17F</referredKeyID>
<mandatory>true</mandatory>
<refColNames>ID_SNOWBOARD</refColNames>
<transferable>true</transferable>
<rely>false</rely>
<columnDependencyConstraintGenerateInDDL>true</columnDependencyConstraintGenerateInDDL>
</FKIndexAssociation>