<?xml version = '1.0' encoding = 'UTF-8'?>
<FKIndexAssociation class="oracle.dbtools.crest.model.design.relational.FKIndexAssociation" directorySegmentName="seg_0" id="E18E1522-9533-DFAF-C22C-D7662F0B7939" containerWithKeyObject="F49D107F-0538-0EBF-09BC-8D593FF6536C" localFKIndex="FF214C1F-4D63-09E8-38F1-E1F694CE6677" name="OBJEDNAVKA_VYUKY_ZAKAZNIK_FK">
<createdBy>matej</createdBy>
<createdTime>2019-05-06 11:56:16 UTC</createdTime>
<generatorID>C2ABA625-836E-5882-B5DA-31C31AB341FF</generatorID>
<ownerDesignName>hokus-pokus</ownerDesignName>
<referredTableLongName>ZAKAZNIK</referredTableLongName>
<deleteRule>NO ACTION</deleteRule>
<referredTableID>B14ABAF5-5DC8-D0DB-C723-EA10E10D8600</referredTableID>
<keyObject>D6453FF8-CE6F-7429-AB1E-D14B483EE11C</keyObject>
<referredKeyID>D6453FF8-CE6F-7429-AB1E-D14B483EE11C</referredKeyID>
<mandatory>true</mandatory>
<refColNames>ID_ZAKAZNIK</refColNames>
<transferable>true</transferable>
<rely>false</rely>
<columnDependencyConstraintGenerateInDDL>true</columnDependencyConstraintGenerateInDDL>
</FKIndexAssociation>