<?xml version = '1.0' encoding = 'UTF-8'?>
<FKIndexAssociation class="oracle.dbtools.crest.model.design.relational.FKIndexAssociation" directorySegmentName="seg_0" id="F99EF5B3-19E9-8F88-1C2E-C2EB725065BF" containerWithKeyObject="7344F14F-7135-BB3E-04F8-35CC561D270D" localFKIndex="A5870CE6-71B8-02B7-F742-DAD99E8EDC24" name="OBJ_VYB_SNB_BOTY_OBJ_VYB_FK">
<createdBy>matej</createdBy>
<createdTime>2019-05-06 11:56:16 UTC</createdTime>
<generatorID>DBE15FDE-DFA1-083B-4F31-C149EE981BE8</generatorID>
<ownerDesignName>hokus-pokus</ownerDesignName>
<referredTableLongName>OBJEDNAVKA_VYBAVENI</referredTableLongName>
<deleteRule>NO ACTION</deleteRule>
<referredTableID>C01017D5-2335-E4F3-0601-4BBF8BBE26A5</referredTableID>
<keyObject>3AEF3E99-B761-43B5-2010-6568F2561AD9</keyObject>
<referredKeyID>3AEF3E99-B761-43B5-2010-6568F2561AD9</referredKeyID>
<mandatory>true</mandatory>
<refColNames>ID_OBJEDNAVKA_VYBAVENI</refColNames>
<transferable>true</transferable>
<rely>false</rely>
<columnDependencyConstraintGenerateInDDL>true</columnDependencyConstraintGenerateInDDL>
</FKIndexAssociation>