set echo off

prompt #-----------------------#
prompt #- Smazat vsechna data -#
prompt #-----------------------#

exec VYMAZ_DATA_VSECH_TABULEK;

prompt #----------------------#
prompt #- Vypnout cizi klice -#
prompt #----------------------#

exec VYPNI_CIZI_KLICE;

prompt #---------------#
prompt #- Vlozit data -#
prompt #---------------#

insert into ZAMESTNANEC (ID_ZAMESTNANEC, JMENO, PRIJMENI, TELEFON, EMAIL, DATUM_NASTUPU, PLAT, ADRESA_ID_ADRESA, ZAMESTNANEC_TYPE) values (1, 'Tedmund', 'Ord', '274201179', 'tord0@miitbeian.gov.cn', '17.02.2019', 110, 1, 'BOUDAR');
insert into ZAMESTNANEC (ID_ZAMESTNANEC, JMENO, PRIJMENI, TELEFON, EMAIL, DATUM_NASTUPU, PLAT, ADRESA_ID_ADRESA, ZAMESTNANEC_TYPE) values (2, 'Les', 'Lysaght', '388668834', 'llysaght1@usda.gov', '11.02.2019', 180, 2, 'BOUDAR');
insert into ZAMESTNANEC (ID_ZAMESTNANEC, JMENO, PRIJMENI, TELEFON, EMAIL, DATUM_NASTUPU, PLAT, ADRESA_ID_ADRESA, ZAMESTNANEC_TYPE) values (3, 'Teodora', 'Hancke', '913123321', 'thancke2@baidu.com', '29.11.2018', 110, 3, 'BOUDAR');
insert into ZAMESTNANEC (ID_ZAMESTNANEC, JMENO, PRIJMENI, TELEFON, EMAIL, DATUM_NASTUPU, PLAT, ADRESA_ID_ADRESA, ZAMESTNANEC_TYPE) values (4, 'Mattias', 'Embleton', '143866090', 'membleton3@bing.com', '27.12.2018', 170, 4, 'BOUDAR');
insert into ZAMESTNANEC (ID_ZAMESTNANEC, JMENO, PRIJMENI, TELEFON, EMAIL, DATUM_NASTUPU, PLAT, ADRESA_ID_ADRESA, ZAMESTNANEC_TYPE) values (5, 'Lolly', 'Pleasaunce', '366590903', 'lpleasaunce4@yelp.com', '28.11.2018', 190, 5, 'BOUDAR');
insert into ZAMESTNANEC (ID_ZAMESTNANEC, JMENO, PRIJMENI, TELEFON, EMAIL, DATUM_NASTUPU, PLAT, ADRESA_ID_ADRESA, ZAMESTNANEC_TYPE) values (6, 'Neile', 'Leeves', '025687229', 'nleeves5@wunderground.com', '31.01.2019', 160, 6, 'BOUDAR');
insert into ZAMESTNANEC (ID_ZAMESTNANEC, JMENO, PRIJMENI, TELEFON, EMAIL, DATUM_NASTUPU, PLAT, ADRESA_ID_ADRESA, ZAMESTNANEC_TYPE) values (7, 'Ronald', 'Drinkel', '105271712', 'rdrinkel6@wikipedia.org', '08.01.2019', 110, 7, 'BOUDAR');
insert into ZAMESTNANEC (ID_ZAMESTNANEC, JMENO, PRIJMENI, TELEFON, EMAIL, DATUM_NASTUPU, PLAT, ADRESA_ID_ADRESA, ZAMESTNANEC_TYPE) values (8, 'Cassandre', 'Slight', '413187316', 'cslight7@microsoft.com', '10.12.2018', 160, 8, 'BOUDAR');
insert into ZAMESTNANEC (ID_ZAMESTNANEC, JMENO, PRIJMENI, TELEFON, EMAIL, DATUM_NASTUPU, PLAT, ADRESA_ID_ADRESA, ZAMESTNANEC_TYPE) values (9, 'Rene', 'Lared', '871932931', 'rlared8@foxnews.com', '21.01.2019', 160, 9, 'BOUDAR');
insert into ZAMESTNANEC (ID_ZAMESTNANEC, JMENO, PRIJMENI, TELEFON, EMAIL, DATUM_NASTUPU, PLAT, ADRESA_ID_ADRESA, ZAMESTNANEC_TYPE) values (10, 'Katherina', 'Casazza', '148231052', 'kcasazza9@bloglines.com', '12.01.2019', 180, 10, 'BOUDAR');
insert into ZAMESTNANEC (ID_ZAMESTNANEC, JMENO, PRIJMENI, TELEFON, EMAIL, DATUM_NASTUPU, PLAT, ADRESA_ID_ADRESA, ZAMESTNANEC_TYPE) values (11, 'Noellyn', 'Bedinham', '937528734', 'nbedinhama@printfriendly.com', '21.11.2018', 110, 11, 'BOUDAR');
insert into ZAMESTNANEC (ID_ZAMESTNANEC, JMENO, PRIJMENI, TELEFON, EMAIL, DATUM_NASTUPU, PLAT, ADRESA_ID_ADRESA, ZAMESTNANEC_TYPE) values (12, 'Breena', 'Cromley', '476606624', 'bcromleyb@apple.com', '25.01.2019', '100', 12, 'BOUDAR');
insert into ZAMESTNANEC (ID_ZAMESTNANEC, JMENO, PRIJMENI, TELEFON, EMAIL, DATUM_NASTUPU, PLAT, ADRESA_ID_ADRESA, ZAMESTNANEC_TYPE) values (13, 'Bennett', 'Connechie', '546998571', 'bconnechiec@hibu.com', '30.11.2018', 190, 13, 'BOUDAR');
insert into ZAMESTNANEC (ID_ZAMESTNANEC, JMENO, PRIJMENI, TELEFON, EMAIL, DATUM_NASTUPU, PLAT, ADRESA_ID_ADRESA, ZAMESTNANEC_TYPE) values (14, 'Rafaela', 'Fawdery', '047494635', 'rfawderyd@fotki.com', '24.02.2019', '100', 14, 'BOUDAR');
insert into ZAMESTNANEC (ID_ZAMESTNANEC, JMENO, PRIJMENI, TELEFON, EMAIL, DATUM_NASTUPU, PLAT, ADRESA_ID_ADRESA, ZAMESTNANEC_TYPE) values (15, 'Sher', 'Solloway', '258241111', 'ssollowaye@storify.com', '12.12.2018', 180, 15, 'BOUDAR');
insert into ZAMESTNANEC (ID_ZAMESTNANEC, JMENO, PRIJMENI, TELEFON, EMAIL, DATUM_NASTUPU, PLAT, ADRESA_ID_ADRESA, ZAMESTNANEC_TYPE) values (16, 'Hadrian', 'Normaville', '410655005', 'hnormavillef@last.fm', '13.03.2019', 170, 16, 'BOUDAR');
insert into ZAMESTNANEC (ID_ZAMESTNANEC, JMENO, PRIJMENI, TELEFON, EMAIL, DATUM_NASTUPU, PLAT, ADRESA_ID_ADRESA, ZAMESTNANEC_TYPE) values (17, 'Welbie', 'Tuma', '895290471', 'wtumag@csmonitor.com', '30.12.2018', 170, 17, 'BOUDAR');
insert into ZAMESTNANEC (ID_ZAMESTNANEC, JMENO, PRIJMENI, TELEFON, EMAIL, DATUM_NASTUPU, PLAT, ADRESA_ID_ADRESA, ZAMESTNANEC_TYPE) values (18, 'Rozalie', 'Kless', '248574732', 'rklessh@smh.com.au', '09.12.2018', 160, 18, 'BOUDAR');
insert into ZAMESTNANEC (ID_ZAMESTNANEC, JMENO, PRIJMENI, TELEFON, EMAIL, DATUM_NASTUPU, PLAT, ADRESA_ID_ADRESA, ZAMESTNANEC_TYPE) values (19, 'Arabelle', 'Rosenkranc', '092545167', 'arosenkranci@list-manage.com', '21.12.2018', 170, 19, 'BOUDAR');
insert into ZAMESTNANEC (ID_ZAMESTNANEC, JMENO, PRIJMENI, TELEFON, EMAIL, DATUM_NASTUPU, PLAT, ADRESA_ID_ADRESA, ZAMESTNANEC_TYPE) values (20, 'Abbey', 'Elgy', '834978426', 'aelgyj@t.co', '01.02.2019', 170, 20, 'BOUDAR');
insert into ZAMESTNANEC (ID_ZAMESTNANEC, JMENO, PRIJMENI, TELEFON, EMAIL, DATUM_NASTUPU, PLAT, ADRESA_ID_ADRESA, ZAMESTNANEC_TYPE) values (21, 'Robbi', 'Johnys', '763975464', 'rjohnysk@merriam-webster.com', '15.11.2018', 160, 21, 'BOUDAR');
insert into ZAMESTNANEC (ID_ZAMESTNANEC, JMENO, PRIJMENI, TELEFON, EMAIL, DATUM_NASTUPU, PLAT, ADRESA_ID_ADRESA, ZAMESTNANEC_TYPE) values (22, 'Jeanette', 'Polson', '687884248', 'jpolsonl@ning.com', '12.01.2019', 160, 22, 'BOUDAR');
insert into ZAMESTNANEC (ID_ZAMESTNANEC, JMENO, PRIJMENI, TELEFON, EMAIL, DATUM_NASTUPU, PLAT, ADRESA_ID_ADRESA, ZAMESTNANEC_TYPE) values (23, 'Lincoln', 'Thecham', '233847426', 'lthechamm@ow.ly', '15.12.2018', '100', 23, 'BOUDAR');
insert into ZAMESTNANEC (ID_ZAMESTNANEC, JMENO, PRIJMENI, TELEFON, EMAIL, DATUM_NASTUPU, PLAT, ADRESA_ID_ADRESA, ZAMESTNANEC_TYPE) values (24, 'Noel', 'Bryden', '528786371', 'nbrydenn@auda.org.au', '31.12.2018', 150, 24, 'BOUDAR');
insert into ZAMESTNANEC (ID_ZAMESTNANEC, JMENO, PRIJMENI, TELEFON, EMAIL, DATUM_NASTUPU, PLAT, ADRESA_ID_ADRESA, ZAMESTNANEC_TYPE) values (25, 'Tiphani', 'Grieger', '250576428', 'tgriegero@ucoz.com', '26.01.2019', 130, 25, 'BOUDAR');
insert into ZAMESTNANEC (ID_ZAMESTNANEC, JMENO, PRIJMENI, TELEFON, EMAIL, DATUM_NASTUPU, PLAT, ADRESA_ID_ADRESA, ZAMESTNANEC_TYPE) values (26, 'Danyelle', 'Hardson', '061846088', 'dhardsonp@ovh.net', '22.11.2018', 150, 26, 'BOUDAR');
insert into ZAMESTNANEC (ID_ZAMESTNANEC, JMENO, PRIJMENI, TELEFON, EMAIL, DATUM_NASTUPU, PLAT, ADRESA_ID_ADRESA, ZAMESTNANEC_TYPE) values (27, 'Thedric', 'Oneal', '325624358', 'tonealq@vk.com', '09.03.2019', 110, 27, 'BOUDAR');
insert into ZAMESTNANEC (ID_ZAMESTNANEC, JMENO, PRIJMENI, TELEFON, EMAIL, DATUM_NASTUPU, PLAT, ADRESA_ID_ADRESA, ZAMESTNANEC_TYPE) values (28, 'Meghan', 'Handlin', '534423300', 'mhandlinr@geocities.com', '12.01.2019', 110, 28, 'BOUDAR');
insert into ZAMESTNANEC (ID_ZAMESTNANEC, JMENO, PRIJMENI, TELEFON, EMAIL, DATUM_NASTUPU, PLAT, ADRESA_ID_ADRESA, ZAMESTNANEC_TYPE) values (29, 'Quent', 'Dunn', '627157068', 'qdunns@bizjournals.com', '23.12.2018', 130, 29, 'BOUDAR');
insert into ZAMESTNANEC (ID_ZAMESTNANEC, JMENO, PRIJMENI, TELEFON, EMAIL, DATUM_NASTUPU, PLAT, ADRESA_ID_ADRESA, ZAMESTNANEC_TYPE) values (30, 'Irina', 'Barkworth', '935715857', 'ibarkwortht@smh.com.au', '28.01.2019', 130, 30, 'BOUDAR');
insert into ZAMESTNANEC (ID_ZAMESTNANEC, JMENO, PRIJMENI, TELEFON, EMAIL, DATUM_NASTUPU, PLAT, ADRESA_ID_ADRESA, ZAMESTNANEC_TYPE) values (31, 'Brianna', 'Trower', '072909467', 'btroweru@cam.ac.uk', '16.02.2019', 110, 31, 'BOUDAR');
insert into ZAMESTNANEC (ID_ZAMESTNANEC, JMENO, PRIJMENI, TELEFON, EMAIL, DATUM_NASTUPU, PLAT, ADRESA_ID_ADRESA, ZAMESTNANEC_TYPE) values (32, 'Jewel', 'Benn', '774959654', 'jbennv@xrea.com', '25.02.2019', 180, 32, 'BOUDAR');
insert into ZAMESTNANEC (ID_ZAMESTNANEC, JMENO, PRIJMENI, TELEFON, EMAIL, DATUM_NASTUPU, PLAT, ADRESA_ID_ADRESA, ZAMESTNANEC_TYPE) values (33, 'Ileane', 'Attack', '631661771', 'iattackw@squarespace.com', '12.03.2019', 190, 33, 'BOUDAR');
insert into ZAMESTNANEC (ID_ZAMESTNANEC, JMENO, PRIJMENI, TELEFON, EMAIL, DATUM_NASTUPU, PLAT, ADRESA_ID_ADRESA, ZAMESTNANEC_TYPE) values (34, 'Vanda', 'Fealey', '826027094', 'vfealeyx@prnewswire.com', '06.02.2019', 130, 34, 'BOUDAR');
insert into ZAMESTNANEC (ID_ZAMESTNANEC, JMENO, PRIJMENI, TELEFON, EMAIL, DATUM_NASTUPU, PLAT, ADRESA_ID_ADRESA, ZAMESTNANEC_TYPE) values (35, 'Ashly', 'McGarry', '218979175', 'amcgarryy@joomla.org', '29.12.2018', 190, 35, 'BOUDAR');
insert into ZAMESTNANEC (ID_ZAMESTNANEC, JMENO, PRIJMENI, TELEFON, EMAIL, DATUM_NASTUPU, PLAT, ADRESA_ID_ADRESA, ZAMESTNANEC_TYPE) values (36, 'Lianna', 'Markos', '153725679', 'lmarkosz@google.co.uk', '14.02.2019', 140, 36, 'BOUDAR');
insert into ZAMESTNANEC (ID_ZAMESTNANEC, JMENO, PRIJMENI, TELEFON, EMAIL, DATUM_NASTUPU, PLAT, ADRESA_ID_ADRESA, ZAMESTNANEC_TYPE) values (37, 'Helen-elizabeth', 'Blaby', '080869110', 'hblaby10@redcross.org', '19.02.2019', 140, 37, 'BOUDAR');
insert into ZAMESTNANEC (ID_ZAMESTNANEC, JMENO, PRIJMENI, TELEFON, EMAIL, DATUM_NASTUPU, PLAT, ADRESA_ID_ADRESA, ZAMESTNANEC_TYPE) values (38, 'Rorke', 'Peddel', '600020386', 'rpeddel11@reference.com', '06.01.2019', 190, 38, 'BOUDAR');
insert into ZAMESTNANEC (ID_ZAMESTNANEC, JMENO, PRIJMENI, TELEFON, EMAIL, DATUM_NASTUPU, PLAT, ADRESA_ID_ADRESA, ZAMESTNANEC_TYPE) values (39, 'Merla', 'Glaves', '465943791', 'mglaves12@jigsy.com', '10.12.2018', 150, 39, 'BOUDAR');
insert into ZAMESTNANEC (ID_ZAMESTNANEC, JMENO, PRIJMENI, TELEFON, EMAIL, DATUM_NASTUPU, PLAT, ADRESA_ID_ADRESA, ZAMESTNANEC_TYPE) values (40, 'Eberto', 'Penddreth', '542894048', 'ependdreth13@typepad.com', '15.11.2018', 110, 40, 'BOUDAR');
insert into ZAMESTNANEC (ID_ZAMESTNANEC, JMENO, PRIJMENI, TELEFON, EMAIL, DATUM_NASTUPU, PLAT, ADRESA_ID_ADRESA, ZAMESTNANEC_TYPE) values (41, 'Kingsly', 'Jiracek', '647659131', 'kjiracek14@un.org', '15.12.2018', '100', 41, 'BOUDAR');
insert into ZAMESTNANEC (ID_ZAMESTNANEC, JMENO, PRIJMENI, TELEFON, EMAIL, DATUM_NASTUPU, PLAT, ADRESA_ID_ADRESA, ZAMESTNANEC_TYPE) values (42, 'Hamil', 'Woofendell', '867613792', 'hwoofendell15@taobao.com', '21.12.2018', 110, 42, 'BOUDAR');
insert into ZAMESTNANEC (ID_ZAMESTNANEC, JMENO, PRIJMENI, TELEFON, EMAIL, DATUM_NASTUPU, PLAT, ADRESA_ID_ADRESA, ZAMESTNANEC_TYPE) values (43, 'Bree', 'Dyter', '511144888', 'bdyter16@vk.com', '19.11.2018', 110, 43, 'BOUDAR');
insert into ZAMESTNANEC (ID_ZAMESTNANEC, JMENO, PRIJMENI, TELEFON, EMAIL, DATUM_NASTUPU, PLAT, ADRESA_ID_ADRESA, ZAMESTNANEC_TYPE) values (44, 'Joyous', 'Ritelli', '754561031', 'jritelli17@tiny.cc', '04.12.2018', 110, 44, 'BOUDAR');
insert into ZAMESTNANEC (ID_ZAMESTNANEC, JMENO, PRIJMENI, TELEFON, EMAIL, DATUM_NASTUPU, PLAT, ADRESA_ID_ADRESA, ZAMESTNANEC_TYPE) values (45, 'Ogden', 'Dolley', '177622731', 'odolley18@parallels.com', '01.02.2019', 170, 45, 'BOUDAR');
insert into ZAMESTNANEC (ID_ZAMESTNANEC, JMENO, PRIJMENI, TELEFON, EMAIL, DATUM_NASTUPU, PLAT, ADRESA_ID_ADRESA, ZAMESTNANEC_TYPE) values (46, 'Alfy', 'Primak', '493289730', 'aprimak19@merriam-webster.com', '21.11.2018', 130, 46, 'BOUDAR');
insert into ZAMESTNANEC (ID_ZAMESTNANEC, JMENO, PRIJMENI, TELEFON, EMAIL, DATUM_NASTUPU, PLAT, ADRESA_ID_ADRESA, ZAMESTNANEC_TYPE) values (47, 'Karola', 'Pennigar', '390938321', 'kpennigar1a@yellowpages.com', '15.11.2018', 110, 47, 'BOUDAR');
insert into ZAMESTNANEC (ID_ZAMESTNANEC, JMENO, PRIJMENI, TELEFON, EMAIL, DATUM_NASTUPU, PLAT, ADRESA_ID_ADRESA, ZAMESTNANEC_TYPE) values (48, 'Karol', 'Boate', '472764108', 'kboate1b@nba.com', '28.12.2018', 180, 48, 'BOUDAR');
insert into ZAMESTNANEC (ID_ZAMESTNANEC, JMENO, PRIJMENI, TELEFON, EMAIL, DATUM_NASTUPU, PLAT, ADRESA_ID_ADRESA, ZAMESTNANEC_TYPE) values (49, 'Willdon', 'Follit', '541797062', 'wfollit1c@e-recht24.de', '21.11.2018', 110, 49, 'BOUDAR');
insert into ZAMESTNANEC (ID_ZAMESTNANEC, JMENO, PRIJMENI, TELEFON, EMAIL, DATUM_NASTUPU, PLAT, ADRESA_ID_ADRESA, ZAMESTNANEC_TYPE) values (50, 'Jerrilee', 'Kitman', '543106722', 'jkitman1d@liveinternet.ru', '24.12.2018', 130, 50, 'BOUDAR');
insert into ZAMESTNANEC (ID_ZAMESTNANEC, JMENO, PRIJMENI, TELEFON, EMAIL, DATUM_NASTUPU, PLAT, ADRESA_ID_ADRESA, ZAMESTNANEC_TYPE) values (51, 'Ibrahim', 'Jerdein', '691803304', 'ijerdein1e@globo.com', '15.01.2019', 110, 51, 'BOUDAR');
insert into ZAMESTNANEC (ID_ZAMESTNANEC, JMENO, PRIJMENI, TELEFON, EMAIL, DATUM_NASTUPU, PLAT, ADRESA_ID_ADRESA, ZAMESTNANEC_TYPE) values (52, 'Pet', 'Halford', '026915936', 'phalford1f@slideshare.net', '03.03.2019', 110, 52, 'BOUDAR');
insert into ZAMESTNANEC (ID_ZAMESTNANEC, JMENO, PRIJMENI, TELEFON, EMAIL, DATUM_NASTUPU, PLAT, ADRESA_ID_ADRESA, ZAMESTNANEC_TYPE) values (53, 'Hamish', 'Pittford', '201991802', 'hpittford1g@google.it', '24.11.2018', 170, 53, 'BOUDAR');
insert into ZAMESTNANEC (ID_ZAMESTNANEC, JMENO, PRIJMENI, TELEFON, EMAIL, DATUM_NASTUPU, PLAT, ADRESA_ID_ADRESA, ZAMESTNANEC_TYPE) values (54, 'Jonas', 'Measures', '518901973', 'jmeasures1h@addthis.com', '19.02.2019', 110, 54, 'BOUDAR');
insert into ZAMESTNANEC (ID_ZAMESTNANEC, JMENO, PRIJMENI, TELEFON, EMAIL, DATUM_NASTUPU, PLAT, ADRESA_ID_ADRESA, ZAMESTNANEC_TYPE) values (55, 'Egor', 'Allchorn', '469848216', 'eallchorn1i@over-blog.com', '31.12.2018', 140, 55, 'BOUDAR');
insert into ZAMESTNANEC (ID_ZAMESTNANEC, JMENO, PRIJMENI, TELEFON, EMAIL, DATUM_NASTUPU, PLAT, ADRESA_ID_ADRESA, ZAMESTNANEC_TYPE) values (56, 'Roselia', 'Peabody', '523741286', 'rpeabody1j@lycos.com', '09.01.2019', 170, 56, 'BOUDAR');
insert into ZAMESTNANEC (ID_ZAMESTNANEC, JMENO, PRIJMENI, TELEFON, EMAIL, DATUM_NASTUPU, PLAT, ADRESA_ID_ADRESA, ZAMESTNANEC_TYPE) values (57, 'Rozalie', 'Cicculi', '144906919', 'rcicculi1k@tinyurl.com', '26.02.2019', 190, 57, 'BOUDAR');
insert into ZAMESTNANEC (ID_ZAMESTNANEC, JMENO, PRIJMENI, TELEFON, EMAIL, DATUM_NASTUPU, PLAT, ADRESA_ID_ADRESA, ZAMESTNANEC_TYPE) values (58, 'Oralle', 'Cuss', '508943854', 'ocuss1l@tamu.edu', '09.01.2019', 190, 58, 'BOUDAR');
insert into ZAMESTNANEC (ID_ZAMESTNANEC, JMENO, PRIJMENI, TELEFON, EMAIL, DATUM_NASTUPU, PLAT, ADRESA_ID_ADRESA, ZAMESTNANEC_TYPE) values (59, 'Kimberlee', 'Cicconetti', '041190399', 'kcicconetti1m@thetimes.co.uk', '19.02.2019', 170, 59, 'BOUDAR');
insert into ZAMESTNANEC (ID_ZAMESTNANEC, JMENO, PRIJMENI, TELEFON, EMAIL, DATUM_NASTUPU, PLAT, ADRESA_ID_ADRESA, ZAMESTNANEC_TYPE) values (60, 'Ardella', 'Kirkebye', '405463361', 'akirkebye1n@google.cn', '27.01.2019', 190, 60, 'BOUDAR');
insert into ZAMESTNANEC (ID_ZAMESTNANEC, JMENO, PRIJMENI, TELEFON, EMAIL, DATUM_NASTUPU, PLAT, ADRESA_ID_ADRESA, ZAMESTNANEC_TYPE) values (61, 'Esther', 'Dunklee', '478998372', 'edunklee1o@microsoft.com', '21.02.2019', '100', 61, 'BOUDAR');
insert into ZAMESTNANEC (ID_ZAMESTNANEC, JMENO, PRIJMENI, TELEFON, EMAIL, DATUM_NASTUPU, PLAT, ADRESA_ID_ADRESA, ZAMESTNANEC_TYPE) values (62, 'Onida', 'Millard', '169911664', 'omillard1p@wikimedia.org', '08.02.2019', '100', 62, 'BOUDAR');
insert into ZAMESTNANEC (ID_ZAMESTNANEC, JMENO, PRIJMENI, TELEFON, EMAIL, DATUM_NASTUPU, PLAT, ADRESA_ID_ADRESA, ZAMESTNANEC_TYPE) values (63, 'Mikaela', 'Duffet', '122151391', 'mduffet1q@ifeng.com', '19.01.2019', 110, 63, 'BOUDAR');
insert into ZAMESTNANEC (ID_ZAMESTNANEC, JMENO, PRIJMENI, TELEFON, EMAIL, DATUM_NASTUPU, PLAT, ADRESA_ID_ADRESA, ZAMESTNANEC_TYPE) values (64, 'Bailie', 'Scuffham', '918397965', 'bscuffham1r@weather.com', '19.12.2018', 140, 64, 'BOUDAR');
insert into ZAMESTNANEC (ID_ZAMESTNANEC, JMENO, PRIJMENI, TELEFON, EMAIL, DATUM_NASTUPU, PLAT, ADRESA_ID_ADRESA, ZAMESTNANEC_TYPE) values (65, 'Terza', 'Shead', '151025648', 'tshead1s@usnews.com', '08.12.2018', 110, 65, 'BOUDAR');
insert into ZAMESTNANEC (ID_ZAMESTNANEC, JMENO, PRIJMENI, TELEFON, EMAIL, DATUM_NASTUPU, PLAT, ADRESA_ID_ADRESA, ZAMESTNANEC_TYPE) values (66, 'Orland', 'Crosgrove', '958522858', 'ocrosgrove1t@webmd.com', '19.01.2019', 130, 66, 'BOUDAR');
insert into ZAMESTNANEC (ID_ZAMESTNANEC, JMENO, PRIJMENI, TELEFON, EMAIL, DATUM_NASTUPU, PLAT, ADRESA_ID_ADRESA, ZAMESTNANEC_TYPE) values (67, 'Mirilla', 'Moorerud', '552497524', 'mmoorerud1u@tripod.com', '16.02.2019', 190, 67, 'BOUDAR');
insert into ZAMESTNANEC (ID_ZAMESTNANEC, JMENO, PRIJMENI, TELEFON, EMAIL, DATUM_NASTUPU, PLAT, ADRESA_ID_ADRESA, ZAMESTNANEC_TYPE) values (68, 'Broderick', 'Simoni', '163338470', 'bsimoni1v@eepurl.com', '09.02.2019', 110, 68, 'BOUDAR');
insert into ZAMESTNANEC (ID_ZAMESTNANEC, JMENO, PRIJMENI, TELEFON, EMAIL, DATUM_NASTUPU, PLAT, ADRESA_ID_ADRESA, ZAMESTNANEC_TYPE) values (69, 'Chalmers', 'Gillino', '164021412', 'cgillino1w@devhub.com', '21.01.2019', 110, 69, 'BOUDAR');
insert into ZAMESTNANEC (ID_ZAMESTNANEC, JMENO, PRIJMENI, TELEFON, EMAIL, DATUM_NASTUPU, PLAT, ADRESA_ID_ADRESA, ZAMESTNANEC_TYPE) values (70, 'Sharl', 'Santarelli', '037909533', 'ssantarelli1x@devhub.com', '31.12.2018', 110, 70, 'BOUDAR');
insert into ZAMESTNANEC (ID_ZAMESTNANEC, JMENO, PRIJMENI, TELEFON, EMAIL, DATUM_NASTUPU, PLAT, ADRESA_ID_ADRESA, ZAMESTNANEC_TYPE) values (71, 'Lyndsie', 'Surfleet', '986909300', 'lsurfleet1y@time.com', '21.01.2019', 110, 71, 'BOUDAR');
insert into ZAMESTNANEC (ID_ZAMESTNANEC, JMENO, PRIJMENI, TELEFON, EMAIL, DATUM_NASTUPU, PLAT, ADRESA_ID_ADRESA, ZAMESTNANEC_TYPE) values (72, 'Gilberta', 'Firbank', '361775223', 'gfirbank1z@multiply.com', '27.01.2019', '100', 72, 'BOUDAR');
insert into ZAMESTNANEC (ID_ZAMESTNANEC, JMENO, PRIJMENI, TELEFON, EMAIL, DATUM_NASTUPU, PLAT, ADRESA_ID_ADRESA, ZAMESTNANEC_TYPE) values (73, 'Zia', 'Proudlove', '236770483', 'zproudlove20@netvibes.com', '06.02.2019', 190, 73, 'BOUDAR');
insert into ZAMESTNANEC (ID_ZAMESTNANEC, JMENO, PRIJMENI, TELEFON, EMAIL, DATUM_NASTUPU, PLAT, ADRESA_ID_ADRESA, ZAMESTNANEC_TYPE) values (74, 'Jackelyn', 'Crossgrove', '154634623', 'jcrossgrove21@hubpages.com', '14.03.2019', 130, 74, 'BOUDAR');
insert into ZAMESTNANEC (ID_ZAMESTNANEC, JMENO, PRIJMENI, TELEFON, EMAIL, DATUM_NASTUPU, PLAT, ADRESA_ID_ADRESA, ZAMESTNANEC_TYPE) values (75, 'Eadmund', 'Yu', '441868215', 'eyu22@ox.ac.uk', '30.01.2019', 170, 75, 'BOUDAR');
insert into ZAMESTNANEC (ID_ZAMESTNANEC, JMENO, PRIJMENI, TELEFON, EMAIL, DATUM_NASTUPU, PLAT, ADRESA_ID_ADRESA, ZAMESTNANEC_TYPE) values (76, 'Selina', 'Lamey', '358043758', 'slamey23@spiegel.de', '01.02.2019', 130, 76, 'BOUDAR');
insert into ZAMESTNANEC (ID_ZAMESTNANEC, JMENO, PRIJMENI, TELEFON, EMAIL, DATUM_NASTUPU, PLAT, ADRESA_ID_ADRESA, ZAMESTNANEC_TYPE) values (77, 'Elene', 'Dunridge', '698558933', 'edunridge24@xing.com', '02.12.2018', 110, 77, 'BOUDAR');
insert into ZAMESTNANEC (ID_ZAMESTNANEC, JMENO, PRIJMENI, TELEFON, EMAIL, DATUM_NASTUPU, PLAT, ADRESA_ID_ADRESA, ZAMESTNANEC_TYPE) values (78, 'Dorree', 'Peachey', '424482905', 'dpeachey25@europa.eu', '01.01.2019', '100', 78, 'BOUDAR');
insert into ZAMESTNANEC (ID_ZAMESTNANEC, JMENO, PRIJMENI, TELEFON, EMAIL, DATUM_NASTUPU, PLAT, ADRESA_ID_ADRESA, ZAMESTNANEC_TYPE) values (79, 'Xerxes', 'Beacom', '708972697', 'xbeacom26@intel.com', '15.11.2018', 140, 79, 'BOUDAR');
insert into ZAMESTNANEC (ID_ZAMESTNANEC, JMENO, PRIJMENI, TELEFON, EMAIL, DATUM_NASTUPU, PLAT, ADRESA_ID_ADRESA, ZAMESTNANEC_TYPE) values (80, 'Ban', 'Faveryear', '134361432', 'bfaveryear27@webmd.com', '06.02.2019', 190, 80, 'BOUDAR');
insert into ZAMESTNANEC (ID_ZAMESTNANEC, JMENO, PRIJMENI, TELEFON, EMAIL, DATUM_NASTUPU, PLAT, ADRESA_ID_ADRESA, ZAMESTNANEC_TYPE) values (81, 'Ken', 'Vanichev', '592018598', 'kvanichev28@phoca.cz', '30.11.2018', '100', 81, 'BOUDAR');
insert into ZAMESTNANEC (ID_ZAMESTNANEC, JMENO, PRIJMENI, TELEFON, EMAIL, DATUM_NASTUPU, PLAT, ADRESA_ID_ADRESA, ZAMESTNANEC_TYPE) values (82, 'Geraldine', 'Radeliffe', '511213440', 'gradeliffe29@soup.io', '04.02.2019', 110, 82, 'BOUDAR');
insert into ZAMESTNANEC (ID_ZAMESTNANEC, JMENO, PRIJMENI, TELEFON, EMAIL, DATUM_NASTUPU, PLAT, ADRESA_ID_ADRESA, ZAMESTNANEC_TYPE) values (83, 'Claudianus', 'Belloch', '698265767', 'cbelloch2a@cafepress.com', '26.01.2019', '100', 83, 'BOUDAR');
insert into ZAMESTNANEC (ID_ZAMESTNANEC, JMENO, PRIJMENI, TELEFON, EMAIL, DATUM_NASTUPU, PLAT, ADRESA_ID_ADRESA, ZAMESTNANEC_TYPE) values (84, 'Reece', 'Haacker', '217924125', 'rhaacker2b@intel.com', '29.12.2018', 160, 84, 'BOUDAR');
insert into ZAMESTNANEC (ID_ZAMESTNANEC, JMENO, PRIJMENI, TELEFON, EMAIL, DATUM_NASTUPU, PLAT, ADRESA_ID_ADRESA, ZAMESTNANEC_TYPE) values (85, 'Theobald', 'Bracken', '614738149', 'tbracken2c@baidu.com', '13.02.2019', 160, 85, 'BOUDAR');
insert into ZAMESTNANEC (ID_ZAMESTNANEC, JMENO, PRIJMENI, TELEFON, EMAIL, DATUM_NASTUPU, PLAT, ADRESA_ID_ADRESA, ZAMESTNANEC_TYPE) values (86, 'Lincoln', 'Malkin', '233576504', 'lmalkin2d@printfriendly.com', '20.11.2018', 110, 86, 'BOUDAR');
insert into ZAMESTNANEC (ID_ZAMESTNANEC, JMENO, PRIJMENI, TELEFON, EMAIL, DATUM_NASTUPU, PLAT, ADRESA_ID_ADRESA, ZAMESTNANEC_TYPE) values (87, 'Judith', 'Testro', '094037533', 'jtestro2e@nymag.com', '20.12.2018', 130, 87, 'BOUDAR');
insert into ZAMESTNANEC (ID_ZAMESTNANEC, JMENO, PRIJMENI, TELEFON, EMAIL, DATUM_NASTUPU, PLAT, ADRESA_ID_ADRESA, ZAMESTNANEC_TYPE) values (88, 'Tulley', 'Grushin', '208890406', 'tgrushin2f@163.com', '03.01.2019', 110, 88, 'BOUDAR');
insert into ZAMESTNANEC (ID_ZAMESTNANEC, JMENO, PRIJMENI, TELEFON, EMAIL, DATUM_NASTUPU, PLAT, ADRESA_ID_ADRESA, ZAMESTNANEC_TYPE) values (89, 'Teddie', 'Domico', '787701599', 'tdomico2g@creativecommons.org', '09.01.2019', 160, 89, 'BOUDAR');
insert into ZAMESTNANEC (ID_ZAMESTNANEC, JMENO, PRIJMENI, TELEFON, EMAIL, DATUM_NASTUPU, PLAT, ADRESA_ID_ADRESA, ZAMESTNANEC_TYPE) values (90, 'Harriett', 'Drohane', '915766276', 'hdrohane2h@plala.or.jp', '02.01.2019', 110, 90, 'BOUDAR');
insert into ZAMESTNANEC (ID_ZAMESTNANEC, JMENO, PRIJMENI, TELEFON, EMAIL, DATUM_NASTUPU, PLAT, ADRESA_ID_ADRESA, ZAMESTNANEC_TYPE) values (91, 'Wini', 'Belcher', '390488268', 'wbelcher2i@list-manage.com', '19.02.2019', 110, 91, 'BOUDAR');
insert into ZAMESTNANEC (ID_ZAMESTNANEC, JMENO, PRIJMENI, TELEFON, EMAIL, DATUM_NASTUPU, PLAT, ADRESA_ID_ADRESA, ZAMESTNANEC_TYPE) values (92, 'Georgette', 'Witsey', '495935248', 'gwitsey2j@gravatar.com', '15.01.2019', 110, 92, 'BOUDAR');
insert into ZAMESTNANEC (ID_ZAMESTNANEC, JMENO, PRIJMENI, TELEFON, EMAIL, DATUM_NASTUPU, PLAT, ADRESA_ID_ADRESA, ZAMESTNANEC_TYPE) values (93, 'Simone', 'Coare', '387447576', 'scoare2k@theguardian.com', '30.12.2018', 150, 93, 'BOUDAR');
insert into ZAMESTNANEC (ID_ZAMESTNANEC, JMENO, PRIJMENI, TELEFON, EMAIL, DATUM_NASTUPU, PLAT, ADRESA_ID_ADRESA, ZAMESTNANEC_TYPE) values (94, 'Pennie', 'Bearblock', '605598211', 'pbearblock2l@mtv.com', '22.02.2019', 170, 94, 'BOUDAR');
insert into ZAMESTNANEC (ID_ZAMESTNANEC, JMENO, PRIJMENI, TELEFON, EMAIL, DATUM_NASTUPU, PLAT, ADRESA_ID_ADRESA, ZAMESTNANEC_TYPE) values (95, 'Cathi', 'Gionettitti', '141612017', 'cgionettitti2m@nationalgeographic.com', '17.12.2018', 110, 95, 'BOUDAR');
insert into ZAMESTNANEC (ID_ZAMESTNANEC, JMENO, PRIJMENI, TELEFON, EMAIL, DATUM_NASTUPU, PLAT, ADRESA_ID_ADRESA, ZAMESTNANEC_TYPE) values (96, 'Corly', 'Paulsen', '545372994', 'cpaulsen2n@alexa.com', '18.02.2019', 160, 96, 'BOUDAR');
insert into ZAMESTNANEC (ID_ZAMESTNANEC, JMENO, PRIJMENI, TELEFON, EMAIL, DATUM_NASTUPU, PLAT, ADRESA_ID_ADRESA, ZAMESTNANEC_TYPE) values (97, 'Micheil', 'Craigg', '069531443', 'mcraigg2o@webeden.co.uk', '27.12.2018', 110, 97, 'BOUDAR');
insert into ZAMESTNANEC (ID_ZAMESTNANEC, JMENO, PRIJMENI, TELEFON, EMAIL, DATUM_NASTUPU, PLAT, ADRESA_ID_ADRESA, ZAMESTNANEC_TYPE) values (98, 'Lorettalorna', 'Schruyer', '164331494', 'lschruyer2p@examiner.com', '07.02.2019', 180, 98, 'BOUDAR');
insert into ZAMESTNANEC (ID_ZAMESTNANEC, JMENO, PRIJMENI, TELEFON, EMAIL, DATUM_NASTUPU, PLAT, ADRESA_ID_ADRESA, ZAMESTNANEC_TYPE) values (99, 'Gwenore', 'Eyckelbeck', '561822372', 'geyckelbeck2q@accuweather.com', '08.02.2019', 150, 99, 'BOUDAR');
insert into ZAMESTNANEC (ID_ZAMESTNANEC, JMENO, PRIJMENI, TELEFON, EMAIL, DATUM_NASTUPU, PLAT, ADRESA_ID_ADRESA, ZAMESTNANEC_TYPE) values (100, 'Alejandra', 'Attenbarrow', '599176321', 'aattenbarrow2r@networksolutions.com', '20.02.2019', 190, 100, 'BOUDAR');
insert into ZAMESTNANEC (ID_ZAMESTNANEC, JMENO, PRIJMENI, TELEFON, EMAIL, DATUM_NASTUPU, PLAT, ADRESA_ID_ADRESA, ZAMESTNANEC_TYPE) values (101, 'Avis', 'Parmenter', '057972222', 'aparmenter0@wp.com', '14.12.2018', 170, 1, 'INSTRUKTOR');
insert into ZAMESTNANEC (ID_ZAMESTNANEC, JMENO, PRIJMENI, TELEFON, EMAIL, DATUM_NASTUPU, PLAT, ADRESA_ID_ADRESA, ZAMESTNANEC_TYPE) values (102, 'Wernher', 'Dimitriades', '809706805', 'wdimitriades1@xing.com', '29.11.2018', 160, 2, 'INSTRUKTOR');
insert into ZAMESTNANEC (ID_ZAMESTNANEC, JMENO, PRIJMENI, TELEFON, EMAIL, DATUM_NASTUPU, PLAT, ADRESA_ID_ADRESA, ZAMESTNANEC_TYPE) values (103, 'Cari', 'Dackombe', '720340579', 'cdackombe2@ehow.com', '23.02.2019', 160, 3, 'INSTRUKTOR');
insert into ZAMESTNANEC (ID_ZAMESTNANEC, JMENO, PRIJMENI, TELEFON, EMAIL, DATUM_NASTUPU, PLAT, ADRESA_ID_ADRESA, ZAMESTNANEC_TYPE) values (104, 'Enrica', 'Odde', '162552421', 'eodde3@google.ca', '08.12.2018', 180, 4, 'INSTRUKTOR');
insert into ZAMESTNANEC (ID_ZAMESTNANEC, JMENO, PRIJMENI, TELEFON, EMAIL, DATUM_NASTUPU, PLAT, ADRESA_ID_ADRESA, ZAMESTNANEC_TYPE) values (105, 'Ines', 'Studdard', '888777522', 'istuddard4@last.fm', '19.01.2019', 180, 5, 'INSTRUKTOR');
insert into ZAMESTNANEC (ID_ZAMESTNANEC, JMENO, PRIJMENI, TELEFON, EMAIL, DATUM_NASTUPU, PLAT, ADRESA_ID_ADRESA, ZAMESTNANEC_TYPE) values (106, 'Hailey', 'Mahaffey', '863058117', 'hmahaffey5@amazonaws.com', '02.02.2019', 110, 6, 'INSTRUKTOR');
insert into ZAMESTNANEC (ID_ZAMESTNANEC, JMENO, PRIJMENI, TELEFON, EMAIL, DATUM_NASTUPU, PLAT, ADRESA_ID_ADRESA, ZAMESTNANEC_TYPE) values (107, 'Maddy', 'Sawdy', '383714269', 'msawdy6@mit.edu', '05.02.2019', 190, 7, 'INSTRUKTOR');
insert into ZAMESTNANEC (ID_ZAMESTNANEC, JMENO, PRIJMENI, TELEFON, EMAIL, DATUM_NASTUPU, PLAT, ADRESA_ID_ADRESA, ZAMESTNANEC_TYPE) values (108, 'Carmencita', 'Lidbetter', '769601110', 'clidbetter7@blogtalkradio.com', '10.01.2019', 180, 8, 'INSTRUKTOR');
insert into ZAMESTNANEC (ID_ZAMESTNANEC, JMENO, PRIJMENI, TELEFON, EMAIL, DATUM_NASTUPU, PLAT, ADRESA_ID_ADRESA, ZAMESTNANEC_TYPE) values (109, 'Andrey', 'Judkin', '906533880', 'ajudkin8@wordpress.org', '28.02.2019', 110, 9, 'INSTRUKTOR');
insert into ZAMESTNANEC (ID_ZAMESTNANEC, JMENO, PRIJMENI, TELEFON, EMAIL, DATUM_NASTUPU, PLAT, ADRESA_ID_ADRESA, ZAMESTNANEC_TYPE) values (110, 'Kim', 'Leithgoe', '016733200', 'kleithgoe9@fema.gov', '28.01.2019', '100', 10, 'INSTRUKTOR');
insert into ZAMESTNANEC (ID_ZAMESTNANEC, JMENO, PRIJMENI, TELEFON, EMAIL, DATUM_NASTUPU, PLAT, ADRESA_ID_ADRESA, ZAMESTNANEC_TYPE) values (111, 'Erin', 'Close', '575388927', 'eclosea@mashable.com', '25.01.2019', 130, 11, 'INSTRUKTOR');
insert into ZAMESTNANEC (ID_ZAMESTNANEC, JMENO, PRIJMENI, TELEFON, EMAIL, DATUM_NASTUPU, PLAT, ADRESA_ID_ADRESA, ZAMESTNANEC_TYPE) values (112, 'Free', 'Chilvers', '228631595', 'fchilversb@amazon.de', '26.02.2019', 130, 12, 'INSTRUKTOR');
insert into ZAMESTNANEC (ID_ZAMESTNANEC, JMENO, PRIJMENI, TELEFON, EMAIL, DATUM_NASTUPU, PLAT, ADRESA_ID_ADRESA, ZAMESTNANEC_TYPE) values (113, 'Josee', 'Eeles', '190386405', 'jeelesc@amazon.co.uk', '22.11.2018', 110, 13, 'INSTRUKTOR');
insert into ZAMESTNANEC (ID_ZAMESTNANEC, JMENO, PRIJMENI, TELEFON, EMAIL, DATUM_NASTUPU, PLAT, ADRESA_ID_ADRESA, ZAMESTNANEC_TYPE) values (114, 'Laurel', 'Berthomieu', '787806662', 'lberthomieud@mtv.com', '02.01.2019', 110, 14, 'INSTRUKTOR');
insert into ZAMESTNANEC (ID_ZAMESTNANEC, JMENO, PRIJMENI, TELEFON, EMAIL, DATUM_NASTUPU, PLAT, ADRESA_ID_ADRESA, ZAMESTNANEC_TYPE) values (115, 'Fifine', 'Drohane', '646676306', 'fdrohanee@fema.gov', '30.11.2018', 150, 15, 'INSTRUKTOR');
insert into ZAMESTNANEC (ID_ZAMESTNANEC, JMENO, PRIJMENI, TELEFON, EMAIL, DATUM_NASTUPU, PLAT, ADRESA_ID_ADRESA, ZAMESTNANEC_TYPE) values (116, 'Helen', 'Shorbrook', '174818389', 'hshorbrookf@smugmug.com', '19.11.2018', 110, 16, 'INSTRUKTOR');
insert into ZAMESTNANEC (ID_ZAMESTNANEC, JMENO, PRIJMENI, TELEFON, EMAIL, DATUM_NASTUPU, PLAT, ADRESA_ID_ADRESA, ZAMESTNANEC_TYPE) values (117, 'Anneliese', 'Pomeroy', '520047265', 'apomeroyg@bizjournals.com', '06.02.2019', 130, 17, 'INSTRUKTOR');
insert into ZAMESTNANEC (ID_ZAMESTNANEC, JMENO, PRIJMENI, TELEFON, EMAIL, DATUM_NASTUPU, PLAT, ADRESA_ID_ADRESA, ZAMESTNANEC_TYPE) values (118, 'Neal', 'Veitch', '955654473', 'nveitchh@altervista.org', '29.11.2018', '100', 18, 'INSTRUKTOR');
insert into ZAMESTNANEC (ID_ZAMESTNANEC, JMENO, PRIJMENI, TELEFON, EMAIL, DATUM_NASTUPU, PLAT, ADRESA_ID_ADRESA, ZAMESTNANEC_TYPE) values (119, 'Aryn', 'Slite', '888417104', 'aslitei@cbsnews.com', '25.11.2018', 150, 19, 'INSTRUKTOR');
insert into ZAMESTNANEC (ID_ZAMESTNANEC, JMENO, PRIJMENI, TELEFON, EMAIL, DATUM_NASTUPU, PLAT, ADRESA_ID_ADRESA, ZAMESTNANEC_TYPE) values (120, 'Daryle', 'Kelby', '515015258', 'dkelbyj@shareasale.com', '24.01.2019', '100', 20, 'INSTRUKTOR');
insert into ZAMESTNANEC (ID_ZAMESTNANEC, JMENO, PRIJMENI, TELEFON, EMAIL, DATUM_NASTUPU, PLAT, ADRESA_ID_ADRESA, ZAMESTNANEC_TYPE) values (121, 'Augusta', 'Argyle', '110824182', 'aargylek@omniture.com', '25.01.2019', 180, 21, 'INSTRUKTOR');
insert into ZAMESTNANEC (ID_ZAMESTNANEC, JMENO, PRIJMENI, TELEFON, EMAIL, DATUM_NASTUPU, PLAT, ADRESA_ID_ADRESA, ZAMESTNANEC_TYPE) values (122, 'Hermie', 'Baguley', '339492906', 'hbaguleyl@samsung.com', '17.01.2019', 160, 22, 'INSTRUKTOR');
insert into ZAMESTNANEC (ID_ZAMESTNANEC, JMENO, PRIJMENI, TELEFON, EMAIL, DATUM_NASTUPU, PLAT, ADRESA_ID_ADRESA, ZAMESTNANEC_TYPE) values (123, 'Anatola', 'Eagell', '906516163', 'aeagellm@bigcartel.com', '19.02.2019', 110, 23, 'INSTRUKTOR');
insert into ZAMESTNANEC (ID_ZAMESTNANEC, JMENO, PRIJMENI, TELEFON, EMAIL, DATUM_NASTUPU, PLAT, ADRESA_ID_ADRESA, ZAMESTNANEC_TYPE) values (124, 'Tucker', 'Nan Carrow', '782334727', 'tnancarrown@cocolog-nifty.com', '06.12.2018', '100', 24, 'INSTRUKTOR');
insert into ZAMESTNANEC (ID_ZAMESTNANEC, JMENO, PRIJMENI, TELEFON, EMAIL, DATUM_NASTUPU, PLAT, ADRESA_ID_ADRESA, ZAMESTNANEC_TYPE) values (125, 'Phillipp', 'McHenry', '731798885', 'pmchenryo@woothemes.com', '03.12.2018', 190, 25, 'INSTRUKTOR');
insert into ZAMESTNANEC (ID_ZAMESTNANEC, JMENO, PRIJMENI, TELEFON, EMAIL, DATUM_NASTUPU, PLAT, ADRESA_ID_ADRESA, ZAMESTNANEC_TYPE) values (126, 'Jammal', 'Dell Casa', '402728904', 'jdellcasap@irs.gov', '02.12.2018', 160, 26, 'INSTRUKTOR');
insert into ZAMESTNANEC (ID_ZAMESTNANEC, JMENO, PRIJMENI, TELEFON, EMAIL, DATUM_NASTUPU, PLAT, ADRESA_ID_ADRESA, ZAMESTNANEC_TYPE) values (127, 'Viola', 'Philbrook', '645007245', 'vphilbrookq@mysql.com', '28.11.2018', 160, 27, 'INSTRUKTOR');
insert into ZAMESTNANEC (ID_ZAMESTNANEC, JMENO, PRIJMENI, TELEFON, EMAIL, DATUM_NASTUPU, PLAT, ADRESA_ID_ADRESA, ZAMESTNANEC_TYPE) values (128, 'Standford', 'Maric', '718183563', 'smaricr@ihg.com', '20.11.2018', 150, 28, 'INSTRUKTOR');
insert into ZAMESTNANEC (ID_ZAMESTNANEC, JMENO, PRIJMENI, TELEFON, EMAIL, DATUM_NASTUPU, PLAT, ADRESA_ID_ADRESA, ZAMESTNANEC_TYPE) values (129, 'Chanda', 'Melton', '458825798', 'cmeltons@tiny.cc', '23.02.2019', 150, 29, 'INSTRUKTOR');
insert into ZAMESTNANEC (ID_ZAMESTNANEC, JMENO, PRIJMENI, TELEFON, EMAIL, DATUM_NASTUPU, PLAT, ADRESA_ID_ADRESA, ZAMESTNANEC_TYPE) values (130, 'Helen', 'McAvey', '034145450', 'nmcaveyt@drupal.org', '28.01.2019', 190, 30, 'INSTRUKTOR');
insert into ZAMESTNANEC (ID_ZAMESTNANEC, JMENO, PRIJMENI, TELEFON, EMAIL, DATUM_NASTUPU, PLAT, ADRESA_ID_ADRESA, ZAMESTNANEC_TYPE) values (131, 'Jada', 'Bick', '586510005', 'jbicku@washingtonpost.com', '24.01.2019', 140, 31, 'INSTRUKTOR');
insert into ZAMESTNANEC (ID_ZAMESTNANEC, JMENO, PRIJMENI, TELEFON, EMAIL, DATUM_NASTUPU, PLAT, ADRESA_ID_ADRESA, ZAMESTNANEC_TYPE) values (132, 'Klemens', 'Gilchriest', '300014228', 'kgilchriestv@youku.com', '28.11.2018', 140, 32, 'INSTRUKTOR');
insert into ZAMESTNANEC (ID_ZAMESTNANEC, JMENO, PRIJMENI, TELEFON, EMAIL, DATUM_NASTUPU, PLAT, ADRESA_ID_ADRESA, ZAMESTNANEC_TYPE) values (133, 'Eric', 'Dyet', '468603730', 'edyetw@ted.com', '15.11.2018', 140, 33, 'INSTRUKTOR');
insert into ZAMESTNANEC (ID_ZAMESTNANEC, JMENO, PRIJMENI, TELEFON, EMAIL, DATUM_NASTUPU, PLAT, ADRESA_ID_ADRESA, ZAMESTNANEC_TYPE) values (134, 'Helen', 'Shalliker', '572396517', 'eshallikerx@wix.com', '28.01.2019', 130, 34, 'INSTRUKTOR');
insert into ZAMESTNANEC (ID_ZAMESTNANEC, JMENO, PRIJMENI, TELEFON, EMAIL, DATUM_NASTUPU, PLAT, ADRESA_ID_ADRESA, ZAMESTNANEC_TYPE) values (135, 'Bruce', 'Mowat', '561081653', 'bmowaty@msu.edu', '08.02.2019', 130, 35, 'INSTRUKTOR');
insert into ZAMESTNANEC (ID_ZAMESTNANEC, JMENO, PRIJMENI, TELEFON, EMAIL, DATUM_NASTUPU, PLAT, ADRESA_ID_ADRESA, ZAMESTNANEC_TYPE) values (136, 'Edyth', 'Schanke', '742276154', 'eschankez@icio.us', '25.02.2019', '100', 36, 'INSTRUKTOR');
insert into ZAMESTNANEC (ID_ZAMESTNANEC, JMENO, PRIJMENI, TELEFON, EMAIL, DATUM_NASTUPU, PLAT, ADRESA_ID_ADRESA, ZAMESTNANEC_TYPE) values (137, 'Clementia', 'Ridesdale', '138872104', 'cridesdale10@weebly.com', '18.01.2019', 150, 37, 'INSTRUKTOR');
insert into ZAMESTNANEC (ID_ZAMESTNANEC, JMENO, PRIJMENI, TELEFON, EMAIL, DATUM_NASTUPU, PLAT, ADRESA_ID_ADRESA, ZAMESTNANEC_TYPE) values (138, 'Felice', 'Ternouth', '668125566', 'fternouth11@wsj.com', '20.01.2019', 110, 38, 'INSTRUKTOR');
insert into ZAMESTNANEC (ID_ZAMESTNANEC, JMENO, PRIJMENI, TELEFON, EMAIL, DATUM_NASTUPU, PLAT, ADRESA_ID_ADRESA, ZAMESTNANEC_TYPE) values (139, 'Katharyn', 'Harlick', '657478802', 'kharlick12@ovh.net', '27.11.2018', 140, 39, 'INSTRUKTOR');
insert into ZAMESTNANEC (ID_ZAMESTNANEC, JMENO, PRIJMENI, TELEFON, EMAIL, DATUM_NASTUPU, PLAT, ADRESA_ID_ADRESA, ZAMESTNANEC_TYPE) values (140, 'Orlando', 'Shevels', '039152523', 'oshevels13@surveymonkey.com', '08.03.2019', 110, 40, 'INSTRUKTOR');
insert into ZAMESTNANEC (ID_ZAMESTNANEC, JMENO, PRIJMENI, TELEFON, EMAIL, DATUM_NASTUPU, PLAT, ADRESA_ID_ADRESA, ZAMESTNANEC_TYPE) values (141, 'Brandy', 'Coast', '503904891', 'bcoast14@hubpages.com', '12.01.2019', 190, 41, 'INSTRUKTOR');
insert into ZAMESTNANEC (ID_ZAMESTNANEC, JMENO, PRIJMENI, TELEFON, EMAIL, DATUM_NASTUPU, PLAT, ADRESA_ID_ADRESA, ZAMESTNANEC_TYPE) values (142, 'Grannie', 'Brock', '246398983', 'gbrock15@indiatimes.com', '13.12.2018', 160, 42, 'INSTRUKTOR');
insert into ZAMESTNANEC (ID_ZAMESTNANEC, JMENO, PRIJMENI, TELEFON, EMAIL, DATUM_NASTUPU, PLAT, ADRESA_ID_ADRESA, ZAMESTNANEC_TYPE) values (143, 'Tarra', 'Jedrzaszkiewicz', '632399144', 'tjedrzaszkiewicz16@dell.com', '11.03.2019', 110, 43, 'INSTRUKTOR');
insert into ZAMESTNANEC (ID_ZAMESTNANEC, JMENO, PRIJMENI, TELEFON, EMAIL, DATUM_NASTUPU, PLAT, ADRESA_ID_ADRESA, ZAMESTNANEC_TYPE) values (144, 'Katherine', 'Longmuir', '781391886', 'klongmuir17@dyndns.org', '01.01.2019', 150, 44, 'INSTRUKTOR');
insert into ZAMESTNANEC (ID_ZAMESTNANEC, JMENO, PRIJMENI, TELEFON, EMAIL, DATUM_NASTUPU, PLAT, ADRESA_ID_ADRESA, ZAMESTNANEC_TYPE) values (145, 'Romola', 'Lunck', '635341999', 'rlunck18@google.ca', '28.12.2018', 180, 45, 'INSTRUKTOR');
insert into ZAMESTNANEC (ID_ZAMESTNANEC, JMENO, PRIJMENI, TELEFON, EMAIL, DATUM_NASTUPU, PLAT, ADRESA_ID_ADRESA, ZAMESTNANEC_TYPE) values (146, 'Ly', 'Cymper', '454030147', 'lcymper19@weebly.com', '22.12.2018', 190, 46, 'INSTRUKTOR');
insert into ZAMESTNANEC (ID_ZAMESTNANEC, JMENO, PRIJMENI, TELEFON, EMAIL, DATUM_NASTUPU, PLAT, ADRESA_ID_ADRESA, ZAMESTNANEC_TYPE) values (147, 'Newton', 'Deamer', '090668431', 'ndeamer1a@howstuffworks.com', '05.03.2019', 130, 47, 'INSTRUKTOR');
insert into ZAMESTNANEC (ID_ZAMESTNANEC, JMENO, PRIJMENI, TELEFON, EMAIL, DATUM_NASTUPU, PLAT, ADRESA_ID_ADRESA, ZAMESTNANEC_TYPE) values (148, 'Zara', 'Follit', '885219372', 'zfollit1b@guardian.co.uk', '27.12.2018', '100', 48, 'INSTRUKTOR');
insert into ZAMESTNANEC (ID_ZAMESTNANEC, JMENO, PRIJMENI, TELEFON, EMAIL, DATUM_NASTUPU, PLAT, ADRESA_ID_ADRESA, ZAMESTNANEC_TYPE) values (149, 'Philipa', 'Skym', '272503001', 'pskym1c@soup.io', '24.12.2018', 140, 49, 'INSTRUKTOR');
insert into ZAMESTNANEC (ID_ZAMESTNANEC, JMENO, PRIJMENI, TELEFON, EMAIL, DATUM_NASTUPU, PLAT, ADRESA_ID_ADRESA, ZAMESTNANEC_TYPE) values (150, 'Roger', 'Kew', '048453616', 'rkew1d@instagram.com', '18.01.2019', 160, 50, 'INSTRUKTOR');
insert into ZAMESTNANEC (ID_ZAMESTNANEC, JMENO, PRIJMENI, TELEFON, EMAIL, DATUM_NASTUPU, PLAT, ADRESA_ID_ADRESA, ZAMESTNANEC_TYPE) values (151, 'Rennie', 'Lethem', '815142289', 'rlethem1e@miitbeian.gov.cn', '27.02.2019', 160, 51, 'INSTRUKTOR');
insert into ZAMESTNANEC (ID_ZAMESTNANEC, JMENO, PRIJMENI, TELEFON, EMAIL, DATUM_NASTUPU, PLAT, ADRESA_ID_ADRESA, ZAMESTNANEC_TYPE) values (152, 'Mora', 'Woodings', '564416433', 'mwoodings1f@ucla.edu', '21.02.2019', 110, 52, 'INSTRUKTOR');
insert into ZAMESTNANEC (ID_ZAMESTNANEC, JMENO, PRIJMENI, TELEFON, EMAIL, DATUM_NASTUPU, PLAT, ADRESA_ID_ADRESA, ZAMESTNANEC_TYPE) values (153, 'Ellis', 'Shambrooke', '192260441', 'eshambrooke1g@stanford.edu', '21.02.2019', 160, 53, 'INSTRUKTOR');
insert into ZAMESTNANEC (ID_ZAMESTNANEC, JMENO, PRIJMENI, TELEFON, EMAIL, DATUM_NASTUPU, PLAT, ADRESA_ID_ADRESA, ZAMESTNANEC_TYPE) values (154, 'Blythe', 'Hanhardt', '706387664', 'bhanhardt1h@clickbank.net', '02.01.2019', 160, 54, 'INSTRUKTOR');
insert into ZAMESTNANEC (ID_ZAMESTNANEC, JMENO, PRIJMENI, TELEFON, EMAIL, DATUM_NASTUPU, PLAT, ADRESA_ID_ADRESA, ZAMESTNANEC_TYPE) values (155, 'Janessa', 'Vannar', '035262609', 'jvannar1i@moonfruit.com', '08.12.2018', '100', 55, 'INSTRUKTOR');
insert into ZAMESTNANEC (ID_ZAMESTNANEC, JMENO, PRIJMENI, TELEFON, EMAIL, DATUM_NASTUPU, PLAT, ADRESA_ID_ADRESA, ZAMESTNANEC_TYPE) values (156, 'Gratia', 'Mcimmie', '118624885', 'gmcimmie1j@meetup.com', '05.03.2019', 170, 56, 'INSTRUKTOR');
insert into ZAMESTNANEC (ID_ZAMESTNANEC, JMENO, PRIJMENI, TELEFON, EMAIL, DATUM_NASTUPU, PLAT, ADRESA_ID_ADRESA, ZAMESTNANEC_TYPE) values (157, 'Anallise', 'Thewlis', '113604340', 'athewlis1k@sohu.com', '30.12.2018', 180, 57, 'INSTRUKTOR');
insert into ZAMESTNANEC (ID_ZAMESTNANEC, JMENO, PRIJMENI, TELEFON, EMAIL, DATUM_NASTUPU, PLAT, ADRESA_ID_ADRESA, ZAMESTNANEC_TYPE) values (158, 'Pippo', 'Malarkey', '738514005', 'pmalarkey1l@upenn.edu', '09.12.2018', 170, 58, 'INSTRUKTOR');
insert into ZAMESTNANEC (ID_ZAMESTNANEC, JMENO, PRIJMENI, TELEFON, EMAIL, DATUM_NASTUPU, PLAT, ADRESA_ID_ADRESA, ZAMESTNANEC_TYPE) values (159, 'Ralph', 'Frosch', '993695026', 'rfrosch1m@census.gov', '09.03.2019', '100', 59, 'INSTRUKTOR');
insert into ZAMESTNANEC (ID_ZAMESTNANEC, JMENO, PRIJMENI, TELEFON, EMAIL, DATUM_NASTUPU, PLAT, ADRESA_ID_ADRESA, ZAMESTNANEC_TYPE) values (160, 'Homerus', 'Matchett', '035215072', 'hmatchett1n@prlog.org', '21.01.2019', 130, 60, 'INSTRUKTOR');
insert into ZAMESTNANEC (ID_ZAMESTNANEC, JMENO, PRIJMENI, TELEFON, EMAIL, DATUM_NASTUPU, PLAT, ADRESA_ID_ADRESA, ZAMESTNANEC_TYPE) values (161, 'Sonja', 'Rosterne', '882514502', 'srosterne1o@buzzfeed.com', '04.03.2019', 160, 61, 'INSTRUKTOR');
insert into ZAMESTNANEC (ID_ZAMESTNANEC, JMENO, PRIJMENI, TELEFON, EMAIL, DATUM_NASTUPU, PLAT, ADRESA_ID_ADRESA, ZAMESTNANEC_TYPE) values (162, 'Helsa', 'Bausmann', '794173035', 'hbausmann1p@mlb.com', '04.02.2019', 110, 62, 'INSTRUKTOR');
insert into ZAMESTNANEC (ID_ZAMESTNANEC, JMENO, PRIJMENI, TELEFON, EMAIL, DATUM_NASTUPU, PLAT, ADRESA_ID_ADRESA, ZAMESTNANEC_TYPE) values (163, 'Belva', 'Tregenna', '191633856', 'btregenna1q@people.com.cn', '25.01.2019', 170, 63, 'INSTRUKTOR');
insert into ZAMESTNANEC (ID_ZAMESTNANEC, JMENO, PRIJMENI, TELEFON, EMAIL, DATUM_NASTUPU, PLAT, ADRESA_ID_ADRESA, ZAMESTNANEC_TYPE) values (164, 'Marlin', 'Murdy', '146540224', 'mmurdy1r@tripadvisor.com', '09.12.2018', 190, 64, 'INSTRUKTOR');
insert into ZAMESTNANEC (ID_ZAMESTNANEC, JMENO, PRIJMENI, TELEFON, EMAIL, DATUM_NASTUPU, PLAT, ADRESA_ID_ADRESA, ZAMESTNANEC_TYPE) values (165, 'Margy', 'Essame', '669238492', 'messame1s@blogs.com', '27.02.2019', 140, 65, 'INSTRUKTOR');
insert into ZAMESTNANEC (ID_ZAMESTNANEC, JMENO, PRIJMENI, TELEFON, EMAIL, DATUM_NASTUPU, PLAT, ADRESA_ID_ADRESA, ZAMESTNANEC_TYPE) values (166, 'Wash', 'Gatman', '530736963', 'wgatman1t@booking.com', '26.12.2018', 150, 66, 'INSTRUKTOR');
insert into ZAMESTNANEC (ID_ZAMESTNANEC, JMENO, PRIJMENI, TELEFON, EMAIL, DATUM_NASTUPU, PLAT, ADRESA_ID_ADRESA, ZAMESTNANEC_TYPE) values (167, 'Veda', 'Kinzett', '059109893', 'vkinzett1u@vkontakte.ru', '01.12.2018', 170, 67, 'INSTRUKTOR');
insert into ZAMESTNANEC (ID_ZAMESTNANEC, JMENO, PRIJMENI, TELEFON, EMAIL, DATUM_NASTUPU, PLAT, ADRESA_ID_ADRESA, ZAMESTNANEC_TYPE) values (168, 'Bebe', 'Burdon', '528017992', 'bburdon1v@rambler.ru', '17.11.2018', 170, 68, 'INSTRUKTOR');
insert into ZAMESTNANEC (ID_ZAMESTNANEC, JMENO, PRIJMENI, TELEFON, EMAIL, DATUM_NASTUPU, PLAT, ADRESA_ID_ADRESA, ZAMESTNANEC_TYPE) values (169, 'Godwin', 'Garber', '771964318', 'ggarber1w@unesco.org', '30.11.2018', 160, 69, 'INSTRUKTOR');
insert into ZAMESTNANEC (ID_ZAMESTNANEC, JMENO, PRIJMENI, TELEFON, EMAIL, DATUM_NASTUPU, PLAT, ADRESA_ID_ADRESA, ZAMESTNANEC_TYPE) values (170, 'Blondy', 'Petrulis', '568316015', 'bpetrulis1x@sourceforge.net', '01.12.2018', 170, 70, 'INSTRUKTOR');
insert into ZAMESTNANEC (ID_ZAMESTNANEC, JMENO, PRIJMENI, TELEFON, EMAIL, DATUM_NASTUPU, PLAT, ADRESA_ID_ADRESA, ZAMESTNANEC_TYPE) values (171, 'Perceval', 'Jaynes', '287333263', 'pjaynes1y@marriott.com', '19.11.2018', 150, 71, 'INSTRUKTOR');
insert into ZAMESTNANEC (ID_ZAMESTNANEC, JMENO, PRIJMENI, TELEFON, EMAIL, DATUM_NASTUPU, PLAT, ADRESA_ID_ADRESA, ZAMESTNANEC_TYPE) values (172, 'Judon', 'Phillpot', '513695099', 'jphillpot1z@ovh.net', '15.02.2019', 110, 72, 'INSTRUKTOR');
insert into ZAMESTNANEC (ID_ZAMESTNANEC, JMENO, PRIJMENI, TELEFON, EMAIL, DATUM_NASTUPU, PLAT, ADRESA_ID_ADRESA, ZAMESTNANEC_TYPE) values (173, 'Octavius', 'Noirel', '762272055', 'onoirel20@ihg.com', '10.12.2018', 170, 73, 'INSTRUKTOR');
insert into ZAMESTNANEC (ID_ZAMESTNANEC, JMENO, PRIJMENI, TELEFON, EMAIL, DATUM_NASTUPU, PLAT, ADRESA_ID_ADRESA, ZAMESTNANEC_TYPE) values (174, 'Winnifred', 'Birkenshaw', '751500260', 'wbirkenshaw21@google.de', '31.01.2019', 130, 74, 'INSTRUKTOR');
insert into ZAMESTNANEC (ID_ZAMESTNANEC, JMENO, PRIJMENI, TELEFON, EMAIL, DATUM_NASTUPU, PLAT, ADRESA_ID_ADRESA, ZAMESTNANEC_TYPE) values (175, 'Callida', 'Gatlin', '400455711', 'cgatlin22@ucoz.com', '08.03.2019', 180, 75, 'INSTRUKTOR');
insert into ZAMESTNANEC (ID_ZAMESTNANEC, JMENO, PRIJMENI, TELEFON, EMAIL, DATUM_NASTUPU, PLAT, ADRESA_ID_ADRESA, ZAMESTNANEC_TYPE) values (176, 'Leesa', 'Sivorn', '064246965', 'lsivorn23@angelfire.com', '05.12.2018', 110, 76, 'INSTRUKTOR');
insert into ZAMESTNANEC (ID_ZAMESTNANEC, JMENO, PRIJMENI, TELEFON, EMAIL, DATUM_NASTUPU, PLAT, ADRESA_ID_ADRESA, ZAMESTNANEC_TYPE) values (177, 'Vivia', 'Rodgman', '032726613', 'vrodgman24@utexas.edu', '09.12.2018', 170, 77, 'INSTRUKTOR');
insert into ZAMESTNANEC (ID_ZAMESTNANEC, JMENO, PRIJMENI, TELEFON, EMAIL, DATUM_NASTUPU, PLAT, ADRESA_ID_ADRESA, ZAMESTNANEC_TYPE) values (178, 'Penny', 'Blue', '006547876', 'pblue25@acquirethisname.com', '05.01.2019', 190, 78, 'INSTRUKTOR');
insert into ZAMESTNANEC (ID_ZAMESTNANEC, JMENO, PRIJMENI, TELEFON, EMAIL, DATUM_NASTUPU, PLAT, ADRESA_ID_ADRESA, ZAMESTNANEC_TYPE) values (179, 'Duane', 'Dallin', '137064778', 'ddallin26@bandcamp.com', '14.02.2019', 170, 79, 'INSTRUKTOR');
insert into ZAMESTNANEC (ID_ZAMESTNANEC, JMENO, PRIJMENI, TELEFON, EMAIL, DATUM_NASTUPU, PLAT, ADRESA_ID_ADRESA, ZAMESTNANEC_TYPE) values (180, 'Joellyn', 'Pockey', '919150769', 'jpockey27@princeton.edu', '24.12.2018', 130, 80, 'INSTRUKTOR');
insert into ZAMESTNANEC (ID_ZAMESTNANEC, JMENO, PRIJMENI, TELEFON, EMAIL, DATUM_NASTUPU, PLAT, ADRESA_ID_ADRESA, ZAMESTNANEC_TYPE) values (181, 'Corny', 'Danilowicz', '484475890', 'cdanilowicz28@admin.ch', '10.01.2019', 110, 81, 'INSTRUKTOR');
insert into ZAMESTNANEC (ID_ZAMESTNANEC, JMENO, PRIJMENI, TELEFON, EMAIL, DATUM_NASTUPU, PLAT, ADRESA_ID_ADRESA, ZAMESTNANEC_TYPE) values (182, 'Kienan', 'Kelmere', '907377362', 'kkelmere29@tinypic.com', '18.12.2018', 110, 82, 'INSTRUKTOR');
insert into ZAMESTNANEC (ID_ZAMESTNANEC, JMENO, PRIJMENI, TELEFON, EMAIL, DATUM_NASTUPU, PLAT, ADRESA_ID_ADRESA, ZAMESTNANEC_TYPE) values (183, 'Mel', 'Westoll', '535510605', 'mwestoll2a@state.tx.us', '29.11.2018', 110, 83, 'INSTRUKTOR');
insert into ZAMESTNANEC (ID_ZAMESTNANEC, JMENO, PRIJMENI, TELEFON, EMAIL, DATUM_NASTUPU, PLAT, ADRESA_ID_ADRESA, ZAMESTNANEC_TYPE) values (184, 'Sabrina', 'Chadwick', '696065565', 'schadwick2b@omniture.com', '16.01.2019', 160, 84, 'INSTRUKTOR');
insert into ZAMESTNANEC (ID_ZAMESTNANEC, JMENO, PRIJMENI, TELEFON, EMAIL, DATUM_NASTUPU, PLAT, ADRESA_ID_ADRESA, ZAMESTNANEC_TYPE) values (185, 'Helen', 'Brimblecomb', '647545604', 'nbrimblecomb2c@bloglovin.com', '30.01.2019', 180, 85, 'INSTRUKTOR');
insert into ZAMESTNANEC (ID_ZAMESTNANEC, JMENO, PRIJMENI, TELEFON, EMAIL, DATUM_NASTUPU, PLAT, ADRESA_ID_ADRESA, ZAMESTNANEC_TYPE) values (186, 'Guilbert', 'Mahony', '631970925', 'gmahony2d@icio.us', '22.11.2018', 110, 86, 'INSTRUKTOR');
insert into ZAMESTNANEC (ID_ZAMESTNANEC, JMENO, PRIJMENI, TELEFON, EMAIL, DATUM_NASTUPU, PLAT, ADRESA_ID_ADRESA, ZAMESTNANEC_TYPE) values (187, 'Serene', 'Skirlin', '845556583', 'sskirlin2e@rambler.ru', '14.03.2019', 110, 87, 'INSTRUKTOR');
insert into ZAMESTNANEC (ID_ZAMESTNANEC, JMENO, PRIJMENI, TELEFON, EMAIL, DATUM_NASTUPU, PLAT, ADRESA_ID_ADRESA, ZAMESTNANEC_TYPE) values (188, 'Roana', 'Tumpane', '316907676', 'rtumpane2f@vimeo.com', '27.11.2018', 110, 88, 'INSTRUKTOR');
insert into ZAMESTNANEC (ID_ZAMESTNANEC, JMENO, PRIJMENI, TELEFON, EMAIL, DATUM_NASTUPU, PLAT, ADRESA_ID_ADRESA, ZAMESTNANEC_TYPE) values (189, 'Rochelle', 'Henniger', '682303812', 'rhenniger2g@msn.com', '18.12.2018', 180, 89, 'INSTRUKTOR');
insert into ZAMESTNANEC (ID_ZAMESTNANEC, JMENO, PRIJMENI, TELEFON, EMAIL, DATUM_NASTUPU, PLAT, ADRESA_ID_ADRESA, ZAMESTNANEC_TYPE) values (190, 'Susannah', 'St Ledger', '772363212', 'sstledger2h@livejournal.com', '24.11.2018', 110, 90, 'INSTRUKTOR');
insert into ZAMESTNANEC (ID_ZAMESTNANEC, JMENO, PRIJMENI, TELEFON, EMAIL, DATUM_NASTUPU, PLAT, ADRESA_ID_ADRESA, ZAMESTNANEC_TYPE) values (191, 'Marney', 'Topper', '030544363', 'mtopper2i@engadget.com', '14.01.2019', 110, 91, 'INSTRUKTOR');
insert into ZAMESTNANEC (ID_ZAMESTNANEC, JMENO, PRIJMENI, TELEFON, EMAIL, DATUM_NASTUPU, PLAT, ADRESA_ID_ADRESA, ZAMESTNANEC_TYPE) values (192, 'Emlen', 'Royden', '000202004', 'eroyden2j@youtube.com', '19.02.2019', 130, 92, 'INSTRUKTOR');
insert into ZAMESTNANEC (ID_ZAMESTNANEC, JMENO, PRIJMENI, TELEFON, EMAIL, DATUM_NASTUPU, PLAT, ADRESA_ID_ADRESA, ZAMESTNANEC_TYPE) values (193, 'Raleigh', 'Ibotson', '599927720', 'ribotson2k@list-manage.com', '01.03.2019', 110, 93, 'INSTRUKTOR');
insert into ZAMESTNANEC (ID_ZAMESTNANEC, JMENO, PRIJMENI, TELEFON, EMAIL, DATUM_NASTUPU, PLAT, ADRESA_ID_ADRESA, ZAMESTNANEC_TYPE) values (194, 'Gayler', 'Loveless', '597069554', 'gloveless2l@delicious.com', '30.12.2018', 180, 94, 'INSTRUKTOR');
insert into ZAMESTNANEC (ID_ZAMESTNANEC, JMENO, PRIJMENI, TELEFON, EMAIL, DATUM_NASTUPU, PLAT, ADRESA_ID_ADRESA, ZAMESTNANEC_TYPE) values (195, 'Blanch', 'Farrens', '111883958', 'bfarrens2m@t-online.de', '08.03.2019', 190, 95, 'INSTRUKTOR');
insert into ZAMESTNANEC (ID_ZAMESTNANEC, JMENO, PRIJMENI, TELEFON, EMAIL, DATUM_NASTUPU, PLAT, ADRESA_ID_ADRESA, ZAMESTNANEC_TYPE) values (196, 'Linn', 'Troth', '011306698', 'ltroth2n@dion.ne.jp', '27.02.2019', 170, 96, 'INSTRUKTOR');
insert into ZAMESTNANEC (ID_ZAMESTNANEC, JMENO, PRIJMENI, TELEFON, EMAIL, DATUM_NASTUPU, PLAT, ADRESA_ID_ADRESA, ZAMESTNANEC_TYPE) values (197, 'Ruddie', 'Konert', '220056806', 'rkonert2o@businessweek.com', '08.03.2019', '120', 97, 'INSTRUKTOR');
insert into ZAMESTNANEC (ID_ZAMESTNANEC, JMENO, PRIJMENI, TELEFON, EMAIL, DATUM_NASTUPU, PLAT, ADRESA_ID_ADRESA, ZAMESTNANEC_TYPE) values (198, 'Hadlee', 'Leathes', '426701277', 'hleathes2p@123-reg.co.uk', '26.01.2019', 130, 98, 'INSTRUKTOR');
insert into ZAMESTNANEC (ID_ZAMESTNANEC, JMENO, PRIJMENI, TELEFON, EMAIL, DATUM_NASTUPU, PLAT, ADRESA_ID_ADRESA, ZAMESTNANEC_TYPE) values (199, 'Elysha', 'Zimmermanns', '313721354', 'ezimmermanns2q@ted.com', '18.02.2019', 150, 99, 'INSTRUKTOR');
insert into ZAMESTNANEC (ID_ZAMESTNANEC, JMENO, PRIJMENI, TELEFON, EMAIL, DATUM_NASTUPU, PLAT, ADRESA_ID_ADRESA, ZAMESTNANEC_TYPE) values (200, 'Helen', 'Jagielski', '301434250', 'sjagielski2r@posterous.com', '10.02.2019', '100', 100, 'INSTRUKTOR');


insert into ADRESA (ID_ADRESA, ULICE, CISLO_POPISNE, OBEC, PSC) values (1, 'Kennedy', '08', 'Starobachaty', 77796);
insert into ADRESA (ID_ADRESA, ULICE, CISLO_POPISNE, OBEC, PSC) values (2, 'Nelson', '41587', 'Zhinvali', 88310);
insert into ADRESA (ID_ADRESA, ULICE, CISLO_POPISNE, OBEC, PSC) values (3, 'Valley Edge', '4', 'Mandepa Barat', 89884);
insert into ADRESA (ID_ADRESA, ULICE, CISLO_POPISNE, OBEC, PSC) values (4, 'Loeprich', '62', 'Villach', 79418);
insert into ADRESA (ID_ADRESA, ULICE, CISLO_POPISNE, OBEC, PSC) values (5, 'Anthes', '04', 'Villach', 45589);
insert into ADRESA (ID_ADRESA, ULICE, CISLO_POPISNE, OBEC, PSC) values (6, 'Waubesa', '9405', 'Kax', 49365);
insert into ADRESA (ID_ADRESA, ULICE, CISLO_POPISNE, OBEC, PSC) values (7, 'Cordelia', '21953', 'Villach', 53427);
insert into ADRESA (ID_ADRESA, ULICE, CISLO_POPISNE, OBEC, PSC) values (8, 'Susan', '2701', 'San Roque', 32214);
insert into ADRESA (ID_ADRESA, ULICE, CISLO_POPISNE, OBEC, PSC) values (9, 'Pierstorff', '21', 'Tshikapa', 62312);
insert into ADRESA (ID_ADRESA, ULICE, CISLO_POPISNE, OBEC, PSC) values (10, 'Buell', '345', 'Taltal', 54184);
insert into ADRESA (ID_ADRESA, ULICE, CISLO_POPISNE, OBEC, PSC) values (11, 'Larry', '04', 'Goyang-si', 82406);
insert into ADRESA (ID_ADRESA, ULICE, CISLO_POPISNE, OBEC, PSC) values (12, 'Laurel', '667', 'Llorente', 79690);
insert into ADRESA (ID_ADRESA, ULICE, CISLO_POPISNE, OBEC, PSC) values (13, 'Sommers', '528', 'Salinggara', 81197);
insert into ADRESA (ID_ADRESA, ULICE, CISLO_POPISNE, OBEC, PSC) values (14, 'Northwestern', '125', 'Handaqi', 36936);
insert into ADRESA (ID_ADRESA, ULICE, CISLO_POPISNE, OBEC, PSC) values (15, 'Dunning', '9585', 'Banjar Banyuning Barat', 11962);
insert into ADRESA (ID_ADRESA, ULICE, CISLO_POPISNE, OBEC, PSC) values (16, 'Fisk', '2630', 'Dobri Dol', 91148);
insert into ADRESA (ID_ADRESA, ULICE, CISLO_POPISNE, OBEC, PSC) values (17, 'Eagle Crest', '4174', 'Ballivor', 63380);
insert into ADRESA (ID_ADRESA, ULICE, CISLO_POPISNE, OBEC, PSC) values (18, 'Nelson', '4528', 'Shawan', 36105);
insert into ADRESA (ID_ADRESA, ULICE, CISLO_POPISNE, OBEC, PSC) values (19, 'Pond', '05006', 'Yablo', 59090);
insert into ADRESA (ID_ADRESA, ULICE, CISLO_POPISNE, OBEC, PSC) values (20, 'Mandrake', '7677', 'Jirny', 53747);
insert into ADRESA (ID_ADRESA, ULICE, CISLO_POPISNE, OBEC, PSC) values (21, 'Ryan', '0', 'Ampelkipoi', 52707);
insert into ADRESA (ID_ADRESA, ULICE, CISLO_POPISNE, OBEC, PSC) values (22, 'Carioca', '7163', 'Trzciana', 42809);
insert into ADRESA (ID_ADRESA, ULICE, CISLO_POPISNE, OBEC, PSC) values (23, 'Caliangt', '0552', 'Motuo', 25076);
insert into ADRESA (ID_ADRESA, ULICE, CISLO_POPISNE, OBEC, PSC) values (24, 'Vera', '71817', 'Murind', 86094);
insert into ADRESA (ID_ADRESA, ULICE, CISLO_POPISNE, OBEC, PSC) values (25, 'Pearson', '9', 'lgiy', 55770);
insert into ADRESA (ID_ADRESA, ULICE, CISLO_POPISNE, OBEC, PSC) values (26, 'Eastlawn', '4', 'Juan L. Lacaze', 68075);
insert into ADRESA (ID_ADRESA, ULICE, CISLO_POPISNE, OBEC, PSC) values (27, 'Larry', '30', 'Notodden', 77197);
insert into ADRESA (ID_ADRESA, ULICE, CISLO_POPISNE, OBEC, PSC) values (28, 'Portage', '4', 'Wola Sernicka', 98373);
insert into ADRESA (ID_ADRESA, ULICE, CISLO_POPISNE, OBEC, PSC) values (29, 'Packers', '857', 'Donnycarney', 44007);
insert into ADRESA (ID_ADRESA, ULICE, CISLO_POPISNE, OBEC, PSC) values (30, 'Nevada', '62', 'Baluk', 89693);
insert into ADRESA (ID_ADRESA, ULICE, CISLO_POPISNE, OBEC, PSC) values (31, 'Kennedy', '91', 'Gteborg', 21249);
insert into ADRESA (ID_ADRESA, ULICE, CISLO_POPISNE, OBEC, PSC) values (32, 'Moland', '3656', 'Villach', 50399);
insert into ADRESA (ID_ADRESA, ULICE, CISLO_POPISNE, OBEC, PSC) values (33, 'Sloan', '47', 'Longjie', 82014);
insert into ADRESA (ID_ADRESA, ULICE, CISLO_POPISNE, OBEC, PSC) values (34, 'Moulton', '669', 'Kunvald', 10770);
insert into ADRESA (ID_ADRESA, ULICE, CISLO_POPISNE, OBEC, PSC) values (35, 'Center', '518', 'Porvenir', 17546);
insert into ADRESA (ID_ADRESA, ULICE, CISLO_POPISNE, OBEC, PSC) values (36, 'Graedel', '8', 'Santana do Livramento', 89360);
insert into ADRESA (ID_ADRESA, ULICE, CISLO_POPISNE, OBEC, PSC) values (37, 'Vidon', '4', 'Malho', 54520);
insert into ADRESA (ID_ADRESA, ULICE, CISLO_POPISNE, OBEC, PSC) values (38, 'Debs', '678', 'Bacun', 79016);
insert into ADRESA (ID_ADRESA, ULICE, CISLO_POPISNE, OBEC, PSC) values (39, 'Coolidge', '5384', 'Kafr Kann', 91533);
insert into ADRESA (ID_ADRESA, ULICE, CISLO_POPISNE, OBEC, PSC) values (40, 'Jay', '8395', 'El Pardo', 91307);
insert into ADRESA (ID_ADRESA, ULICE, CISLO_POPISNE, OBEC, PSC) values (41, 'Alpine', '80398', 'Villach', 28031);
insert into ADRESA (ID_ADRESA, ULICE, CISLO_POPISNE, OBEC, PSC) values (42, 'Cardinal', '50', 'Lamoso', 68380);
insert into ADRESA (ID_ADRESA, ULICE, CISLO_POPISNE, OBEC, PSC) values (43, 'Graedel', '91335', 'San Rafael Oriente', 49405);
insert into ADRESA (ID_ADRESA, ULICE, CISLO_POPISNE, OBEC, PSC) values (44, 'Thierer', '1', 'Lyubar', 33846);
insert into ADRESA (ID_ADRESA, ULICE, CISLO_POPISNE, OBEC, PSC) values (45, 'Huxley', '6', 'Klenak', 29611);
insert into ADRESA (ID_ADRESA, ULICE, CISLO_POPISNE, OBEC, PSC) values (46, 'Drewry', '391', 'Ambulong', 44008);
insert into ADRESA (ID_ADRESA, ULICE, CISLO_POPISNE, OBEC, PSC) values (47, 'Talmadge', '979', 'Meylan', 69225);
insert into ADRESA (ID_ADRESA, ULICE, CISLO_POPISNE, OBEC, PSC) values (48, 'Kinsman', '41518', 'Nuing', 69299);
insert into ADRESA (ID_ADRESA, ULICE, CISLO_POPISNE, OBEC, PSC) values (49, 'Brickson Park', '05', 'Yuyue', 80293);
insert into ADRESA (ID_ADRESA, ULICE, CISLO_POPISNE, OBEC, PSC) values (50, 'Packers', '888', 'Estrela', 20250);
insert into ADRESA (ID_ADRESA, ULICE, CISLO_POPISNE, OBEC, PSC) values (51, 'Corscot', '15652', 'Bosanski Novi', 36157);
insert into ADRESA (ID_ADRESA, ULICE, CISLO_POPISNE, OBEC, PSC) values (52, 'Texas', '72760', 'Otjimbingwe', 46032);
insert into ADRESA (ID_ADRESA, ULICE, CISLO_POPISNE, OBEC, PSC) values (53, 'Kropf', '57', 'Wangyi Zhendian', 81848);
insert into ADRESA (ID_ADRESA, ULICE, CISLO_POPISNE, OBEC, PSC) values (54, 'Pine View', '76', 'Blois', 53988);
insert into ADRESA (ID_ADRESA, ULICE, CISLO_POPISNE, OBEC, PSC) values (55, 'Hoard', '90', 'Keswick', 56554);
insert into ADRESA (ID_ADRESA, ULICE, CISLO_POPISNE, OBEC, PSC) values (56, 'Michigan', '928', 'Ripky', 93955);
insert into ADRESA (ID_ADRESA, ULICE, CISLO_POPISNE, OBEC, PSC) values (57, 'Browning', '6986', 'Ditsaan', 42759);
insert into ADRESA (ID_ADRESA, ULICE, CISLO_POPISNE, OBEC, PSC) values (58, 'Dovetail', '46', 'Trinidad', 67449);
insert into ADRESA (ID_ADRESA, ULICE, CISLO_POPISNE, OBEC, PSC) values (59, 'Darwin', '1932', 'Moneague', 40490);
insert into ADRESA (ID_ADRESA, ULICE, CISLO_POPISNE, OBEC, PSC) values (60, 'Norway Maple', '472', 'Dortmund', 32525);
insert into ADRESA (ID_ADRESA, ULICE, CISLO_POPISNE, OBEC, PSC) values (61, 'Nova', '13795', 'Mbigou', 32366);
insert into ADRESA (ID_ADRESA, ULICE, CISLO_POPISNE, OBEC, PSC) values (62, 'Sunbrook', '811', 'Desa Werasari', 29828);
insert into ADRESA (ID_ADRESA, ULICE, CISLO_POPISNE, OBEC, PSC) values (63, 'Clyde Gallagher', '5288', 'Saint-Laurent-Blangy', 30987);
insert into ADRESA (ID_ADRESA, ULICE, CISLO_POPISNE, OBEC, PSC) values (64, 'Jenna', '81560', 'Tuburan', 90585);
insert into ADRESA (ID_ADRESA, ULICE, CISLO_POPISNE, OBEC, PSC) values (65, 'Crescent Oaks', '75599', 'Mais', 54682);
insert into ADRESA (ID_ADRESA, ULICE, CISLO_POPISNE, OBEC, PSC) values (66, 'Forest', '92888', 'Kwangyang', 63846);
insert into ADRESA (ID_ADRESA, ULICE, CISLO_POPISNE, OBEC, PSC) values (67, 'Shelley', '497', 'Dietaisi', 77850);
insert into ADRESA (ID_ADRESA, ULICE, CISLO_POPISNE, OBEC, PSC) values (68, 'Meadow Valley', '26718', 'Sembon', 45340);
insert into ADRESA (ID_ADRESA, ULICE, CISLO_POPISNE, OBEC, PSC) values (69, 'Haas', '36941', 'Heka', 73352);
insert into ADRESA (ID_ADRESA, ULICE, CISLO_POPISNE, OBEC, PSC) values (70, 'Forest Dale', '3', 'Kuala Terengganu', 36475);
insert into ADRESA (ID_ADRESA, ULICE, CISLO_POPISNE, OBEC, PSC) values (71, 'Texas', '42', 'Villach', 87995);
insert into ADRESA (ID_ADRESA, ULICE, CISLO_POPISNE, OBEC, PSC) values (72, 'Fulton', '19', 'Kyprnos', 83096);
insert into ADRESA (ID_ADRESA, ULICE, CISLO_POPISNE, OBEC, PSC) values (73, 'Birchwood', '63', 'Jackson', 69351);
insert into ADRESA (ID_ADRESA, ULICE, CISLO_POPISNE, OBEC, PSC) values (74, 'Reindahl', '00', 'Pagnag', 85932);
insert into ADRESA (ID_ADRESA, ULICE, CISLO_POPISNE, OBEC, PSC) values (75, 'Dahle', '56246', 'Villach', 94785);
insert into ADRESA (ID_ADRESA, ULICE, CISLO_POPISNE, OBEC, PSC) values (76, 'Tennessee', '8', 'Santa Rosa', 95325);
insert into ADRESA (ID_ADRESA, ULICE, CISLO_POPISNE, OBEC, PSC) values (77, 'Londonderry', '0', 'Tunja', 56204);
insert into ADRESA (ID_ADRESA, ULICE, CISLO_POPISNE, OBEC, PSC) values (78, 'Quincy', '4064', 'Mabayo', 93223);
insert into ADRESA (ID_ADRESA, ULICE, CISLO_POPISNE, OBEC, PSC) values (79, 'Hooker', '21326', 'Jiangluo', 46094);
insert into ADRESA (ID_ADRESA, ULICE, CISLO_POPISNE, OBEC, PSC) values (80, 'Meadow Ridge', '8', 'Rockford', 40709);
insert into ADRESA (ID_ADRESA, ULICE, CISLO_POPISNE, OBEC, PSC) values (81, 'Hoffman', '5189', 'Buan', 65879);
insert into ADRESA (ID_ADRESA, ULICE, CISLO_POPISNE, OBEC, PSC) values (82, 'Sutherland', '8', 'Arauco', 88350);
insert into ADRESA (ID_ADRESA, ULICE, CISLO_POPISNE, OBEC, PSC) values (83, 'Northfield', '6822', 'Strellc i Ult', 88513);
insert into ADRESA (ID_ADRESA, ULICE, CISLO_POPISNE, OBEC, PSC) values (84, 'Columbus', '528', 'Georgiyevskaya', 67705);
insert into ADRESA (ID_ADRESA, ULICE, CISLO_POPISNE, OBEC, PSC) values (85, 'Chinook', '2', 'Junchuan', 16531);
insert into ADRESA (ID_ADRESA, ULICE, CISLO_POPISNE, OBEC, PSC) values (86, 'Garrison', '37839', 'Calinaoan Malasin', 31540);
insert into ADRESA (ID_ADRESA, ULICE, CISLO_POPISNE, OBEC, PSC) values (87, 'Marquette', '57', 'Zoetermeer', 10392);
insert into ADRESA (ID_ADRESA, ULICE, CISLO_POPISNE, OBEC, PSC) values (88, 'Moland', '253', 'Kopang Satu', 48889);
insert into ADRESA (ID_ADRESA, ULICE, CISLO_POPISNE, OBEC, PSC) values (89, 'Jay', '31258', 'Nazir Town', 79991);
insert into ADRESA (ID_ADRESA, ULICE, CISLO_POPISNE, OBEC, PSC) values (90, 'Northridge', '54', 'Cential', 51619);
insert into ADRESA (ID_ADRESA, ULICE, CISLO_POPISNE, OBEC, PSC) values (91, 'Badeau', '1', 'Pereira', 85158);
insert into ADRESA (ID_ADRESA, ULICE, CISLO_POPISNE, OBEC, PSC) values (92, 'Huxley', '8', 'Liangkou', 70437);
insert into ADRESA (ID_ADRESA, ULICE, CISLO_POPISNE, OBEC, PSC) values (93, 'Prentice', '971', 'Fresno', 28831);
insert into ADRESA (ID_ADRESA, ULICE, CISLO_POPISNE, OBEC, PSC) values (94, 'Dennis', '93', 'Villach', 33141);
insert into ADRESA (ID_ADRESA, ULICE, CISLO_POPISNE, OBEC, PSC) values (95, 'Bobwhite', '9', 'Lagdo', 77759);
insert into ADRESA (ID_ADRESA, ULICE, CISLO_POPISNE, OBEC, PSC) values (96, 'Jenifer', '167', 'Chana', 45606);
insert into ADRESA (ID_ADRESA, ULICE, CISLO_POPISNE, OBEC, PSC) values (97, 'Northwestern', '88', 'Villach', 50446);
insert into ADRESA (ID_ADRESA, ULICE, CISLO_POPISNE, OBEC, PSC) values (98, 'Carey', '33', 'Ngenden', 65053);
insert into ADRESA (ID_ADRESA, ULICE, CISLO_POPISNE, OBEC, PSC) values (99, 'Meadow Valley', '36', 'Kostanay', 37351);
insert into ADRESA (ID_ADRESA, ULICE, CISLO_POPISNE, OBEC, PSC) values (100, 'Warrior', '58', 'General Belgrano', 99272);




insert into BOUDAR (ID_ZAMESTNANEC, PRACOVNI_ZARAZENI, ZODPOVEDNOST_ZA_OBJEDNAVKY, ZODPOVEDNOST_ZA_PENIZE) values (1, 'Administrativa', 1, 1);
insert into BOUDAR (ID_ZAMESTNANEC, PRACOVNI_ZARAZENI, ZODPOVEDNOST_ZA_OBJEDNAVKY, ZODPOVEDNOST_ZA_PENIZE) values (2, 'Administrativa', 0, 1);
insert into BOUDAR (ID_ZAMESTNANEC, PRACOVNI_ZARAZENI, ZODPOVEDNOST_ZA_OBJEDNAVKY, ZODPOVEDNOST_ZA_PENIZE) values (3, 'Administrativa', 1, 0);
insert into BOUDAR (ID_ZAMESTNANEC, PRACOVNI_ZARAZENI, ZODPOVEDNOST_ZA_OBJEDNAVKY, ZODPOVEDNOST_ZA_PENIZE) values (4, 'Administrativa', 0, 1);
insert into BOUDAR (ID_ZAMESTNANEC, PRACOVNI_ZARAZENI, ZODPOVEDNOST_ZA_OBJEDNAVKY, ZODPOVEDNOST_ZA_PENIZE) values (5, 'Administrativa', 0, 1);
insert into BOUDAR (ID_ZAMESTNANEC, PRACOVNI_ZARAZENI, ZODPOVEDNOST_ZA_OBJEDNAVKY, ZODPOVEDNOST_ZA_PENIZE) values (6, 'Administrativa', 1, 0);
insert into BOUDAR (ID_ZAMESTNANEC, PRACOVNI_ZARAZENI, ZODPOVEDNOST_ZA_OBJEDNAVKY, ZODPOVEDNOST_ZA_PENIZE) values (7, 'Administrativa', 0, 0);
insert into BOUDAR (ID_ZAMESTNANEC, PRACOVNI_ZARAZENI, ZODPOVEDNOST_ZA_OBJEDNAVKY, ZODPOVEDNOST_ZA_PENIZE) values (8, 'Administrativa', 1, 0);
insert into BOUDAR (ID_ZAMESTNANEC, PRACOVNI_ZARAZENI, ZODPOVEDNOST_ZA_OBJEDNAVKY, ZODPOVEDNOST_ZA_PENIZE) values (9, 'Administrativa', 1, 0);
insert into BOUDAR (ID_ZAMESTNANEC, PRACOVNI_ZARAZENI, ZODPOVEDNOST_ZA_OBJEDNAVKY, ZODPOVEDNOST_ZA_PENIZE) values (10, 'Administrativa', 1, 1);
insert into BOUDAR (ID_ZAMESTNANEC, PRACOVNI_ZARAZENI, ZODPOVEDNOST_ZA_OBJEDNAVKY, ZODPOVEDNOST_ZA_PENIZE) values (11, 'Administrativa', 1, 0);
insert into BOUDAR (ID_ZAMESTNANEC, PRACOVNI_ZARAZENI, ZODPOVEDNOST_ZA_OBJEDNAVKY, ZODPOVEDNOST_ZA_PENIZE) values (12, 'Administrativa', 0, 1);
insert into BOUDAR (ID_ZAMESTNANEC, PRACOVNI_ZARAZENI, ZODPOVEDNOST_ZA_OBJEDNAVKY, ZODPOVEDNOST_ZA_PENIZE) values (13, 'Administrativa', 1, 0);
insert into BOUDAR (ID_ZAMESTNANEC, PRACOVNI_ZARAZENI, ZODPOVEDNOST_ZA_OBJEDNAVKY, ZODPOVEDNOST_ZA_PENIZE) values (14, 'Administrativa', 1, 1);
insert into BOUDAR (ID_ZAMESTNANEC, PRACOVNI_ZARAZENI, ZODPOVEDNOST_ZA_OBJEDNAVKY, ZODPOVEDNOST_ZA_PENIZE) values (15, 'Administrativa', 0, 0);
insert into BOUDAR (ID_ZAMESTNANEC, PRACOVNI_ZARAZENI, ZODPOVEDNOST_ZA_OBJEDNAVKY, ZODPOVEDNOST_ZA_PENIZE) values (16, 'Administrativa', 0, 0);
insert into BOUDAR (ID_ZAMESTNANEC, PRACOVNI_ZARAZENI, ZODPOVEDNOST_ZA_OBJEDNAVKY, ZODPOVEDNOST_ZA_PENIZE) values (17, 'Administrativa', 0, 0);
insert into BOUDAR (ID_ZAMESTNANEC, PRACOVNI_ZARAZENI, ZODPOVEDNOST_ZA_OBJEDNAVKY, ZODPOVEDNOST_ZA_PENIZE) values (18, 'Administrativa', 1, 1);
insert into BOUDAR (ID_ZAMESTNANEC, PRACOVNI_ZARAZENI, ZODPOVEDNOST_ZA_OBJEDNAVKY, ZODPOVEDNOST_ZA_PENIZE) values (19, 'Administrativa', 1, 1);
insert into BOUDAR (ID_ZAMESTNANEC, PRACOVNI_ZARAZENI, ZODPOVEDNOST_ZA_OBJEDNAVKY, ZODPOVEDNOST_ZA_PENIZE) values (20, 'Administrativa', 0, 1);
insert into BOUDAR (ID_ZAMESTNANEC, PRACOVNI_ZARAZENI, ZODPOVEDNOST_ZA_OBJEDNAVKY, ZODPOVEDNOST_ZA_PENIZE) values (21, 'Administrativa', 1, 0);
insert into BOUDAR (ID_ZAMESTNANEC, PRACOVNI_ZARAZENI, ZODPOVEDNOST_ZA_OBJEDNAVKY, ZODPOVEDNOST_ZA_PENIZE) values (22, 'Administrativa', 1, 0);
insert into BOUDAR (ID_ZAMESTNANEC, PRACOVNI_ZARAZENI, ZODPOVEDNOST_ZA_OBJEDNAVKY, ZODPOVEDNOST_ZA_PENIZE) values (23, 'Administrativa', 1, 1);
insert into BOUDAR (ID_ZAMESTNANEC, PRACOVNI_ZARAZENI, ZODPOVEDNOST_ZA_OBJEDNAVKY, ZODPOVEDNOST_ZA_PENIZE) values (24, 'Administrativa', 1, 0);
insert into BOUDAR (ID_ZAMESTNANEC, PRACOVNI_ZARAZENI, ZODPOVEDNOST_ZA_OBJEDNAVKY, ZODPOVEDNOST_ZA_PENIZE) values (25, 'Administrativa', 1, 0);
insert into BOUDAR (ID_ZAMESTNANEC, PRACOVNI_ZARAZENI, ZODPOVEDNOST_ZA_OBJEDNAVKY, ZODPOVEDNOST_ZA_PENIZE) values (26, 'Administrativa', 0, 0);
insert into BOUDAR (ID_ZAMESTNANEC, PRACOVNI_ZARAZENI, ZODPOVEDNOST_ZA_OBJEDNAVKY, ZODPOVEDNOST_ZA_PENIZE) values (27, 'Administrativa', 1, 1);
insert into BOUDAR (ID_ZAMESTNANEC, PRACOVNI_ZARAZENI, ZODPOVEDNOST_ZA_OBJEDNAVKY, ZODPOVEDNOST_ZA_PENIZE) values (28, 'Administrativa', 0, 0);
insert into BOUDAR (ID_ZAMESTNANEC, PRACOVNI_ZARAZENI, ZODPOVEDNOST_ZA_OBJEDNAVKY, ZODPOVEDNOST_ZA_PENIZE) values (29, 'Administrativa', 1, 1);
insert into BOUDAR (ID_ZAMESTNANEC, PRACOVNI_ZARAZENI, ZODPOVEDNOST_ZA_OBJEDNAVKY, ZODPOVEDNOST_ZA_PENIZE) values (30, 'Administrativa', 1, 1);
insert into BOUDAR (ID_ZAMESTNANEC, PRACOVNI_ZARAZENI, ZODPOVEDNOST_ZA_OBJEDNAVKY, ZODPOVEDNOST_ZA_PENIZE) values (31, 'Administrativa', 1, 1);
insert into BOUDAR (ID_ZAMESTNANEC, PRACOVNI_ZARAZENI, ZODPOVEDNOST_ZA_OBJEDNAVKY, ZODPOVEDNOST_ZA_PENIZE) values (32, 'Administrativa', 0, 1);
insert into BOUDAR (ID_ZAMESTNANEC, PRACOVNI_ZARAZENI, ZODPOVEDNOST_ZA_OBJEDNAVKY, ZODPOVEDNOST_ZA_PENIZE) values (33, 'Administrativa', 0, 1);
insert into BOUDAR (ID_ZAMESTNANEC, PRACOVNI_ZARAZENI, ZODPOVEDNOST_ZA_OBJEDNAVKY, ZODPOVEDNOST_ZA_PENIZE) values (34, 'Administrativa', 1, 0);
insert into BOUDAR (ID_ZAMESTNANEC, PRACOVNI_ZARAZENI, ZODPOVEDNOST_ZA_OBJEDNAVKY, ZODPOVEDNOST_ZA_PENIZE) values (35, 'Administrativa', 1, 1);
insert into BOUDAR (ID_ZAMESTNANEC, PRACOVNI_ZARAZENI, ZODPOVEDNOST_ZA_OBJEDNAVKY, ZODPOVEDNOST_ZA_PENIZE) values (36, 'Administrativa', 1, 0);
insert into BOUDAR (ID_ZAMESTNANEC, PRACOVNI_ZARAZENI, ZODPOVEDNOST_ZA_OBJEDNAVKY, ZODPOVEDNOST_ZA_PENIZE) values (37, 'Administrativa', 0, 1);
insert into BOUDAR (ID_ZAMESTNANEC, PRACOVNI_ZARAZENI, ZODPOVEDNOST_ZA_OBJEDNAVKY, ZODPOVEDNOST_ZA_PENIZE) values (38, 'Administrativa', 0, 0);
insert into BOUDAR (ID_ZAMESTNANEC, PRACOVNI_ZARAZENI, ZODPOVEDNOST_ZA_OBJEDNAVKY, ZODPOVEDNOST_ZA_PENIZE) values (39, 'Administrativa', 1, 1);
insert into BOUDAR (ID_ZAMESTNANEC, PRACOVNI_ZARAZENI, ZODPOVEDNOST_ZA_OBJEDNAVKY, ZODPOVEDNOST_ZA_PENIZE) values (40, 'Administrativa', 1, 1);
insert into BOUDAR (ID_ZAMESTNANEC, PRACOVNI_ZARAZENI, ZODPOVEDNOST_ZA_OBJEDNAVKY, ZODPOVEDNOST_ZA_PENIZE) values (41, 'Administrativa', 1, 1);
insert into BOUDAR (ID_ZAMESTNANEC, PRACOVNI_ZARAZENI, ZODPOVEDNOST_ZA_OBJEDNAVKY, ZODPOVEDNOST_ZA_PENIZE) values (42, 'Administrativa', 1, 1);
insert into BOUDAR (ID_ZAMESTNANEC, PRACOVNI_ZARAZENI, ZODPOVEDNOST_ZA_OBJEDNAVKY, ZODPOVEDNOST_ZA_PENIZE) values (43, 'Administrativa', 1, 0);
insert into BOUDAR (ID_ZAMESTNANEC, PRACOVNI_ZARAZENI, ZODPOVEDNOST_ZA_OBJEDNAVKY, ZODPOVEDNOST_ZA_PENIZE) values (44, 'Administrativa', 1, 1);
insert into BOUDAR (ID_ZAMESTNANEC, PRACOVNI_ZARAZENI, ZODPOVEDNOST_ZA_OBJEDNAVKY, ZODPOVEDNOST_ZA_PENIZE) values (45, 'Administrativa', 1, 0);
insert into BOUDAR (ID_ZAMESTNANEC, PRACOVNI_ZARAZENI, ZODPOVEDNOST_ZA_OBJEDNAVKY, ZODPOVEDNOST_ZA_PENIZE) values (46, 'Administrativa', 1, 1);
insert into BOUDAR (ID_ZAMESTNANEC, PRACOVNI_ZARAZENI, ZODPOVEDNOST_ZA_OBJEDNAVKY, ZODPOVEDNOST_ZA_PENIZE) values (47, 'Administrativa', 1, 1);
insert into BOUDAR (ID_ZAMESTNANEC, PRACOVNI_ZARAZENI, ZODPOVEDNOST_ZA_OBJEDNAVKY, ZODPOVEDNOST_ZA_PENIZE) values (48, 'Administrativa', 1, 1);
insert into BOUDAR (ID_ZAMESTNANEC, PRACOVNI_ZARAZENI, ZODPOVEDNOST_ZA_OBJEDNAVKY, ZODPOVEDNOST_ZA_PENIZE) values (49, 'Administrativa', 1, 1);
insert into BOUDAR (ID_ZAMESTNANEC, PRACOVNI_ZARAZENI, ZODPOVEDNOST_ZA_OBJEDNAVKY, ZODPOVEDNOST_ZA_PENIZE) values (50, 'Administrativa', 0, 1);
insert into BOUDAR (ID_ZAMESTNANEC, PRACOVNI_ZARAZENI, ZODPOVEDNOST_ZA_OBJEDNAVKY, ZODPOVEDNOST_ZA_PENIZE) values (51, 'Pujcovna', 0, 1);
insert into BOUDAR (ID_ZAMESTNANEC, PRACOVNI_ZARAZENI, ZODPOVEDNOST_ZA_OBJEDNAVKY, ZODPOVEDNOST_ZA_PENIZE) values (52, 'Pujcovna', 0, 1);
insert into BOUDAR (ID_ZAMESTNANEC, PRACOVNI_ZARAZENI, ZODPOVEDNOST_ZA_OBJEDNAVKY, ZODPOVEDNOST_ZA_PENIZE) values (53, 'Pujcovna', 0, 0);
insert into BOUDAR (ID_ZAMESTNANEC, PRACOVNI_ZARAZENI, ZODPOVEDNOST_ZA_OBJEDNAVKY, ZODPOVEDNOST_ZA_PENIZE) values (54, 'Pujcovna', 0, 1);
insert into BOUDAR (ID_ZAMESTNANEC, PRACOVNI_ZARAZENI, ZODPOVEDNOST_ZA_OBJEDNAVKY, ZODPOVEDNOST_ZA_PENIZE) values (55, 'Pujcovna', 0, 1);
insert into BOUDAR (ID_ZAMESTNANEC, PRACOVNI_ZARAZENI, ZODPOVEDNOST_ZA_OBJEDNAVKY, ZODPOVEDNOST_ZA_PENIZE) values (56, 'Pujcovna', 0, 0);
insert into BOUDAR (ID_ZAMESTNANEC, PRACOVNI_ZARAZENI, ZODPOVEDNOST_ZA_OBJEDNAVKY, ZODPOVEDNOST_ZA_PENIZE) values (57, 'Pujcovna', 0, 0);
insert into BOUDAR (ID_ZAMESTNANEC, PRACOVNI_ZARAZENI, ZODPOVEDNOST_ZA_OBJEDNAVKY, ZODPOVEDNOST_ZA_PENIZE) values (58, 'Pujcovna', 0, 0);
insert into BOUDAR (ID_ZAMESTNANEC, PRACOVNI_ZARAZENI, ZODPOVEDNOST_ZA_OBJEDNAVKY, ZODPOVEDNOST_ZA_PENIZE) values (59, 'Pujcovna', 1, 0);
insert into BOUDAR (ID_ZAMESTNANEC, PRACOVNI_ZARAZENI, ZODPOVEDNOST_ZA_OBJEDNAVKY, ZODPOVEDNOST_ZA_PENIZE) values (60, 'Pujcovna', 0, 0);
insert into BOUDAR (ID_ZAMESTNANEC, PRACOVNI_ZARAZENI, ZODPOVEDNOST_ZA_OBJEDNAVKY, ZODPOVEDNOST_ZA_PENIZE) values (61, 'Pujcovna', 0, 0);
insert into BOUDAR (ID_ZAMESTNANEC, PRACOVNI_ZARAZENI, ZODPOVEDNOST_ZA_OBJEDNAVKY, ZODPOVEDNOST_ZA_PENIZE) values (62, 'Pujcovna', 1, 0);
insert into BOUDAR (ID_ZAMESTNANEC, PRACOVNI_ZARAZENI, ZODPOVEDNOST_ZA_OBJEDNAVKY, ZODPOVEDNOST_ZA_PENIZE) values (63, 'Pujcovna', 1, 1);
insert into BOUDAR (ID_ZAMESTNANEC, PRACOVNI_ZARAZENI, ZODPOVEDNOST_ZA_OBJEDNAVKY, ZODPOVEDNOST_ZA_PENIZE) values (64, 'Pujcovna', 1, 0);
insert into BOUDAR (ID_ZAMESTNANEC, PRACOVNI_ZARAZENI, ZODPOVEDNOST_ZA_OBJEDNAVKY, ZODPOVEDNOST_ZA_PENIZE) values (65, 'Pujcovna', 1, 0);
insert into BOUDAR (ID_ZAMESTNANEC, PRACOVNI_ZARAZENI, ZODPOVEDNOST_ZA_OBJEDNAVKY, ZODPOVEDNOST_ZA_PENIZE) values (66, 'Pujcovna', 1, 1);
insert into BOUDAR (ID_ZAMESTNANEC, PRACOVNI_ZARAZENI, ZODPOVEDNOST_ZA_OBJEDNAVKY, ZODPOVEDNOST_ZA_PENIZE) values (67, 'Pujcovna', 1, 0);
insert into BOUDAR (ID_ZAMESTNANEC, PRACOVNI_ZARAZENI, ZODPOVEDNOST_ZA_OBJEDNAVKY, ZODPOVEDNOST_ZA_PENIZE) values (68, 'Pujcovna', 1, 1);
insert into BOUDAR (ID_ZAMESTNANEC, PRACOVNI_ZARAZENI, ZODPOVEDNOST_ZA_OBJEDNAVKY, ZODPOVEDNOST_ZA_PENIZE) values (69, 'Pujcovna', 0, 0);
insert into BOUDAR (ID_ZAMESTNANEC, PRACOVNI_ZARAZENI, ZODPOVEDNOST_ZA_OBJEDNAVKY, ZODPOVEDNOST_ZA_PENIZE) values (70, 'Pujcovna', 0, 1);
insert into BOUDAR (ID_ZAMESTNANEC, PRACOVNI_ZARAZENI, ZODPOVEDNOST_ZA_OBJEDNAVKY, ZODPOVEDNOST_ZA_PENIZE) values (71, 'Pujcovna', 1, 0);
insert into BOUDAR (ID_ZAMESTNANEC, PRACOVNI_ZARAZENI, ZODPOVEDNOST_ZA_OBJEDNAVKY, ZODPOVEDNOST_ZA_PENIZE) values (72, 'Pujcovna', 1, 1);
insert into BOUDAR (ID_ZAMESTNANEC, PRACOVNI_ZARAZENI, ZODPOVEDNOST_ZA_OBJEDNAVKY, ZODPOVEDNOST_ZA_PENIZE) values (73, 'Pujcovna', 0, 1);
insert into BOUDAR (ID_ZAMESTNANEC, PRACOVNI_ZARAZENI, ZODPOVEDNOST_ZA_OBJEDNAVKY, ZODPOVEDNOST_ZA_PENIZE) values (74, 'Pujcovna', 0, 1);
insert into BOUDAR (ID_ZAMESTNANEC, PRACOVNI_ZARAZENI, ZODPOVEDNOST_ZA_OBJEDNAVKY, ZODPOVEDNOST_ZA_PENIZE) values (75, 'Pujcovna', 0, 0);
insert into BOUDAR (ID_ZAMESTNANEC, PRACOVNI_ZARAZENI, ZODPOVEDNOST_ZA_OBJEDNAVKY, ZODPOVEDNOST_ZA_PENIZE) values (76, 'Pujcovna', 1, 1);
insert into BOUDAR (ID_ZAMESTNANEC, PRACOVNI_ZARAZENI, ZODPOVEDNOST_ZA_OBJEDNAVKY, ZODPOVEDNOST_ZA_PENIZE) values (77, 'Pujcovna', 1, 0);
insert into BOUDAR (ID_ZAMESTNANEC, PRACOVNI_ZARAZENI, ZODPOVEDNOST_ZA_OBJEDNAVKY, ZODPOVEDNOST_ZA_PENIZE) values (78, 'Pujcovna', 1, 1);
insert into BOUDAR (ID_ZAMESTNANEC, PRACOVNI_ZARAZENI, ZODPOVEDNOST_ZA_OBJEDNAVKY, ZODPOVEDNOST_ZA_PENIZE) values (79, 'Pujcovna', 1, 0);
insert into BOUDAR (ID_ZAMESTNANEC, PRACOVNI_ZARAZENI, ZODPOVEDNOST_ZA_OBJEDNAVKY, ZODPOVEDNOST_ZA_PENIZE) values (80, 'Pujcovna', 0, 1);
insert into BOUDAR (ID_ZAMESTNANEC, PRACOVNI_ZARAZENI, ZODPOVEDNOST_ZA_OBJEDNAVKY, ZODPOVEDNOST_ZA_PENIZE) values (81, 'Pujcovna', 1, 1);
insert into BOUDAR (ID_ZAMESTNANEC, PRACOVNI_ZARAZENI, ZODPOVEDNOST_ZA_OBJEDNAVKY, ZODPOVEDNOST_ZA_PENIZE) values (82, 'Pujcovna', 0, 1);
insert into BOUDAR (ID_ZAMESTNANEC, PRACOVNI_ZARAZENI, ZODPOVEDNOST_ZA_OBJEDNAVKY, ZODPOVEDNOST_ZA_PENIZE) values (83, 'Pujcovna', 0, 0);
insert into BOUDAR (ID_ZAMESTNANEC, PRACOVNI_ZARAZENI, ZODPOVEDNOST_ZA_OBJEDNAVKY, ZODPOVEDNOST_ZA_PENIZE) values (84, 'Pujcovna', 0, 0);
insert into BOUDAR (ID_ZAMESTNANEC, PRACOVNI_ZARAZENI, ZODPOVEDNOST_ZA_OBJEDNAVKY, ZODPOVEDNOST_ZA_PENIZE) values (85, 'Pujcovna', 0, 1);
insert into BOUDAR (ID_ZAMESTNANEC, PRACOVNI_ZARAZENI, ZODPOVEDNOST_ZA_OBJEDNAVKY, ZODPOVEDNOST_ZA_PENIZE) values (86, 'Pujcovna', 0, 1);
insert into BOUDAR (ID_ZAMESTNANEC, PRACOVNI_ZARAZENI, ZODPOVEDNOST_ZA_OBJEDNAVKY, ZODPOVEDNOST_ZA_PENIZE) values (87, 'Pujcovna', 1, 1);
insert into BOUDAR (ID_ZAMESTNANEC, PRACOVNI_ZARAZENI, ZODPOVEDNOST_ZA_OBJEDNAVKY, ZODPOVEDNOST_ZA_PENIZE) values (88, 'Pujcovna', 0, 0);
insert into BOUDAR (ID_ZAMESTNANEC, PRACOVNI_ZARAZENI, ZODPOVEDNOST_ZA_OBJEDNAVKY, ZODPOVEDNOST_ZA_PENIZE) values (89, 'Pujcovna', 0, 1);
insert into BOUDAR (ID_ZAMESTNANEC, PRACOVNI_ZARAZENI, ZODPOVEDNOST_ZA_OBJEDNAVKY, ZODPOVEDNOST_ZA_PENIZE) values (90, 'Pujcovna', 1, 0);
insert into BOUDAR (ID_ZAMESTNANEC, PRACOVNI_ZARAZENI, ZODPOVEDNOST_ZA_OBJEDNAVKY, ZODPOVEDNOST_ZA_PENIZE) values (91, 'Pujcovna', 0, 1);
insert into BOUDAR (ID_ZAMESTNANEC, PRACOVNI_ZARAZENI, ZODPOVEDNOST_ZA_OBJEDNAVKY, ZODPOVEDNOST_ZA_PENIZE) values (92, 'Pujcovna', 1, 1);
insert into BOUDAR (ID_ZAMESTNANEC, PRACOVNI_ZARAZENI, ZODPOVEDNOST_ZA_OBJEDNAVKY, ZODPOVEDNOST_ZA_PENIZE) values (93, 'Pujcovna', 1, 0);
insert into BOUDAR (ID_ZAMESTNANEC, PRACOVNI_ZARAZENI, ZODPOVEDNOST_ZA_OBJEDNAVKY, ZODPOVEDNOST_ZA_PENIZE) values (94, 'Pujcovna', 0, 0);
insert into BOUDAR (ID_ZAMESTNANEC, PRACOVNI_ZARAZENI, ZODPOVEDNOST_ZA_OBJEDNAVKY, ZODPOVEDNOST_ZA_PENIZE) values (95, 'Pujcovna', 0, 0);
insert into BOUDAR (ID_ZAMESTNANEC, PRACOVNI_ZARAZENI, ZODPOVEDNOST_ZA_OBJEDNAVKY, ZODPOVEDNOST_ZA_PENIZE) values (96, 'Pujcovna', 0, 1);
insert into BOUDAR (ID_ZAMESTNANEC, PRACOVNI_ZARAZENI, ZODPOVEDNOST_ZA_OBJEDNAVKY, ZODPOVEDNOST_ZA_PENIZE) values (97, 'Pujcovna', 0, 0);
insert into BOUDAR (ID_ZAMESTNANEC, PRACOVNI_ZARAZENI, ZODPOVEDNOST_ZA_OBJEDNAVKY, ZODPOVEDNOST_ZA_PENIZE) values (98, 'Pujcovna', 0, 0);
insert into BOUDAR (ID_ZAMESTNANEC, PRACOVNI_ZARAZENI, ZODPOVEDNOST_ZA_OBJEDNAVKY, ZODPOVEDNOST_ZA_PENIZE) values (99, 'Pujcovna', 0, 1);
insert into BOUDAR (ID_ZAMESTNANEC, PRACOVNI_ZARAZENI, ZODPOVEDNOST_ZA_OBJEDNAVKY, ZODPOVEDNOST_ZA_PENIZE) values (100, 'Pujcovna', 1, 1);




insert into DITE (ID_DITE, JMENO, PRIJMENI, ROK_NAROZENI, VYSKA, VAHA, AKTUALNI_UROVEN, ZAKAZNIK_ID_ZAKAZNIK) values (1, 'Mechelle', 'Willman', 2005, 150, 48, 'tape', 28);
insert into DITE (ID_DITE, JMENO, PRIJMENI, ROK_NAROZENI, VYSKA, VAHA, AKTUALNI_UROVEN, ZAKAZNIK_ID_ZAKAZNIK) values (2, 'Howey', 'Primrose', 2013, 110, 32, 'tape', 55);
insert into DITE (ID_DITE, JMENO, PRIJMENI, ROK_NAROZENI, VYSKA, VAHA, AKTUALNI_UROVEN, ZAKAZNIK_ID_ZAKAZNIK) values (3, 'Marion', 'Worviell', 2016, 95, 26, 'tape', 80);
insert into DITE (ID_DITE, JMENO, PRIJMENI, ROK_NAROZENI, VYSKA, VAHA, AKTUALNI_UROVEN, ZAKAZNIK_ID_ZAKAZNIK) values (4, 'Britt', 'Winram', 2010, 125, 38, 'tape', 22);
insert into DITE (ID_DITE, JMENO, PRIJMENI, ROK_NAROZENI, VYSKA, VAHA, AKTUALNI_UROVEN, ZAKAZNIK_ID_ZAKAZNIK) values (5, 'Claybourne', 'Clitsome', 2002, 165, 54, 'tape', 20);
insert into DITE (ID_DITE, JMENO, PRIJMENI, ROK_NAROZENI, VYSKA, VAHA, AKTUALNI_UROVEN, ZAKAZNIK_ID_ZAKAZNIK) values (6, 'Donella', 'Sumnall', 2006, 145, 46, 'tape', 32);
insert into DITE (ID_DITE, JMENO, PRIJMENI, ROK_NAROZENI, VYSKA, VAHA, AKTUALNI_UROVEN, ZAKAZNIK_ID_ZAKAZNIK) values (7, 'Wash', 'Threader', 2010, 125, 38, 'tape', 45);
insert into DITE (ID_DITE, JMENO, PRIJMENI, ROK_NAROZENI, VYSKA, VAHA, AKTUALNI_UROVEN, ZAKAZNIK_ID_ZAKAZNIK) values (8, 'Derick', 'Nulty', 2008, 135, 42, 'tape', 37);
insert into DITE (ID_DITE, JMENO, PRIJMENI, ROK_NAROZENI, VYSKA, VAHA, AKTUALNI_UROVEN, ZAKAZNIK_ID_ZAKAZNIK) values (9, 'Crista', 'MacKimmie', 2010, 125, 38, 'tape', 3);
insert into DITE (ID_DITE, JMENO, PRIJMENI, ROK_NAROZENI, VYSKA, VAHA, AKTUALNI_UROVEN, ZAKAZNIK_ID_ZAKAZNIK) values (10, 'Lucita', 'Walbrun', 2016, 95, 26, 'tape', 80);
insert into DITE (ID_DITE, JMENO, PRIJMENI, ROK_NAROZENI, VYSKA, VAHA, AKTUALNI_UROVEN, ZAKAZNIK_ID_ZAKAZNIK) values (11, 'Ted', 'Merit', 2008, 135, 42, 'tape', 1);
insert into DITE (ID_DITE, JMENO, PRIJMENI, ROK_NAROZENI, VYSKA, VAHA, AKTUALNI_UROVEN, ZAKAZNIK_ID_ZAKAZNIK) values (12, 'Jackquelin', 'Daniells', 2006, 145, 46, 'tape', 73);
insert into DITE (ID_DITE, JMENO, PRIJMENI, ROK_NAROZENI, VYSKA, VAHA, AKTUALNI_UROVEN, ZAKAZNIK_ID_ZAKAZNIK) values (13, 'Bell', 'Ralphs', 2003, 160, 52, 'tape', 92);
insert into DITE (ID_DITE, JMENO, PRIJMENI, ROK_NAROZENI, VYSKA, VAHA, AKTUALNI_UROVEN, ZAKAZNIK_ID_ZAKAZNIK) values (14, 'Deloris', 'Duding', 2010, 125, 38, 'tape', 66);
insert into DITE (ID_DITE, JMENO, PRIJMENI, ROK_NAROZENI, VYSKA, VAHA, AKTUALNI_UROVEN, ZAKAZNIK_ID_ZAKAZNIK) values (15, 'Raphael', 'Jessep', 2001, 170, 56, 'tape', 80);
insert into DITE (ID_DITE, JMENO, PRIJMENI, ROK_NAROZENI, VYSKA, VAHA, AKTUALNI_UROVEN, ZAKAZNIK_ID_ZAKAZNIK) values (16, 'Whit', 'Peacock', 2008, 135, 42, 'tape', 38);
insert into DITE (ID_DITE, JMENO, PRIJMENI, ROK_NAROZENI, VYSKA, VAHA, AKTUALNI_UROVEN, ZAKAZNIK_ID_ZAKAZNIK) values (17, 'Mendel', 'Ellsbury', 2006, 145, 46, 'tape', 34);
insert into DITE (ID_DITE, JMENO, PRIJMENI, ROK_NAROZENI, VYSKA, VAHA, AKTUALNI_UROVEN, ZAKAZNIK_ID_ZAKAZNIK) values (18, 'Sukey', 'Trythall', 2009, 130, 40, 'tape', 56);
insert into DITE (ID_DITE, JMENO, PRIJMENI, ROK_NAROZENI, VYSKA, VAHA, AKTUALNI_UROVEN, ZAKAZNIK_ID_ZAKAZNIK) values (19, 'Guillaume', 'Yukhov', 2009, 130, 40, 'tape', 18);
insert into DITE (ID_DITE, JMENO, PRIJMENI, ROK_NAROZENI, VYSKA, VAHA, AKTUALNI_UROVEN, ZAKAZNIK_ID_ZAKAZNIK) values (20, 'Freddie', 'Ramberg', 2010, 125, 38, 'tape', 29);
insert into DITE (ID_DITE, JMENO, PRIJMENI, ROK_NAROZENI, VYSKA, VAHA, AKTUALNI_UROVEN, ZAKAZNIK_ID_ZAKAZNIK) values (21, 'Micheline', 'Linsey', 2008, 135, 42, 'sipka', 37);
insert into DITE (ID_DITE, JMENO, PRIJMENI, ROK_NAROZENI, VYSKA, VAHA, AKTUALNI_UROVEN, ZAKAZNIK_ID_ZAKAZNIK) values (22, 'Faythe', 'Bland', 2010, 125, 38, 'sipka', 69);
insert into DITE (ID_DITE, JMENO, PRIJMENI, ROK_NAROZENI, VYSKA, VAHA, AKTUALNI_UROVEN, ZAKAZNIK_ID_ZAKAZNIK) values (23, 'Lita', 'Kintish', 2016, 95, 26, 'sipka', 51);
insert into DITE (ID_DITE, JMENO, PRIJMENI, ROK_NAROZENI, VYSKA, VAHA, AKTUALNI_UROVEN, ZAKAZNIK_ID_ZAKAZNIK) values (24, 'Dino', 'Lingner', 2004, 155, 50, 'sipka', 68);
insert into DITE (ID_DITE, JMENO, PRIJMENI, ROK_NAROZENI, VYSKA, VAHA, AKTUALNI_UROVEN, ZAKAZNIK_ID_ZAKAZNIK) values (25, 'Clemmie', 'Taffarello', 2015, 100, 28, 'sipka', 65);
insert into DITE (ID_DITE, JMENO, PRIJMENI, ROK_NAROZENI, VYSKA, VAHA, AKTUALNI_UROVEN, ZAKAZNIK_ID_ZAKAZNIK) values (26, 'Nollie', 'Peeke', 2004, 155, 50, 'sipka', 64);
insert into DITE (ID_DITE, JMENO, PRIJMENI, ROK_NAROZENI, VYSKA, VAHA, AKTUALNI_UROVEN, ZAKAZNIK_ID_ZAKAZNIK) values (27, 'Arley', 'Prendergrass', 2015, 100, 28, 'sipka', 5);
insert into DITE (ID_DITE, JMENO, PRIJMENI, ROK_NAROZENI, VYSKA, VAHA, AKTUALNI_UROVEN, ZAKAZNIK_ID_ZAKAZNIK) values (28, 'Griselda', 'Leneve', 2001, 170, 56, 'sipka', 45);
insert into DITE (ID_DITE, JMENO, PRIJMENI, ROK_NAROZENI, VYSKA, VAHA, AKTUALNI_UROVEN, ZAKAZNIK_ID_ZAKAZNIK) values (29, 'Flss', 'Tingey', 2013, 110, 32, 'sipka', 68);
insert into DITE (ID_DITE, JMENO, PRIJMENI, ROK_NAROZENI, VYSKA, VAHA, AKTUALNI_UROVEN, ZAKAZNIK_ID_ZAKAZNIK) values (30, 'Phip', 'Yerby', 2002, 165, 54, 'sipka', 2);
insert into DITE (ID_DITE, JMENO, PRIJMENI, ROK_NAROZENI, VYSKA, VAHA, AKTUALNI_UROVEN, ZAKAZNIK_ID_ZAKAZNIK) values (31, 'Nicol', 'Meneely', 2011, 120, 36, 'sipka', 62);
insert into DITE (ID_DITE, JMENO, PRIJMENI, ROK_NAROZENI, VYSKA, VAHA, AKTUALNI_UROVEN, ZAKAZNIK_ID_ZAKAZNIK) values (32, 'Lief', 'Mathys', 2006, 145, 46, 'sipka', 96);
insert into DITE (ID_DITE, JMENO, PRIJMENI, ROK_NAROZENI, VYSKA, VAHA, AKTUALNI_UROVEN, ZAKAZNIK_ID_ZAKAZNIK) values (33, 'Giustino', 'Batie', 2016, 95, 26, 'sipka', 85);
insert into DITE (ID_DITE, JMENO, PRIJMENI, ROK_NAROZENI, VYSKA, VAHA, AKTUALNI_UROVEN, ZAKAZNIK_ID_ZAKAZNIK) values (34, 'Calli', 'Trinke', 2002, 165, 54, 'sipka', 75);
insert into DITE (ID_DITE, JMENO, PRIJMENI, ROK_NAROZENI, VYSKA, VAHA, AKTUALNI_UROVEN, ZAKAZNIK_ID_ZAKAZNIK) values (35, 'Dagny', 'MacNeil', 2012, 115, 34, 'sipka', 8);
insert into DITE (ID_DITE, JMENO, PRIJMENI, ROK_NAROZENI, VYSKA, VAHA, AKTUALNI_UROVEN, ZAKAZNIK_ID_ZAKAZNIK) values (36, 'Janeva', 'Rother', 2001, 170, 56, 'sipka', 12);
insert into DITE (ID_DITE, JMENO, PRIJMENI, ROK_NAROZENI, VYSKA, VAHA, AKTUALNI_UROVEN, ZAKAZNIK_ID_ZAKAZNIK) values (37, 'Odette', 'Pentercost', 2015, 100, 28, 'sipka', 66);
insert into DITE (ID_DITE, JMENO, PRIJMENI, ROK_NAROZENI, VYSKA, VAHA, AKTUALNI_UROVEN, ZAKAZNIK_ID_ZAKAZNIK) values (38, 'Lay', 'Rosenstock', 2003, 160, 52, 'sipka', 73);
insert into DITE (ID_DITE, JMENO, PRIJMENI, ROK_NAROZENI, VYSKA, VAHA, AKTUALNI_UROVEN, ZAKAZNIK_ID_ZAKAZNIK) values (39, 'Giulia', 'Leijs', 2004, 155, 50, 'sipka', 60);
insert into DITE (ID_DITE, JMENO, PRIJMENI, ROK_NAROZENI, VYSKA, VAHA, AKTUALNI_UROVEN, ZAKAZNIK_ID_ZAKAZNIK) values (40, 'Devina', 'Artus', 2002, 165, 54, 'sipka', 71);
insert into DITE (ID_DITE, JMENO, PRIJMENI, ROK_NAROZENI, VYSKA, VAHA, AKTUALNI_UROVEN, ZAKAZNIK_ID_ZAKAZNIK) values (41, 'Cecelia', 'Guiden', 2009, 130, 40, 'skolka', 30);
insert into DITE (ID_DITE, JMENO, PRIJMENI, ROK_NAROZENI, VYSKA, VAHA, AKTUALNI_UROVEN, ZAKAZNIK_ID_ZAKAZNIK) values (42, 'Abigail', 'Molnar', 2009, 130, 40, 'skolka', 62);
insert into DITE (ID_DITE, JMENO, PRIJMENI, ROK_NAROZENI, VYSKA, VAHA, AKTUALNI_UROVEN, ZAKAZNIK_ID_ZAKAZNIK) values (43, 'Ann-marie', 'Rolley', 2007, 140, 44, 'skolka', 21);
insert into DITE (ID_DITE, JMENO, PRIJMENI, ROK_NAROZENI, VYSKA, VAHA, AKTUALNI_UROVEN, ZAKAZNIK_ID_ZAKAZNIK) values (44, 'Skipper', 'Soppitt', 2013, 110, 32, 'skolka', 14);
insert into DITE (ID_DITE, JMENO, PRIJMENI, ROK_NAROZENI, VYSKA, VAHA, AKTUALNI_UROVEN, ZAKAZNIK_ID_ZAKAZNIK) values (45, 'Cara', 'Bramhall', 2012, 115, 34, 'skolka', 2);
insert into DITE (ID_DITE, JMENO, PRIJMENI, ROK_NAROZENI, VYSKA, VAHA, AKTUALNI_UROVEN, ZAKAZNIK_ID_ZAKAZNIK) values (46, 'Alastair', 'Collimore', 2010, 125, 38, 'skolka', 75);
insert into DITE (ID_DITE, JMENO, PRIJMENI, ROK_NAROZENI, VYSKA, VAHA, AKTUALNI_UROVEN, ZAKAZNIK_ID_ZAKAZNIK) values (47, 'Shea', 'Kordovani', 2002, 165, 54, 'skolka', 90);
insert into DITE (ID_DITE, JMENO, PRIJMENI, ROK_NAROZENI, VYSKA, VAHA, AKTUALNI_UROVEN, ZAKAZNIK_ID_ZAKAZNIK) values (48, 'Nathalia', 'Davage', 2015, 100, 28, 'skolka', 93);
insert into DITE (ID_DITE, JMENO, PRIJMENI, ROK_NAROZENI, VYSKA, VAHA, AKTUALNI_UROVEN, ZAKAZNIK_ID_ZAKAZNIK) values (49, 'Ardath', 'Grishakov', 2009, 130, 40, 'skolka', 82);
insert into DITE (ID_DITE, JMENO, PRIJMENI, ROK_NAROZENI, VYSKA, VAHA, AKTUALNI_UROVEN, ZAKAZNIK_ID_ZAKAZNIK) values (50, 'Edi', 'Semble', 2012, 115, 34, 'skolka', 50);
insert into DITE (ID_DITE, JMENO, PRIJMENI, ROK_NAROZENI, VYSKA, VAHA, AKTUALNI_UROVEN, ZAKAZNIK_ID_ZAKAZNIK) values (51, 'Ellerey', 'Dallison', 2012, 115, 34, 'skolka', 64);
insert into DITE (ID_DITE, JMENO, PRIJMENI, ROK_NAROZENI, VYSKA, VAHA, AKTUALNI_UROVEN, ZAKAZNIK_ID_ZAKAZNIK) values (52, 'Arlie', 'Nanetti', 2010, 125, 38, 'skolka', 25);
insert into DITE (ID_DITE, JMENO, PRIJMENI, ROK_NAROZENI, VYSKA, VAHA, AKTUALNI_UROVEN, ZAKAZNIK_ID_ZAKAZNIK) values (53, 'Rosabelle', 'Waylen', 2014, 105, 30, 'skolka', 34);
insert into DITE (ID_DITE, JMENO, PRIJMENI, ROK_NAROZENI, VYSKA, VAHA, AKTUALNI_UROVEN, ZAKAZNIK_ID_ZAKAZNIK) values (54, 'Vanna', 'Bramo', 2016, 95, 26, 'skolka', 36);
insert into DITE (ID_DITE, JMENO, PRIJMENI, ROK_NAROZENI, VYSKA, VAHA, AKTUALNI_UROVEN, ZAKAZNIK_ID_ZAKAZNIK) values (55, 'Roana', 'Alker', 2012, 115, 34, 'skolka', 99);
insert into DITE (ID_DITE, JMENO, PRIJMENI, ROK_NAROZENI, VYSKA, VAHA, AKTUALNI_UROVEN, ZAKAZNIK_ID_ZAKAZNIK) values (56, 'Kelsy', 'Gellan', 2006, 145, 46, 'skolka', 44);
insert into DITE (ID_DITE, JMENO, PRIJMENI, ROK_NAROZENI, VYSKA, VAHA, AKTUALNI_UROVEN, ZAKAZNIK_ID_ZAKAZNIK) values (57, 'Gabrielle', 'Haglinton', 2016, 95, 26, 'skolka', 45);
insert into DITE (ID_DITE, JMENO, PRIJMENI, ROK_NAROZENI, VYSKA, VAHA, AKTUALNI_UROVEN, ZAKAZNIK_ID_ZAKAZNIK) values (58, 'Coretta', 'Henken', 2005, 150, 48, 'skolka', 30);
insert into DITE (ID_DITE, JMENO, PRIJMENI, ROK_NAROZENI, VYSKA, VAHA, AKTUALNI_UROVEN, ZAKAZNIK_ID_ZAKAZNIK) values (59, 'Josy', 'Sanson', 2005, 150, 48, 'skolka', 10);
insert into DITE (ID_DITE, JMENO, PRIJMENI, ROK_NAROZENI, VYSKA, VAHA, AKTUALNI_UROVEN, ZAKAZNIK_ID_ZAKAZNIK) values (60, 'Gan', 'Coultar', 2005, 150, 48, 'skolka', 82);
insert into DITE (ID_DITE, JMENO, PRIJMENI, ROK_NAROZENI, VYSKA, VAHA, AKTUALNI_UROVEN, ZAKAZNIK_ID_ZAKAZNIK) values (61, 'Gussie', 'Beades', 2004, 155, 50, 'stredni', 20);
insert into DITE (ID_DITE, JMENO, PRIJMENI, ROK_NAROZENI, VYSKA, VAHA, AKTUALNI_UROVEN, ZAKAZNIK_ID_ZAKAZNIK) values (62, 'Cristie', 'Lenahan', 2013, 110, 32, 'stredni', 68);
insert into DITE (ID_DITE, JMENO, PRIJMENI, ROK_NAROZENI, VYSKA, VAHA, AKTUALNI_UROVEN, ZAKAZNIK_ID_ZAKAZNIK) values (63, 'Idette', 'Becarra', 2003, 160, 52, 'stredni', 53);
insert into DITE (ID_DITE, JMENO, PRIJMENI, ROK_NAROZENI, VYSKA, VAHA, AKTUALNI_UROVEN, ZAKAZNIK_ID_ZAKAZNIK) values (64, 'Evangeline', 'Ackrill', 2011, 120, 36, 'stredni', 79);
insert into DITE (ID_DITE, JMENO, PRIJMENI, ROK_NAROZENI, VYSKA, VAHA, AKTUALNI_UROVEN, ZAKAZNIK_ID_ZAKAZNIK) values (65, 'Gabe', 'McKissack', 2005, 150, 48, 'stredni', 86);
insert into DITE (ID_DITE, JMENO, PRIJMENI, ROK_NAROZENI, VYSKA, VAHA, AKTUALNI_UROVEN, ZAKAZNIK_ID_ZAKAZNIK) values (66, 'Gale', 'Elwill', 2013, 110, 32, 'stredni', 55);
insert into DITE (ID_DITE, JMENO, PRIJMENI, ROK_NAROZENI, VYSKA, VAHA, AKTUALNI_UROVEN, ZAKAZNIK_ID_ZAKAZNIK) values (67, 'Emmie', 'Frackiewicz', 2008, 135, 42, 'stredni', 30);
insert into DITE (ID_DITE, JMENO, PRIJMENI, ROK_NAROZENI, VYSKA, VAHA, AKTUALNI_UROVEN, ZAKAZNIK_ID_ZAKAZNIK) values (68, 'Christiano', 'Gribben', 2004, 155, 50, 'stredni', 16);
insert into DITE (ID_DITE, JMENO, PRIJMENI, ROK_NAROZENI, VYSKA, VAHA, AKTUALNI_UROVEN, ZAKAZNIK_ID_ZAKAZNIK) values (69, 'Constance', 'Riccardo', 2004, 155, 50, 'stredni', 39);
insert into DITE (ID_DITE, JMENO, PRIJMENI, ROK_NAROZENI, VYSKA, VAHA, AKTUALNI_UROVEN, ZAKAZNIK_ID_ZAKAZNIK) values (70, 'Sallyann', 'Bargh', 2006, 145, 46, 'stredni', 68);
insert into DITE (ID_DITE, JMENO, PRIJMENI, ROK_NAROZENI, VYSKA, VAHA, AKTUALNI_UROVEN, ZAKAZNIK_ID_ZAKAZNIK) values (71, 'Clemence', 'Sibbert', 2001, 170, 56, 'stredni', 36);
insert into DITE (ID_DITE, JMENO, PRIJMENI, ROK_NAROZENI, VYSKA, VAHA, AKTUALNI_UROVEN, ZAKAZNIK_ID_ZAKAZNIK) values (72, 'Samuel', 'Osgorby', 2013, 110, 32, 'stredni', 91);
insert into DITE (ID_DITE, JMENO, PRIJMENI, ROK_NAROZENI, VYSKA, VAHA, AKTUALNI_UROVEN, ZAKAZNIK_ID_ZAKAZNIK) values (73, 'Dav', 'Mumm', 2007, 140, 44, 'stredni', 53);
insert into DITE (ID_DITE, JMENO, PRIJMENI, ROK_NAROZENI, VYSKA, VAHA, AKTUALNI_UROVEN, ZAKAZNIK_ID_ZAKAZNIK) values (74, 'Juliann', 'Davidovsky', 2008, 135, 42, 'stredni', 46);
insert into DITE (ID_DITE, JMENO, PRIJMENI, ROK_NAROZENI, VYSKA, VAHA, AKTUALNI_UROVEN, ZAKAZNIK_ID_ZAKAZNIK) values (75, 'Bail', 'Stother', 2001, 170, 56, 'stredni', 70);
insert into DITE (ID_DITE, JMENO, PRIJMENI, ROK_NAROZENI, VYSKA, VAHA, AKTUALNI_UROVEN, ZAKAZNIK_ID_ZAKAZNIK) values (76, 'Joellen', 'Althrop', 2004, 155, 50, 'stredni', 19);
insert into DITE (ID_DITE, JMENO, PRIJMENI, ROK_NAROZENI, VYSKA, VAHA, AKTUALNI_UROVEN, ZAKAZNIK_ID_ZAKAZNIK) values (77, 'Lilah', 'Alwen', 2005, 150, 48, 'stredni', 15);
insert into DITE (ID_DITE, JMENO, PRIJMENI, ROK_NAROZENI, VYSKA, VAHA, AKTUALNI_UROVEN, ZAKAZNIK_ID_ZAKAZNIK) values (78, 'Lucia', 'Deluce', 2012, 115, 34, 'stredni', 71);
insert into DITE (ID_DITE, JMENO, PRIJMENI, ROK_NAROZENI, VYSKA, VAHA, AKTUALNI_UROVEN, ZAKAZNIK_ID_ZAKAZNIK) values (79, 'Carol-jean', 'M''Quharge', 2003, 160, 52, 'stredni', 51);
insert into DITE (ID_DITE, JMENO, PRIJMENI, ROK_NAROZENI, VYSKA, VAHA, AKTUALNI_UROVEN, ZAKAZNIK_ID_ZAKAZNIK) values (80, 'Englebert', 'Dadley', 2008, 135, 42, 'stredni', 56);
insert into DITE (ID_DITE, JMENO, PRIJMENI, ROK_NAROZENI, VYSKA, VAHA, AKTUALNI_UROVEN, ZAKAZNIK_ID_ZAKAZNIK) values (81, 'Joli', 'Casarino', 2012, 115, 34, 'poma', 87);
insert into DITE (ID_DITE, JMENO, PRIJMENI, ROK_NAROZENI, VYSKA, VAHA, AKTUALNI_UROVEN, ZAKAZNIK_ID_ZAKAZNIK) values (82, 'Denyse', 'Brambell', 2016, 95, 26, 'poma', 40);
insert into DITE (ID_DITE, JMENO, PRIJMENI, ROK_NAROZENI, VYSKA, VAHA, AKTUALNI_UROVEN, ZAKAZNIK_ID_ZAKAZNIK) values (83, 'Georgeanne', 'Conen', 2016, 95, 26, 'poma', 60);
insert into DITE (ID_DITE, JMENO, PRIJMENI, ROK_NAROZENI, VYSKA, VAHA, AKTUALNI_UROVEN, ZAKAZNIK_ID_ZAKAZNIK) values (84, 'Martica', 'Buist', 2014, 105, 30, 'poma', 60);
insert into DITE (ID_DITE, JMENO, PRIJMENI, ROK_NAROZENI, VYSKA, VAHA, AKTUALNI_UROVEN, ZAKAZNIK_ID_ZAKAZNIK) values (85, 'Harmonie', 'Heading', 2016, 95, 26, 'poma', 21);
insert into DITE (ID_DITE, JMENO, PRIJMENI, ROK_NAROZENI, VYSKA, VAHA, AKTUALNI_UROVEN, ZAKAZNIK_ID_ZAKAZNIK) values (86, 'Ivan', 'Bradlaugh', 2004, 155, 50, 'poma', 67);
insert into DITE (ID_DITE, JMENO, PRIJMENI, ROK_NAROZENI, VYSKA, VAHA, AKTUALNI_UROVEN, ZAKAZNIK_ID_ZAKAZNIK) values (87, 'Madelena', 'Alasdair', 2005, 150, 48, 'poma', 73);
insert into DITE (ID_DITE, JMENO, PRIJMENI, ROK_NAROZENI, VYSKA, VAHA, AKTUALNI_UROVEN, ZAKAZNIK_ID_ZAKAZNIK) values (88, 'Kathie', 'Drinkwater', 2014, 105, 30, 'poma', 51);
insert into DITE (ID_DITE, JMENO, PRIJMENI, ROK_NAROZENI, VYSKA, VAHA, AKTUALNI_UROVEN, ZAKAZNIK_ID_ZAKAZNIK) values (89, 'Kermy', 'Durnian', 2013, 110, 32, 'poma', 71);
insert into DITE (ID_DITE, JMENO, PRIJMENI, ROK_NAROZENI, VYSKA, VAHA, AKTUALNI_UROVEN, ZAKAZNIK_ID_ZAKAZNIK) values (90, 'Deeann', 'Perigoe', 2013, 110, 32, 'poma', 71);
insert into DITE (ID_DITE, JMENO, PRIJMENI, ROK_NAROZENI, VYSKA, VAHA, AKTUALNI_UROVEN, ZAKAZNIK_ID_ZAKAZNIK) values (91, 'Milli', 'Yemm', 2001, 170, 56, 'poma', 49);
insert into DITE (ID_DITE, JMENO, PRIJMENI, ROK_NAROZENI, VYSKA, VAHA, AKTUALNI_UROVEN, ZAKAZNIK_ID_ZAKAZNIK) values (92, 'Johannes', 'De Wolfe', 2016, 95, 26, 'poma', 62);
insert into DITE (ID_DITE, JMENO, PRIJMENI, ROK_NAROZENI, VYSKA, VAHA, AKTUALNI_UROVEN, ZAKAZNIK_ID_ZAKAZNIK) values (93, 'Ulric', 'Band', 2013, 110, 32, 'poma', 7);
insert into DITE (ID_DITE, JMENO, PRIJMENI, ROK_NAROZENI, VYSKA, VAHA, AKTUALNI_UROVEN, ZAKAZNIK_ID_ZAKAZNIK) values (94, 'Whitney', 'Dobbson', 2002, 165, 54, 'poma', 57);
insert into DITE (ID_DITE, JMENO, PRIJMENI, ROK_NAROZENI, VYSKA, VAHA, AKTUALNI_UROVEN, ZAKAZNIK_ID_ZAKAZNIK) values (95, 'Iorgo', 'Tearny', 2009, 130, 40, 'poma', 88);
insert into DITE (ID_DITE, JMENO, PRIJMENI, ROK_NAROZENI, VYSKA, VAHA, AKTUALNI_UROVEN, ZAKAZNIK_ID_ZAKAZNIK) values (96, 'Ky', 'Broome', 2006, 145, 46, 'poma', 46);
insert into DITE (ID_DITE, JMENO, PRIJMENI, ROK_NAROZENI, VYSKA, VAHA, AKTUALNI_UROVEN, ZAKAZNIK_ID_ZAKAZNIK) values (97, 'Maryjane', 'Haith', 2014, 105, 30, 'poma', 95);
insert into DITE (ID_DITE, JMENO, PRIJMENI, ROK_NAROZENI, VYSKA, VAHA, AKTUALNI_UROVEN, ZAKAZNIK_ID_ZAKAZNIK) values (98, 'Nichole', 'Bend', 2001, 170, 56, 'poma', 20);
insert into DITE (ID_DITE, JMENO, PRIJMENI, ROK_NAROZENI, VYSKA, VAHA, AKTUALNI_UROVEN, ZAKAZNIK_ID_ZAKAZNIK) values (99, 'Ailina', 'Perrett', 2015, 100, 28, 'poma', 53);
insert into DITE (ID_DITE, JMENO, PRIJMENI, ROK_NAROZENI, VYSKA, VAHA, AKTUALNI_UROVEN, ZAKAZNIK_ID_ZAKAZNIK) values (100, 'Manya', 'Nodin', 2006, 145, 46, 'poma', 69);
insert into DITE (ID_DITE, JMENO, PRIJMENI, ROK_NAROZENI, VYSKA, VAHA, AKTUALNI_UROVEN, ZAKAZNIK_ID_ZAKAZNIK) values (101, 'Drud', 'Sumner', 2006, 145, 46, 'naokolo', 1);
insert into DITE (ID_DITE, JMENO, PRIJMENI, ROK_NAROZENI, VYSKA, VAHA, AKTUALNI_UROVEN, ZAKAZNIK_ID_ZAKAZNIK) values (102, 'Allyson', 'Passfield', 2006, 145, 46, 'naokolo', 2);
insert into DITE (ID_DITE, JMENO, PRIJMENI, ROK_NAROZENI, VYSKA, VAHA, AKTUALNI_UROVEN, ZAKAZNIK_ID_ZAKAZNIK) values (103, 'Florian', 'Honsch', 2003, 160, 52, 'naokolo', 3);
insert into DITE (ID_DITE, JMENO, PRIJMENI, ROK_NAROZENI, VYSKA, VAHA, AKTUALNI_UROVEN, ZAKAZNIK_ID_ZAKAZNIK) values (104, 'Opal', 'Hosburn', 2006, 145, 46, 'naokolo', 4);
insert into DITE (ID_DITE, JMENO, PRIJMENI, ROK_NAROZENI, VYSKA, VAHA, AKTUALNI_UROVEN, ZAKAZNIK_ID_ZAKAZNIK) values (105, 'Alphard', 'Dykes', 2012, 115, 34, 'naokolo', 5);
insert into DITE (ID_DITE, JMENO, PRIJMENI, ROK_NAROZENI, VYSKA, VAHA, AKTUALNI_UROVEN, ZAKAZNIK_ID_ZAKAZNIK) values (106, 'Winonah', 'McKendo', 2007, 140, 44, 'naokolo', 6);
insert into DITE (ID_DITE, JMENO, PRIJMENI, ROK_NAROZENI, VYSKA, VAHA, AKTUALNI_UROVEN, ZAKAZNIK_ID_ZAKAZNIK) values (107, 'Archie', 'Romi', 2015, 100, 28, 'naokolo', 7);
insert into DITE (ID_DITE, JMENO, PRIJMENI, ROK_NAROZENI, VYSKA, VAHA, AKTUALNI_UROVEN, ZAKAZNIK_ID_ZAKAZNIK) values (108, 'Letitia', 'Marriage', 2016, 95, 26, 'naokolo', 8);
insert into DITE (ID_DITE, JMENO, PRIJMENI, ROK_NAROZENI, VYSKA, VAHA, AKTUALNI_UROVEN, ZAKAZNIK_ID_ZAKAZNIK) values (109, 'Dore', 'Lisimore', 2006, 145, 46, 'naokolo', 9);
insert into DITE (ID_DITE, JMENO, PRIJMENI, ROK_NAROZENI, VYSKA, VAHA, AKTUALNI_UROVEN, ZAKAZNIK_ID_ZAKAZNIK) values (110, 'Correy', 'Menham', 2003, 160, 52, 'naokolo', 10);
insert into DITE (ID_DITE, JMENO, PRIJMENI, ROK_NAROZENI, VYSKA, VAHA, AKTUALNI_UROVEN, ZAKAZNIK_ID_ZAKAZNIK) values (111, 'Jessie', 'Arney', 2001, 170, 56, 'naokolo', 11);
insert into DITE (ID_DITE, JMENO, PRIJMENI, ROK_NAROZENI, VYSKA, VAHA, AKTUALNI_UROVEN, ZAKAZNIK_ID_ZAKAZNIK) values (112, 'Morlee', 'Tull', 2001, 170, 56, 'naokolo', 12);
insert into DITE (ID_DITE, JMENO, PRIJMENI, ROK_NAROZENI, VYSKA, VAHA, AKTUALNI_UROVEN, ZAKAZNIK_ID_ZAKAZNIK) values (113, 'Sigismundo', 'Goodier', 2003, 160, 52, 'naokolo', 13);
insert into DITE (ID_DITE, JMENO, PRIJMENI, ROK_NAROZENI, VYSKA, VAHA, AKTUALNI_UROVEN, ZAKAZNIK_ID_ZAKAZNIK) values (114, 'Tarrance', 'Olenov', 2001, 170, 56, 'naokolo', 14);
insert into DITE (ID_DITE, JMENO, PRIJMENI, ROK_NAROZENI, VYSKA, VAHA, AKTUALNI_UROVEN, ZAKAZNIK_ID_ZAKAZNIK) values (115, 'Odilia', 'Loveland', 2008, 135, 42, 'naokolo', 15);
insert into DITE (ID_DITE, JMENO, PRIJMENI, ROK_NAROZENI, VYSKA, VAHA, AKTUALNI_UROVEN, ZAKAZNIK_ID_ZAKAZNIK) values (116, 'Madelyn', 'Woolerton', 2005, 150, 48, 'naokolo', 16);
insert into DITE (ID_DITE, JMENO, PRIJMENI, ROK_NAROZENI, VYSKA, VAHA, AKTUALNI_UROVEN, ZAKAZNIK_ID_ZAKAZNIK) values (117, 'Nissie', 'Fayne', 2016, 95, 26, 'naokolo', 17);
insert into DITE (ID_DITE, JMENO, PRIJMENI, ROK_NAROZENI, VYSKA, VAHA, AKTUALNI_UROVEN, ZAKAZNIK_ID_ZAKAZNIK) values (118, 'Ramon', 'Augustus', 2012, 115, 34, 'naokolo', 18);
insert into DITE (ID_DITE, JMENO, PRIJMENI, ROK_NAROZENI, VYSKA, VAHA, AKTUALNI_UROVEN, ZAKAZNIK_ID_ZAKAZNIK) values (119, 'Giff', 'Shervington', 2004, 155, 50, 'naokolo', 19);
insert into DITE (ID_DITE, JMENO, PRIJMENI, ROK_NAROZENI, VYSKA, VAHA, AKTUALNI_UROVEN, ZAKAZNIK_ID_ZAKAZNIK) values (120, 'Nicolas', 'Ridder', 2011, 120, 36, 'naokolo', 20);
insert into DITE (ID_DITE, JMENO, PRIJMENI, ROK_NAROZENI, VYSKA, VAHA, AKTUALNI_UROVEN, ZAKAZNIK_ID_ZAKAZNIK) values (121, 'Reyna', 'Stidworthy', 2003, 160, 52, 'kopec', 21);
insert into DITE (ID_DITE, JMENO, PRIJMENI, ROK_NAROZENI, VYSKA, VAHA, AKTUALNI_UROVEN, ZAKAZNIK_ID_ZAKAZNIK) values (122, 'Federica', 'Quarrington', 2011, 120, 36, 'kopec', 22);
insert into DITE (ID_DITE, JMENO, PRIJMENI, ROK_NAROZENI, VYSKA, VAHA, AKTUALNI_UROVEN, ZAKAZNIK_ID_ZAKAZNIK) values (123, 'Kirbee', 'Cordova', 2001, 170, 56, 'kopec', 23);
insert into DITE (ID_DITE, JMENO, PRIJMENI, ROK_NAROZENI, VYSKA, VAHA, AKTUALNI_UROVEN, ZAKAZNIK_ID_ZAKAZNIK) values (124, 'Thorpe', 'Gilberthorpe', 2002, 165, 54, 'kopec', 24);
insert into DITE (ID_DITE, JMENO, PRIJMENI, ROK_NAROZENI, VYSKA, VAHA, AKTUALNI_UROVEN, ZAKAZNIK_ID_ZAKAZNIK) values (125, 'Martelle', 'Armin', 2014, 105, 30, 'kopec', 25);
insert into DITE (ID_DITE, JMENO, PRIJMENI, ROK_NAROZENI, VYSKA, VAHA, AKTUALNI_UROVEN, ZAKAZNIK_ID_ZAKAZNIK) values (126, 'Cicely', 'Teml', 2012, 115, 34, 'kopec', 26);
insert into DITE (ID_DITE, JMENO, PRIJMENI, ROK_NAROZENI, VYSKA, VAHA, AKTUALNI_UROVEN, ZAKAZNIK_ID_ZAKAZNIK) values (127, 'Sibylla', 'Prazer', 2001, 170, 56, 'kopec', 27);
insert into DITE (ID_DITE, JMENO, PRIJMENI, ROK_NAROZENI, VYSKA, VAHA, AKTUALNI_UROVEN, ZAKAZNIK_ID_ZAKAZNIK) values (128, 'Gwendolen', 'Kniveton', 2016, 95, 26, 'kopec', 28);
insert into DITE (ID_DITE, JMENO, PRIJMENI, ROK_NAROZENI, VYSKA, VAHA, AKTUALNI_UROVEN, ZAKAZNIK_ID_ZAKAZNIK) values (129, 'Avigdor', 'Radki', 2014, 105, 30, 'kopec', 29);
insert into DITE (ID_DITE, JMENO, PRIJMENI, ROK_NAROZENI, VYSKA, VAHA, AKTUALNI_UROVEN, ZAKAZNIK_ID_ZAKAZNIK) values (130, 'Adore', 'Delgadillo', 2009, 130, 40, 'kopec', 30);
insert into DITE (ID_DITE, JMENO, PRIJMENI, ROK_NAROZENI, VYSKA, VAHA, AKTUALNI_UROVEN, ZAKAZNIK_ID_ZAKAZNIK) values (131, 'Vernice', 'Beardsworth', 2015, 100, 28, 'kopec', 31);
insert into DITE (ID_DITE, JMENO, PRIJMENI, ROK_NAROZENI, VYSKA, VAHA, AKTUALNI_UROVEN, ZAKAZNIK_ID_ZAKAZNIK) values (132, 'Buddie', 'Atton', 2011, 120, 36, 'kopec', 32);
insert into DITE (ID_DITE, JMENO, PRIJMENI, ROK_NAROZENI, VYSKA, VAHA, AKTUALNI_UROVEN, ZAKAZNIK_ID_ZAKAZNIK) values (133, 'Vivie', 'Mildenhall', 2009, 130, 40, 'kopec', 33);
insert into DITE (ID_DITE, JMENO, PRIJMENI, ROK_NAROZENI, VYSKA, VAHA, AKTUALNI_UROVEN, ZAKAZNIK_ID_ZAKAZNIK) values (134, 'Avigdor', 'Othen', 2014, 105, 30, 'kopec', 34);
insert into DITE (ID_DITE, JMENO, PRIJMENI, ROK_NAROZENI, VYSKA, VAHA, AKTUALNI_UROVEN, ZAKAZNIK_ID_ZAKAZNIK) values (135, 'Shelden', 'Gurys', 2004, 155, 50, 'kopec', 35);
insert into DITE (ID_DITE, JMENO, PRIJMENI, ROK_NAROZENI, VYSKA, VAHA, AKTUALNI_UROVEN, ZAKAZNIK_ID_ZAKAZNIK) values (136, 'Lark', 'Gaitley', 2003, 160, 52, 'kopec', 36);
insert into DITE (ID_DITE, JMENO, PRIJMENI, ROK_NAROZENI, VYSKA, VAHA, AKTUALNI_UROVEN, ZAKAZNIK_ID_ZAKAZNIK) values (137, 'Ellette', 'Bagshawe', 2014, 105, 30, 'kopec', 37);
insert into DITE (ID_DITE, JMENO, PRIJMENI, ROK_NAROZENI, VYSKA, VAHA, AKTUALNI_UROVEN, ZAKAZNIK_ID_ZAKAZNIK) values (138, 'Zulema', 'Ouldcott', 2014, 105, 30, 'kopec', 38);
insert into DITE (ID_DITE, JMENO, PRIJMENI, ROK_NAROZENI, VYSKA, VAHA, AKTUALNI_UROVEN, ZAKAZNIK_ID_ZAKAZNIK) values (139, 'Johnath', 'Smaile', 2013, 110, 32, 'kopec', 39);
insert into DITE (ID_DITE, JMENO, PRIJMENI, ROK_NAROZENI, VYSKA, VAHA, AKTUALNI_UROVEN, ZAKAZNIK_ID_ZAKAZNIK) values (140, 'Emelda', 'Grenter', 2013, 110, 32, 'kopec', 40);
insert into DITE (ID_DITE, JMENO, PRIJMENI, ROK_NAROZENI, VYSKA, VAHA, AKTUALNI_UROVEN, ZAKAZNIK_ID_ZAKAZNIK) values (141, 'Sly', 'Mudge', 2013, 110, 32, 'sipka', 41);
insert into DITE (ID_DITE, JMENO, PRIJMENI, ROK_NAROZENI, VYSKA, VAHA, AKTUALNI_UROVEN, ZAKAZNIK_ID_ZAKAZNIK) values (142, 'Giralda', 'Alforde', 2013, 110, 32, 'sipka', 42);
insert into DITE (ID_DITE, JMENO, PRIJMENI, ROK_NAROZENI, VYSKA, VAHA, AKTUALNI_UROVEN, ZAKAZNIK_ID_ZAKAZNIK) values (143, 'Ariella', 'Cracker', 2004, 155, 50, 'sipka', 43);
insert into DITE (ID_DITE, JMENO, PRIJMENI, ROK_NAROZENI, VYSKA, VAHA, AKTUALNI_UROVEN, ZAKAZNIK_ID_ZAKAZNIK) values (144, 'Niels', 'Montacute', 2014, 105, 30, 'sipka', 44);
insert into DITE (ID_DITE, JMENO, PRIJMENI, ROK_NAROZENI, VYSKA, VAHA, AKTUALNI_UROVEN, ZAKAZNIK_ID_ZAKAZNIK) values (145, 'Blayne', 'Troubridge', 2005, 150, 48, 'sipka', 45);
insert into DITE (ID_DITE, JMENO, PRIJMENI, ROK_NAROZENI, VYSKA, VAHA, AKTUALNI_UROVEN, ZAKAZNIK_ID_ZAKAZNIK) values (146, 'Eran', 'Pester', 2006, 145, 46, 'sipka', 46);
insert into DITE (ID_DITE, JMENO, PRIJMENI, ROK_NAROZENI, VYSKA, VAHA, AKTUALNI_UROVEN, ZAKAZNIK_ID_ZAKAZNIK) values (147, 'Minette', 'Newlan', 2003, 160, 52, 'sipka', 47);
insert into DITE (ID_DITE, JMENO, PRIJMENI, ROK_NAROZENI, VYSKA, VAHA, AKTUALNI_UROVEN, ZAKAZNIK_ID_ZAKAZNIK) values (148, 'Wilek', 'Bertlin', 2013, 110, 32, 'sipka', 48);
insert into DITE (ID_DITE, JMENO, PRIJMENI, ROK_NAROZENI, VYSKA, VAHA, AKTUALNI_UROVEN, ZAKAZNIK_ID_ZAKAZNIK) values (149, 'Brigit', 'Dubose', 2009, 130, 40, 'sipka', 49);
insert into DITE (ID_DITE, JMENO, PRIJMENI, ROK_NAROZENI, VYSKA, VAHA, AKTUALNI_UROVEN, ZAKAZNIK_ID_ZAKAZNIK) values (150, 'Woodrow', 'Waistall', 2005, 150, 48, 'sipka', 50);
insert into DITE (ID_DITE, JMENO, PRIJMENI, ROK_NAROZENI, VYSKA, VAHA, AKTUALNI_UROVEN, ZAKAZNIK_ID_ZAKAZNIK) values (151, 'Ogden', 'Quenby', 2004, 155, 50, 'sipka', 51);
insert into DITE (ID_DITE, JMENO, PRIJMENI, ROK_NAROZENI, VYSKA, VAHA, AKTUALNI_UROVEN, ZAKAZNIK_ID_ZAKAZNIK) values (152, 'Trevar', 'Novic', 2002, 165, 54, 'sipka', 52);
insert into DITE (ID_DITE, JMENO, PRIJMENI, ROK_NAROZENI, VYSKA, VAHA, AKTUALNI_UROVEN, ZAKAZNIK_ID_ZAKAZNIK) values (153, 'Loren', 'Reddish', 2014, 105, 30, 'sipka', 53);
insert into DITE (ID_DITE, JMENO, PRIJMENI, ROK_NAROZENI, VYSKA, VAHA, AKTUALNI_UROVEN, ZAKAZNIK_ID_ZAKAZNIK) values (154, 'Esdras', 'Gynni', 2014, 105, 30, 'sipka', 54);
insert into DITE (ID_DITE, JMENO, PRIJMENI, ROK_NAROZENI, VYSKA, VAHA, AKTUALNI_UROVEN, ZAKAZNIK_ID_ZAKAZNIK) values (155, 'Stacy', 'Stilling', 2013, 110, 32, 'sipka', 55);
insert into DITE (ID_DITE, JMENO, PRIJMENI, ROK_NAROZENI, VYSKA, VAHA, AKTUALNI_UROVEN, ZAKAZNIK_ID_ZAKAZNIK) values (156, 'Zelda', 'St. Aubyn', 2010, 125, 38, 'sipka', 56);
insert into DITE (ID_DITE, JMENO, PRIJMENI, ROK_NAROZENI, VYSKA, VAHA, AKTUALNI_UROVEN, ZAKAZNIK_ID_ZAKAZNIK) values (157, 'Brynne', 'Bertomieu', 2006, 145, 46, 'sipka', 57);
insert into DITE (ID_DITE, JMENO, PRIJMENI, ROK_NAROZENI, VYSKA, VAHA, AKTUALNI_UROVEN, ZAKAZNIK_ID_ZAKAZNIK) values (158, 'Georgianne', 'Bricknell', 2010, 125, 38, 'sipka', 58);
insert into DITE (ID_DITE, JMENO, PRIJMENI, ROK_NAROZENI, VYSKA, VAHA, AKTUALNI_UROVEN, ZAKAZNIK_ID_ZAKAZNIK) values (159, 'Kendall', 'Mainwaring', 2005, 150, 48, 'sipka', 59);
insert into DITE (ID_DITE, JMENO, PRIJMENI, ROK_NAROZENI, VYSKA, VAHA, AKTUALNI_UROVEN, ZAKAZNIK_ID_ZAKAZNIK) values (160, 'Lissie', 'Yeudall', 2004, 155, 50, 'sipka', 60);
insert into DITE (ID_DITE, JMENO, PRIJMENI, ROK_NAROZENI, VYSKA, VAHA, AKTUALNI_UROVEN, ZAKAZNIK_ID_ZAKAZNIK) values (161, 'Mariya', 'Liger', 2012, 115, 34, 'paralel', 61);
insert into DITE (ID_DITE, JMENO, PRIJMENI, ROK_NAROZENI, VYSKA, VAHA, AKTUALNI_UROVEN, ZAKAZNIK_ID_ZAKAZNIK) values (162, 'Marcia', 'Desporte', 2014, 105, 30, 'paralel', 62);
insert into DITE (ID_DITE, JMENO, PRIJMENI, ROK_NAROZENI, VYSKA, VAHA, AKTUALNI_UROVEN, ZAKAZNIK_ID_ZAKAZNIK) values (163, 'Barret', 'Leason', 2009, 130, 40, 'paralel', 63);
insert into DITE (ID_DITE, JMENO, PRIJMENI, ROK_NAROZENI, VYSKA, VAHA, AKTUALNI_UROVEN, ZAKAZNIK_ID_ZAKAZNIK) values (164, 'Catharine', 'Nicholson', 2011, 120, 36, 'paralel', 64);
insert into DITE (ID_DITE, JMENO, PRIJMENI, ROK_NAROZENI, VYSKA, VAHA, AKTUALNI_UROVEN, ZAKAZNIK_ID_ZAKAZNIK) values (165, 'Blanch', 'Steenson', 2006, 145, 46, 'paralel', 65);
insert into DITE (ID_DITE, JMENO, PRIJMENI, ROK_NAROZENI, VYSKA, VAHA, AKTUALNI_UROVEN, ZAKAZNIK_ID_ZAKAZNIK) values (166, 'Tasha', 'Reisin', 2005, 150, 48, 'paralel', 66);
insert into DITE (ID_DITE, JMENO, PRIJMENI, ROK_NAROZENI, VYSKA, VAHA, AKTUALNI_UROVEN, ZAKAZNIK_ID_ZAKAZNIK) values (167, 'Stacee', 'Hucquart', 2011, 120, 36, 'paralel', 67);
insert into DITE (ID_DITE, JMENO, PRIJMENI, ROK_NAROZENI, VYSKA, VAHA, AKTUALNI_UROVEN, ZAKAZNIK_ID_ZAKAZNIK) values (168, 'Paige', 'Asker', 2006, 145, 46, 'paralel', 68);
insert into DITE (ID_DITE, JMENO, PRIJMENI, ROK_NAROZENI, VYSKA, VAHA, AKTUALNI_UROVEN, ZAKAZNIK_ID_ZAKAZNIK) values (169, 'Casandra', 'Mulberry', 2013, 110, 32, 'paralel', 69);
insert into DITE (ID_DITE, JMENO, PRIJMENI, ROK_NAROZENI, VYSKA, VAHA, AKTUALNI_UROVEN, ZAKAZNIK_ID_ZAKAZNIK) values (170, 'Katerine', 'Venneur', 2016, 95, 26, 'paralel', 70);
insert into DITE (ID_DITE, JMENO, PRIJMENI, ROK_NAROZENI, VYSKA, VAHA, AKTUALNI_UROVEN, ZAKAZNIK_ID_ZAKAZNIK) values (171, 'Leoline', 'Ucchino', 2008, 135, 42, 'paralel', 71);
insert into DITE (ID_DITE, JMENO, PRIJMENI, ROK_NAROZENI, VYSKA, VAHA, AKTUALNI_UROVEN, ZAKAZNIK_ID_ZAKAZNIK) values (172, 'Nial', 'Tomanek', 2009, 130, 40, 'paralel', 72);
insert into DITE (ID_DITE, JMENO, PRIJMENI, ROK_NAROZENI, VYSKA, VAHA, AKTUALNI_UROVEN, ZAKAZNIK_ID_ZAKAZNIK) values (173, 'Jennie', 'Ledford', 2003, 160, 52, 'paralel', 73);
insert into DITE (ID_DITE, JMENO, PRIJMENI, ROK_NAROZENI, VYSKA, VAHA, AKTUALNI_UROVEN, ZAKAZNIK_ID_ZAKAZNIK) values (174, 'Tracy', 'Georgeou', 2009, 130, 40, 'paralel', 74);
insert into DITE (ID_DITE, JMENO, PRIJMENI, ROK_NAROZENI, VYSKA, VAHA, AKTUALNI_UROVEN, ZAKAZNIK_ID_ZAKAZNIK) values (175, 'Roderich', 'Beere', 2005, 150, 48, 'paralel', 75);
insert into DITE (ID_DITE, JMENO, PRIJMENI, ROK_NAROZENI, VYSKA, VAHA, AKTUALNI_UROVEN, ZAKAZNIK_ID_ZAKAZNIK) values (176, 'Carmelita', 'Sheach', 2005, 150, 48, 'paralel', 76);
insert into DITE (ID_DITE, JMENO, PRIJMENI, ROK_NAROZENI, VYSKA, VAHA, AKTUALNI_UROVEN, ZAKAZNIK_ID_ZAKAZNIK) values (177, 'Willy', 'Kennea', 2003, 160, 52, 'paralel', 77);
insert into DITE (ID_DITE, JMENO, PRIJMENI, ROK_NAROZENI, VYSKA, VAHA, AKTUALNI_UROVEN, ZAKAZNIK_ID_ZAKAZNIK) values (178, 'Aryn', 'Cherm', 2008, 135, 42, 'paralel', 78);
insert into DITE (ID_DITE, JMENO, PRIJMENI, ROK_NAROZENI, VYSKA, VAHA, AKTUALNI_UROVEN, ZAKAZNIK_ID_ZAKAZNIK) values (179, 'Raynor', 'Michelet', 2002, 165, 54, 'paralel', 79);
insert into DITE (ID_DITE, JMENO, PRIJMENI, ROK_NAROZENI, VYSKA, VAHA, AKTUALNI_UROVEN, ZAKAZNIK_ID_ZAKAZNIK) values (180, 'Crichton', 'Tofts', 2008, 135, 42, 'paralel', 80);
insert into DITE (ID_DITE, JMENO, PRIJMENI, ROK_NAROZENI, VYSKA, VAHA, AKTUALNI_UROVEN, ZAKAZNIK_ID_ZAKAZNIK) values (181, 'Waite', 'McTeggart', 2012, 115, 34, 'carving', 81);
insert into DITE (ID_DITE, JMENO, PRIJMENI, ROK_NAROZENI, VYSKA, VAHA, AKTUALNI_UROVEN, ZAKAZNIK_ID_ZAKAZNIK) values (182, 'Odele', 'Worg', 2007, 140, 44, 'carving', 82);
insert into DITE (ID_DITE, JMENO, PRIJMENI, ROK_NAROZENI, VYSKA, VAHA, AKTUALNI_UROVEN, ZAKAZNIK_ID_ZAKAZNIK) values (183, 'Luciana', 'Jurgen', 2007, 140, 44, 'carving', 83);
insert into DITE (ID_DITE, JMENO, PRIJMENI, ROK_NAROZENI, VYSKA, VAHA, AKTUALNI_UROVEN, ZAKAZNIK_ID_ZAKAZNIK) values (184, 'Ezra', 'Dakhov', 2012, 115, 34, 'carving', 84);
insert into DITE (ID_DITE, JMENO, PRIJMENI, ROK_NAROZENI, VYSKA, VAHA, AKTUALNI_UROVEN, ZAKAZNIK_ID_ZAKAZNIK) values (185, 'Jessalin', 'Geare', 2009, 130, 40, 'carving', 85);
insert into DITE (ID_DITE, JMENO, PRIJMENI, ROK_NAROZENI, VYSKA, VAHA, AKTUALNI_UROVEN, ZAKAZNIK_ID_ZAKAZNIK) values (186, 'May', 'Cowburn', 2002, 165, 54, 'carving', 86);
insert into DITE (ID_DITE, JMENO, PRIJMENI, ROK_NAROZENI, VYSKA, VAHA, AKTUALNI_UROVEN, ZAKAZNIK_ID_ZAKAZNIK) values (187, 'Tim', 'Hallowes', 2001, 170, 56, 'carving', 87);
insert into DITE (ID_DITE, JMENO, PRIJMENI, ROK_NAROZENI, VYSKA, VAHA, AKTUALNI_UROVEN, ZAKAZNIK_ID_ZAKAZNIK) values (188, 'Pansie', 'Brisbane', 2011, 120, 36, 'carving', 88);
insert into DITE (ID_DITE, JMENO, PRIJMENI, ROK_NAROZENI, VYSKA, VAHA, AKTUALNI_UROVEN, ZAKAZNIK_ID_ZAKAZNIK) values (189, 'Ardys', 'Olden', 2002, 165, 54, 'carving', 89);
insert into DITE (ID_DITE, JMENO, PRIJMENI, ROK_NAROZENI, VYSKA, VAHA, AKTUALNI_UROVEN, ZAKAZNIK_ID_ZAKAZNIK) values (190, 'Rosamund', 'Dand', 2008, 135, 42, 'carving', 90);
insert into DITE (ID_DITE, JMENO, PRIJMENI, ROK_NAROZENI, VYSKA, VAHA, AKTUALNI_UROVEN, ZAKAZNIK_ID_ZAKAZNIK) values (191, 'Virgina', 'Shorey', 2001, 170, 56, 'carving', 91);
insert into DITE (ID_DITE, JMENO, PRIJMENI, ROK_NAROZENI, VYSKA, VAHA, AKTUALNI_UROVEN, ZAKAZNIK_ID_ZAKAZNIK) values (192, 'Lishe', 'Akrigg', 2016, 95, 26, 'carving', 92);
insert into DITE (ID_DITE, JMENO, PRIJMENI, ROK_NAROZENI, VYSKA, VAHA, AKTUALNI_UROVEN, ZAKAZNIK_ID_ZAKAZNIK) values (193, 'Augustine', 'Pauletto', 2010, 125, 38, 'carving', 93);
insert into DITE (ID_DITE, JMENO, PRIJMENI, ROK_NAROZENI, VYSKA, VAHA, AKTUALNI_UROVEN, ZAKAZNIK_ID_ZAKAZNIK) values (194, 'Phaidra', 'Figliovanni', 2002, 165, 54, 'carving', 94);
insert into DITE (ID_DITE, JMENO, PRIJMENI, ROK_NAROZENI, VYSKA, VAHA, AKTUALNI_UROVEN, ZAKAZNIK_ID_ZAKAZNIK) values (195, 'Aldo', 'Ivannikov', 2008, 135, 42, 'carving', 95);
insert into DITE (ID_DITE, JMENO, PRIJMENI, ROK_NAROZENI, VYSKA, VAHA, AKTUALNI_UROVEN, ZAKAZNIK_ID_ZAKAZNIK) values (196, 'Trisha', 'Shurlock', 2002, 165, 54, 'carving', 96);
insert into DITE (ID_DITE, JMENO, PRIJMENI, ROK_NAROZENI, VYSKA, VAHA, AKTUALNI_UROVEN, ZAKAZNIK_ID_ZAKAZNIK) values (197, 'Wald', 'Winger', 2009, 130, 40, 'carving', 97);
insert into DITE (ID_DITE, JMENO, PRIJMENI, ROK_NAROZENI, VYSKA, VAHA, AKTUALNI_UROVEN, ZAKAZNIK_ID_ZAKAZNIK) values (198, 'Charis', 'Moxham', 2016, 95, 26, 'carving', 98);
insert into DITE (ID_DITE, JMENO, PRIJMENI, ROK_NAROZENI, VYSKA, VAHA, AKTUALNI_UROVEN, ZAKAZNIK_ID_ZAKAZNIK) values (199, 'Nerty', 'Macoun', 2016, 95, 26, 'carving', 99);
insert into DITE (ID_DITE, JMENO, PRIJMENI, ROK_NAROZENI, VYSKA, VAHA, AKTUALNI_UROVEN, ZAKAZNIK_ID_ZAKAZNIK) values (200, 'Terrye', 'Dudin', 2009, 130, 40, 'carving', 100);









insert into HODINA_VYUKY (ID_HODINA_VYUKY, DATUM, OD, DO, CENA, OBJ_VYUKY_ID_OBJ_VYUKY) values (1, '20.02.2019', '8', '15', '540', 1);
insert into HODINA_VYUKY (ID_HODINA_VYUKY, DATUM, OD, DO, CENA, OBJ_VYUKY_ID_OBJ_VYUKY) values (2, '13.03.2019', '8', '13', '430', 2);
insert into HODINA_VYUKY (ID_HODINA_VYUKY, DATUM, OD, DO, CENA, OBJ_VYUKY_ID_OBJ_VYUKY) values (3, '28.01.2019', '9', '17', '400', 3);
insert into HODINA_VYUKY (ID_HODINA_VYUKY, DATUM, OD, DO, CENA, OBJ_VYUKY_ID_OBJ_VYUKY) values (4, '02.01.2019', '9', '14', '490', 4);
insert into HODINA_VYUKY (ID_HODINA_VYUKY, DATUM, OD, DO, CENA, OBJ_VYUKY_ID_OBJ_VYUKY) values (5, '14.02.2019', '8', '12', '400', 5);
insert into HODINA_VYUKY (ID_HODINA_VYUKY, DATUM, OD, DO, CENA, OBJ_VYUKY_ID_OBJ_VYUKY) values (6, '22.01.2019', '8', '12', '590', 6);
insert into HODINA_VYUKY (ID_HODINA_VYUKY, DATUM, OD, DO, CENA, OBJ_VYUKY_ID_OBJ_VYUKY) values (7, '31.12.2018', '8', '13', '550', 7);
insert into HODINA_VYUKY (ID_HODINA_VYUKY, DATUM, OD, DO, CENA, OBJ_VYUKY_ID_OBJ_VYUKY) values (8, '23.02.2019', '9', '15', '460', 8);
insert into HODINA_VYUKY (ID_HODINA_VYUKY, DATUM, OD, DO, CENA, OBJ_VYUKY_ID_OBJ_VYUKY) values (9, '15.02.2019', '8', '13', '470', 9);
insert into HODINA_VYUKY (ID_HODINA_VYUKY, DATUM, OD, DO, CENA, OBJ_VYUKY_ID_OBJ_VYUKY) values (10, '23.01.2019', '9', '14', '480', 10);
insert into HODINA_VYUKY (ID_HODINA_VYUKY, DATUM, OD, DO, CENA, OBJ_VYUKY_ID_OBJ_VYUKY) values (11, '22.02.2019', '8', '18', '560', 11);
insert into HODINA_VYUKY (ID_HODINA_VYUKY, DATUM, OD, DO, CENA, OBJ_VYUKY_ID_OBJ_VYUKY) values (12, '10.02.2019', '9', '17', '580', 12);
insert into HODINA_VYUKY (ID_HODINA_VYUKY, DATUM, OD, DO, CENA, OBJ_VYUKY_ID_OBJ_VYUKY) values (13, '21.01.2019', '8', '19', '500', 13);
insert into HODINA_VYUKY (ID_HODINA_VYUKY, DATUM, OD, DO, CENA, OBJ_VYUKY_ID_OBJ_VYUKY) values (14, '08.01.2019', '8', '11', '430', 14);
insert into HODINA_VYUKY (ID_HODINA_VYUKY, DATUM, OD, DO, CENA, OBJ_VYUKY_ID_OBJ_VYUKY) values (15, '25.02.2019', '9', '17', '430', 15);
insert into HODINA_VYUKY (ID_HODINA_VYUKY, DATUM, OD, DO, CENA, OBJ_VYUKY_ID_OBJ_VYUKY) values (16, '05.01.2019', '8', '11', '490', 16);
insert into HODINA_VYUKY (ID_HODINA_VYUKY, DATUM, OD, DO, CENA, OBJ_VYUKY_ID_OBJ_VYUKY) values (17, '28.02.2019', '9', '10', '450', 17);
insert into HODINA_VYUKY (ID_HODINA_VYUKY, DATUM, OD, DO, CENA, OBJ_VYUKY_ID_OBJ_VYUKY) values (18, '19.02.2019', '9', '13', '420', 18);
insert into HODINA_VYUKY (ID_HODINA_VYUKY, DATUM, OD, DO, CENA, OBJ_VYUKY_ID_OBJ_VYUKY) values (19, '04.03.2019', '8', '13', '410', 19);
insert into HODINA_VYUKY (ID_HODINA_VYUKY, DATUM, OD, DO, CENA, OBJ_VYUKY_ID_OBJ_VYUKY) values (20, '07.02.2019', '8', '10', '530', 20);
insert into HODINA_VYUKY (ID_HODINA_VYUKY, DATUM, OD, DO, CENA, OBJ_VYUKY_ID_OBJ_VYUKY) values (21, '28.12.2018', '9', '18', '500', 21);
insert into HODINA_VYUKY (ID_HODINA_VYUKY, DATUM, OD, DO, CENA, OBJ_VYUKY_ID_OBJ_VYUKY) values (22, '11.03.2019', '8', '18', '480', 22);
insert into HODINA_VYUKY (ID_HODINA_VYUKY, DATUM, OD, DO, CENA, OBJ_VYUKY_ID_OBJ_VYUKY) values (23, '10.02.2019', '9', '18', '580', 23);
insert into HODINA_VYUKY (ID_HODINA_VYUKY, DATUM, OD, DO, CENA, OBJ_VYUKY_ID_OBJ_VYUKY) values (24, '22.02.2019', '9', '19', '440', 24);
insert into HODINA_VYUKY (ID_HODINA_VYUKY, DATUM, OD, DO, CENA, OBJ_VYUKY_ID_OBJ_VYUKY) values (25, '29.12.2018', '8', '13', '460', 25);
insert into HODINA_VYUKY (ID_HODINA_VYUKY, DATUM, OD, DO, CENA, OBJ_VYUKY_ID_OBJ_VYUKY) values (26, '06.03.2019', '9', '19', '460', 26);
insert into HODINA_VYUKY (ID_HODINA_VYUKY, DATUM, OD, DO, CENA, OBJ_VYUKY_ID_OBJ_VYUKY) values (27, '14.01.2019', '8', '13', '410', 27);
insert into HODINA_VYUKY (ID_HODINA_VYUKY, DATUM, OD, DO, CENA, OBJ_VYUKY_ID_OBJ_VYUKY) values (28, '07.03.2019', '8', '17', '410', 28);
insert into HODINA_VYUKY (ID_HODINA_VYUKY, DATUM, OD, DO, CENA, OBJ_VYUKY_ID_OBJ_VYUKY) values (29, '22.01.2019', '9', '15', '460', 29);
insert into HODINA_VYUKY (ID_HODINA_VYUKY, DATUM, OD, DO, CENA, OBJ_VYUKY_ID_OBJ_VYUKY) values (30, '08.02.2019', '9', '10', '400', 30);
insert into HODINA_VYUKY (ID_HODINA_VYUKY, DATUM, OD, DO, CENA, OBJ_VYUKY_ID_OBJ_VYUKY) values (31, '24.02.2019', '8', '11', '550', 31);
insert into HODINA_VYUKY (ID_HODINA_VYUKY, DATUM, OD, DO, CENA, OBJ_VYUKY_ID_OBJ_VYUKY) values (32, '14.02.2019', '9', '15', '540', 32);
insert into HODINA_VYUKY (ID_HODINA_VYUKY, DATUM, OD, DO, CENA, OBJ_VYUKY_ID_OBJ_VYUKY) values (33, '17.01.2019', '9', '16', '490', 33);
insert into HODINA_VYUKY (ID_HODINA_VYUKY, DATUM, OD, DO, CENA, OBJ_VYUKY_ID_OBJ_VYUKY) values (34, '12.01.2019', '9', '13', '400', 34);
insert into HODINA_VYUKY (ID_HODINA_VYUKY, DATUM, OD, DO, CENA, OBJ_VYUKY_ID_OBJ_VYUKY) values (35, '26.02.2019', '8', '15', '560', 35);
insert into HODINA_VYUKY (ID_HODINA_VYUKY, DATUM, OD, DO, CENA, OBJ_VYUKY_ID_OBJ_VYUKY) values (36, '28.01.2019', '8', '13', '540', 36);
insert into HODINA_VYUKY (ID_HODINA_VYUKY, DATUM, OD, DO, CENA, OBJ_VYUKY_ID_OBJ_VYUKY) values (37, '30.12.2018', '9', '14', '420', 37);
insert into HODINA_VYUKY (ID_HODINA_VYUKY, DATUM, OD, DO, CENA, OBJ_VYUKY_ID_OBJ_VYUKY) values (38, '02.01.2019', '9', '11', '580', 38);
insert into HODINA_VYUKY (ID_HODINA_VYUKY, DATUM, OD, DO, CENA, OBJ_VYUKY_ID_OBJ_VYUKY) values (39, '08.03.2019', '9', '10', '460', 39);
insert into HODINA_VYUKY (ID_HODINA_VYUKY, DATUM, OD, DO, CENA, OBJ_VYUKY_ID_OBJ_VYUKY) values (40, '23.01.2019', '8', '10', '440', 40);
insert into HODINA_VYUKY (ID_HODINA_VYUKY, DATUM, OD, DO, CENA, OBJ_VYUKY_ID_OBJ_VYUKY) values (41, '15.02.2019', '8', '13', '570', 41);
insert into HODINA_VYUKY (ID_HODINA_VYUKY, DATUM, OD, DO, CENA, OBJ_VYUKY_ID_OBJ_VYUKY) values (42, '10.03.2019', '9', '13', '490', 42);
insert into HODINA_VYUKY (ID_HODINA_VYUKY, DATUM, OD, DO, CENA, OBJ_VYUKY_ID_OBJ_VYUKY) values (43, '07.01.2019', '8', '17', '550', 43);
insert into HODINA_VYUKY (ID_HODINA_VYUKY, DATUM, OD, DO, CENA, OBJ_VYUKY_ID_OBJ_VYUKY) values (44, '20.02.2019', '8', '15', '490', 44);
insert into HODINA_VYUKY (ID_HODINA_VYUKY, DATUM, OD, DO, CENA, OBJ_VYUKY_ID_OBJ_VYUKY) values (45, '03.03.2019', '9', '11', '590', 45);
insert into HODINA_VYUKY (ID_HODINA_VYUKY, DATUM, OD, DO, CENA, OBJ_VYUKY_ID_OBJ_VYUKY) values (46, '28.12.2018', '9', '13', '480', 46);
insert into HODINA_VYUKY (ID_HODINA_VYUKY, DATUM, OD, DO, CENA, OBJ_VYUKY_ID_OBJ_VYUKY) values (47, '27.12.2018', '9', '16', '400', 47);
insert into HODINA_VYUKY (ID_HODINA_VYUKY, DATUM, OD, DO, CENA, OBJ_VYUKY_ID_OBJ_VYUKY) values (48, '15.02.2019', '9', '16', '400', 48);
insert into HODINA_VYUKY (ID_HODINA_VYUKY, DATUM, OD, DO, CENA, OBJ_VYUKY_ID_OBJ_VYUKY) values (49, '21.02.2019', '8', '18', '460', 49);
insert into HODINA_VYUKY (ID_HODINA_VYUKY, DATUM, OD, DO, CENA, OBJ_VYUKY_ID_OBJ_VYUKY) values (50, '06.03.2019', '8', '19', '500', 50);
insert into HODINA_VYUKY (ID_HODINA_VYUKY, DATUM, OD, DO, CENA, OBJ_VYUKY_ID_OBJ_VYUKY) values (51, '05.01.2019', '8', '15', '520', 51);
insert into HODINA_VYUKY (ID_HODINA_VYUKY, DATUM, OD, DO, CENA, OBJ_VYUKY_ID_OBJ_VYUKY) values (52, '10.01.2019', '8', '11', '460', 52);
insert into HODINA_VYUKY (ID_HODINA_VYUKY, DATUM, OD, DO, CENA, OBJ_VYUKY_ID_OBJ_VYUKY) values (53, '19.02.2019', '8', '12', '500', 53);
insert into HODINA_VYUKY (ID_HODINA_VYUKY, DATUM, OD, DO, CENA, OBJ_VYUKY_ID_OBJ_VYUKY) values (54, '10.02.2019', '8', '15', '540', 54);
insert into HODINA_VYUKY (ID_HODINA_VYUKY, DATUM, OD, DO, CENA, OBJ_VYUKY_ID_OBJ_VYUKY) values (55, '01.03.2019', '8', '15', '420', 55);
insert into HODINA_VYUKY (ID_HODINA_VYUKY, DATUM, OD, DO, CENA, OBJ_VYUKY_ID_OBJ_VYUKY) values (56, '02.02.2019', '8', '14', '450', 56);
insert into HODINA_VYUKY (ID_HODINA_VYUKY, DATUM, OD, DO, CENA, OBJ_VYUKY_ID_OBJ_VYUKY) values (57, '10.01.2019', '8', '18', '530', 57);
insert into HODINA_VYUKY (ID_HODINA_VYUKY, DATUM, OD, DO, CENA, OBJ_VYUKY_ID_OBJ_VYUKY) values (58, '08.01.2019', '8', '19', '440', 58);
insert into HODINA_VYUKY (ID_HODINA_VYUKY, DATUM, OD, DO, CENA, OBJ_VYUKY_ID_OBJ_VYUKY) values (59, '06.03.2019', '8', '14', '540', 59);
insert into HODINA_VYUKY (ID_HODINA_VYUKY, DATUM, OD, DO, CENA, OBJ_VYUKY_ID_OBJ_VYUKY) values (60, '13.03.2019', '8', '11', '590', 60);
insert into HODINA_VYUKY (ID_HODINA_VYUKY, DATUM, OD, DO, CENA, OBJ_VYUKY_ID_OBJ_VYUKY) values (61, '21.02.2019', '8', '16', '480', 61);
insert into HODINA_VYUKY (ID_HODINA_VYUKY, DATUM, OD, DO, CENA, OBJ_VYUKY_ID_OBJ_VYUKY) values (62, '27.02.2019', '8', '14', '500', 62);
insert into HODINA_VYUKY (ID_HODINA_VYUKY, DATUM, OD, DO, CENA, OBJ_VYUKY_ID_OBJ_VYUKY) values (63, '21.02.2019', '9', '18', '490', 63);
insert into HODINA_VYUKY (ID_HODINA_VYUKY, DATUM, OD, DO, CENA, OBJ_VYUKY_ID_OBJ_VYUKY) values (64, '01.03.2019', '9', '15', '550', 64);
insert into HODINA_VYUKY (ID_HODINA_VYUKY, DATUM, OD, DO, CENA, OBJ_VYUKY_ID_OBJ_VYUKY) values (65, '14.02.2019', '9', '10', '440', 65);
insert into HODINA_VYUKY (ID_HODINA_VYUKY, DATUM, OD, DO, CENA, OBJ_VYUKY_ID_OBJ_VYUKY) values (66, '15.02.2019', '9', '17', '400', 66);
insert into HODINA_VYUKY (ID_HODINA_VYUKY, DATUM, OD, DO, CENA, OBJ_VYUKY_ID_OBJ_VYUKY) values (67, '01.03.2019', '9', '10', '430', 67);
insert into HODINA_VYUKY (ID_HODINA_VYUKY, DATUM, OD, DO, CENA, OBJ_VYUKY_ID_OBJ_VYUKY) values (68, '27.01.2019', '9', '13', '460', 68);
insert into HODINA_VYUKY (ID_HODINA_VYUKY, DATUM, OD, DO, CENA, OBJ_VYUKY_ID_OBJ_VYUKY) values (69, '13.02.2019', '9', '12', '440', 69);
insert into HODINA_VYUKY (ID_HODINA_VYUKY, DATUM, OD, DO, CENA, OBJ_VYUKY_ID_OBJ_VYUKY) values (70, '05.01.2019', '8', '19', '450', 70);
insert into HODINA_VYUKY (ID_HODINA_VYUKY, DATUM, OD, DO, CENA, OBJ_VYUKY_ID_OBJ_VYUKY) values (71, '01.01.2019', '8', '16', '490', 71);
insert into HODINA_VYUKY (ID_HODINA_VYUKY, DATUM, OD, DO, CENA, OBJ_VYUKY_ID_OBJ_VYUKY) values (72, '11.01.2019', '9', '19', '500', 72);
insert into HODINA_VYUKY (ID_HODINA_VYUKY, DATUM, OD, DO, CENA, OBJ_VYUKY_ID_OBJ_VYUKY) values (73, '13.03.2019', '8', '17', '560', 73);
insert into HODINA_VYUKY (ID_HODINA_VYUKY, DATUM, OD, DO, CENA, OBJ_VYUKY_ID_OBJ_VYUKY) values (74, '03.01.2019', '9', '19', '510', 74);
insert into HODINA_VYUKY (ID_HODINA_VYUKY, DATUM, OD, DO, CENA, OBJ_VYUKY_ID_OBJ_VYUKY) values (75, '12.03.2019', '9', '19', '550', 75);
insert into HODINA_VYUKY (ID_HODINA_VYUKY, DATUM, OD, DO, CENA, OBJ_VYUKY_ID_OBJ_VYUKY) values (76, '24.02.2019', '8', '14', '560', 76);
insert into HODINA_VYUKY (ID_HODINA_VYUKY, DATUM, OD, DO, CENA, OBJ_VYUKY_ID_OBJ_VYUKY) values (77, '09.01.2019', '8', '17', '490', 77);
insert into HODINA_VYUKY (ID_HODINA_VYUKY, DATUM, OD, DO, CENA, OBJ_VYUKY_ID_OBJ_VYUKY) values (78, '19.02.2019', '9', '16', '400', 78);
insert into HODINA_VYUKY (ID_HODINA_VYUKY, DATUM, OD, DO, CENA, OBJ_VYUKY_ID_OBJ_VYUKY) values (79, '07.01.2019', '9', '15', '490', 79);
insert into HODINA_VYUKY (ID_HODINA_VYUKY, DATUM, OD, DO, CENA, OBJ_VYUKY_ID_OBJ_VYUKY) values (80, '28.12.2018', '8', '11', '540', 80);
insert into HODINA_VYUKY (ID_HODINA_VYUKY, DATUM, OD, DO, CENA, OBJ_VYUKY_ID_OBJ_VYUKY) values (81, '06.01.2019', '9', '10', '450', 81);
insert into HODINA_VYUKY (ID_HODINA_VYUKY, DATUM, OD, DO, CENA, OBJ_VYUKY_ID_OBJ_VYUKY) values (82, '29.12.2018', '8', '15', '400', 82);
insert into HODINA_VYUKY (ID_HODINA_VYUKY, DATUM, OD, DO, CENA, OBJ_VYUKY_ID_OBJ_VYUKY) values (83, '22.02.2019', '9', '13', '460', 83);
insert into HODINA_VYUKY (ID_HODINA_VYUKY, DATUM, OD, DO, CENA, OBJ_VYUKY_ID_OBJ_VYUKY) values (84, '28.12.2018', '9', '15', '470', 84);
insert into HODINA_VYUKY (ID_HODINA_VYUKY, DATUM, OD, DO, CENA, OBJ_VYUKY_ID_OBJ_VYUKY) values (85, '03.02.2019', '8', '16', '400', 85);
insert into HODINA_VYUKY (ID_HODINA_VYUKY, DATUM, OD, DO, CENA, OBJ_VYUKY_ID_OBJ_VYUKY) values (86, '09.02.2019', '8', '14', '580', 86);
insert into HODINA_VYUKY (ID_HODINA_VYUKY, DATUM, OD, DO, CENA, OBJ_VYUKY_ID_OBJ_VYUKY) values (87, '21.01.2019', '8', '15', '590', 87);
insert into HODINA_VYUKY (ID_HODINA_VYUKY, DATUM, OD, DO, CENA, OBJ_VYUKY_ID_OBJ_VYUKY) values (88, '02.03.2019', '9', '15', '440', 88);
insert into HODINA_VYUKY (ID_HODINA_VYUKY, DATUM, OD, DO, CENA, OBJ_VYUKY_ID_OBJ_VYUKY) values (89, '03.02.2019', '8', '11', '530', 89);
insert into HODINA_VYUKY (ID_HODINA_VYUKY, DATUM, OD, DO, CENA, OBJ_VYUKY_ID_OBJ_VYUKY) values (90, '11.03.2019', '8', '14', '410', 90);
insert into HODINA_VYUKY (ID_HODINA_VYUKY, DATUM, OD, DO, CENA, OBJ_VYUKY_ID_OBJ_VYUKY) values (91, '18.01.2019', '8', '19', '580', 91);
insert into HODINA_VYUKY (ID_HODINA_VYUKY, DATUM, OD, DO, CENA, OBJ_VYUKY_ID_OBJ_VYUKY) values (92, '07.03.2019', '9', '16', '450', 92);
insert into HODINA_VYUKY (ID_HODINA_VYUKY, DATUM, OD, DO, CENA, OBJ_VYUKY_ID_OBJ_VYUKY) values (93, '14.01.2019', '8', '13', '510', 93);
insert into HODINA_VYUKY (ID_HODINA_VYUKY, DATUM, OD, DO, CENA, OBJ_VYUKY_ID_OBJ_VYUKY) values (94, '01.03.2019', '8', '10', '450', 94);
insert into HODINA_VYUKY (ID_HODINA_VYUKY, DATUM, OD, DO, CENA, OBJ_VYUKY_ID_OBJ_VYUKY) values (95, '29.12.2018', '8', '10', '490', 95);
insert into HODINA_VYUKY (ID_HODINA_VYUKY, DATUM, OD, DO, CENA, OBJ_VYUKY_ID_OBJ_VYUKY) values (96, '07.03.2019', '9', '19', '410', 96);
insert into HODINA_VYUKY (ID_HODINA_VYUKY, DATUM, OD, DO, CENA, OBJ_VYUKY_ID_OBJ_VYUKY) values (97, '24.02.2019', '8', '15', '530', 97);
insert into HODINA_VYUKY (ID_HODINA_VYUKY, DATUM, OD, DO, CENA, OBJ_VYUKY_ID_OBJ_VYUKY) values (98, '28.02.2019', '9', '17', '400', 98);
insert into HODINA_VYUKY (ID_HODINA_VYUKY, DATUM, OD, DO, CENA, OBJ_VYUKY_ID_OBJ_VYUKY) values (99, '29.01.2019', '8', '18', '420', 99);
insert into HODINA_VYUKY (ID_HODINA_VYUKY, DATUM, OD, DO, CENA, OBJ_VYUKY_ID_OBJ_VYUKY) values (100, '07.02.2019', '9', '13', '490', 100);
insert into HODINA_VYUKY (ID_HODINA_VYUKY, DATUM, OD, DO, CENA, OBJ_VYUKY_ID_OBJ_VYUKY) values (101, '16.02.2019', '9', '15', '590', 66);
insert into HODINA_VYUKY (ID_HODINA_VYUKY, DATUM, OD, DO, CENA, OBJ_VYUKY_ID_OBJ_VYUKY) values (102, '07.02.2019', '9', '19', '410', 78);
insert into HODINA_VYUKY (ID_HODINA_VYUKY, DATUM, OD, DO, CENA, OBJ_VYUKY_ID_OBJ_VYUKY) values (103, '27.02.2019', '8', '13', '470', 17);
insert into HODINA_VYUKY (ID_HODINA_VYUKY, DATUM, OD, DO, CENA, OBJ_VYUKY_ID_OBJ_VYUKY) values (104, '22.02.2019', '8', '13', '530', 9);
insert into HODINA_VYUKY (ID_HODINA_VYUKY, DATUM, OD, DO, CENA, OBJ_VYUKY_ID_OBJ_VYUKY) values (105, '13.01.2019', '8', '13', '520', 58);
insert into HODINA_VYUKY (ID_HODINA_VYUKY, DATUM, OD, DO, CENA, OBJ_VYUKY_ID_OBJ_VYUKY) values (106, '11.03.2019', '8', '13', '570', 20);
insert into HODINA_VYUKY (ID_HODINA_VYUKY, DATUM, OD, DO, CENA, OBJ_VYUKY_ID_OBJ_VYUKY) values (107, '25.02.2019', '9', '19', '450', 2);
insert into HODINA_VYUKY (ID_HODINA_VYUKY, DATUM, OD, DO, CENA, OBJ_VYUKY_ID_OBJ_VYUKY) values (108, '25.02.2019', '9', '13', '470', 7);
insert into HODINA_VYUKY (ID_HODINA_VYUKY, DATUM, OD, DO, CENA, OBJ_VYUKY_ID_OBJ_VYUKY) values (109, '14.03.2019', '8', '15', '500', 70);
insert into HODINA_VYUKY (ID_HODINA_VYUKY, DATUM, OD, DO, CENA, OBJ_VYUKY_ID_OBJ_VYUKY) values (110, '12.01.2019', '9', '15', '550', 64);
insert into HODINA_VYUKY (ID_HODINA_VYUKY, DATUM, OD, DO, CENA, OBJ_VYUKY_ID_OBJ_VYUKY) values (111, '23.01.2019', '9', '10', '470', 77);
insert into HODINA_VYUKY (ID_HODINA_VYUKY, DATUM, OD, DO, CENA, OBJ_VYUKY_ID_OBJ_VYUKY) values (112, '15.01.2019', '8', '14', '490', 63);
insert into HODINA_VYUKY (ID_HODINA_VYUKY, DATUM, OD, DO, CENA, OBJ_VYUKY_ID_OBJ_VYUKY) values (113, '26.01.2019', '9', '16', '580', 99);
insert into HODINA_VYUKY (ID_HODINA_VYUKY, DATUM, OD, DO, CENA, OBJ_VYUKY_ID_OBJ_VYUKY) values (114, '13.01.2019', '9', '18', '460', 37);
insert into HODINA_VYUKY (ID_HODINA_VYUKY, DATUM, OD, DO, CENA, OBJ_VYUKY_ID_OBJ_VYUKY) values (115, '15.02.2019', '9', '19', '540', 61);
insert into HODINA_VYUKY (ID_HODINA_VYUKY, DATUM, OD, DO, CENA, OBJ_VYUKY_ID_OBJ_VYUKY) values (116, '06.02.2019', '8', '15', '590', 80);
insert into HODINA_VYUKY (ID_HODINA_VYUKY, DATUM, OD, DO, CENA, OBJ_VYUKY_ID_OBJ_VYUKY) values (117, '22.02.2019', '9', '13', '450', 76);
insert into HODINA_VYUKY (ID_HODINA_VYUKY, DATUM, OD, DO, CENA, OBJ_VYUKY_ID_OBJ_VYUKY) values (118, '05.02.2019', '8', '11', '460', 80);
insert into HODINA_VYUKY (ID_HODINA_VYUKY, DATUM, OD, DO, CENA, OBJ_VYUKY_ID_OBJ_VYUKY) values (119, '23.02.2019', '8', '13', '450', 78);
insert into HODINA_VYUKY (ID_HODINA_VYUKY, DATUM, OD, DO, CENA, OBJ_VYUKY_ID_OBJ_VYUKY) values (120, '09.02.2019', '8', '19', '590', 27);
insert into HODINA_VYUKY (ID_HODINA_VYUKY, DATUM, OD, DO, CENA, OBJ_VYUKY_ID_OBJ_VYUKY) values (121, '21.02.2019', '8', '11', '450', 39);
insert into HODINA_VYUKY (ID_HODINA_VYUKY, DATUM, OD, DO, CENA, OBJ_VYUKY_ID_OBJ_VYUKY) values (122, '17.02.2019', '8', '16', '430', 79);
insert into HODINA_VYUKY (ID_HODINA_VYUKY, DATUM, OD, DO, CENA, OBJ_VYUKY_ID_OBJ_VYUKY) values (123, '22.02.2019', '8', '16', '470', 39);
insert into HODINA_VYUKY (ID_HODINA_VYUKY, DATUM, OD, DO, CENA, OBJ_VYUKY_ID_OBJ_VYUKY) values (124, '13.02.2019', '8', '13', '530', 80);
insert into HODINA_VYUKY (ID_HODINA_VYUKY, DATUM, OD, DO, CENA, OBJ_VYUKY_ID_OBJ_VYUKY) values (125, '10.03.2019', '9', '11', '520', 48);
insert into HODINA_VYUKY (ID_HODINA_VYUKY, DATUM, OD, DO, CENA, OBJ_VYUKY_ID_OBJ_VYUKY) values (126, '23.02.2019', '9', '16', '520', 55);
insert into HODINA_VYUKY (ID_HODINA_VYUKY, DATUM, OD, DO, CENA, OBJ_VYUKY_ID_OBJ_VYUKY) values (127, '27.12.2018', '8', '13', '550', 82);
insert into HODINA_VYUKY (ID_HODINA_VYUKY, DATUM, OD, DO, CENA, OBJ_VYUKY_ID_OBJ_VYUKY) values (128, '31.01.2019', '9', '16', '410', 9);
insert into HODINA_VYUKY (ID_HODINA_VYUKY, DATUM, OD, DO, CENA, OBJ_VYUKY_ID_OBJ_VYUKY) values (129, '29.01.2019', '9', '15', '430', 63);
insert into HODINA_VYUKY (ID_HODINA_VYUKY, DATUM, OD, DO, CENA, OBJ_VYUKY_ID_OBJ_VYUKY) values (130, '27.01.2019', '9', '18', '580', 46);
insert into HODINA_VYUKY (ID_HODINA_VYUKY, DATUM, OD, DO, CENA, OBJ_VYUKY_ID_OBJ_VYUKY) values (131, '03.03.2019', '8', '16', '400', 42);
insert into HODINA_VYUKY (ID_HODINA_VYUKY, DATUM, OD, DO, CENA, OBJ_VYUKY_ID_OBJ_VYUKY) values (132, '07.01.2019', '8', '13', '500', 38);
insert into HODINA_VYUKY (ID_HODINA_VYUKY, DATUM, OD, DO, CENA, OBJ_VYUKY_ID_OBJ_VYUKY) values (133, '10.03.2019', '9', '18', '450', 76);
insert into HODINA_VYUKY (ID_HODINA_VYUKY, DATUM, OD, DO, CENA, OBJ_VYUKY_ID_OBJ_VYUKY) values (134, '27.02.2019', '8', '16', '560', 51);
insert into HODINA_VYUKY (ID_HODINA_VYUKY, DATUM, OD, DO, CENA, OBJ_VYUKY_ID_OBJ_VYUKY) values (135, '09.02.2019', '9', '18', '440', 73);
insert into HODINA_VYUKY (ID_HODINA_VYUKY, DATUM, OD, DO, CENA, OBJ_VYUKY_ID_OBJ_VYUKY) values (136, '20.01.2019', '8', '15', '420', 48);
insert into HODINA_VYUKY (ID_HODINA_VYUKY, DATUM, OD, DO, CENA, OBJ_VYUKY_ID_OBJ_VYUKY) values (137, '10.02.2019', '9', '19', '500', 73);
insert into HODINA_VYUKY (ID_HODINA_VYUKY, DATUM, OD, DO, CENA, OBJ_VYUKY_ID_OBJ_VYUKY) values (138, '04.02.2019', '8', '10', '420', 6);
insert into HODINA_VYUKY (ID_HODINA_VYUKY, DATUM, OD, DO, CENA, OBJ_VYUKY_ID_OBJ_VYUKY) values (139, '09.01.2019', '9', '12', '500', 40);
insert into HODINA_VYUKY (ID_HODINA_VYUKY, DATUM, OD, DO, CENA, OBJ_VYUKY_ID_OBJ_VYUKY) values (140, '10.02.2019', '9', '12', '400', 55);
insert into HODINA_VYUKY (ID_HODINA_VYUKY, DATUM, OD, DO, CENA, OBJ_VYUKY_ID_OBJ_VYUKY) values (141, '10.01.2019', '8', '11', '420', 63);
insert into HODINA_VYUKY (ID_HODINA_VYUKY, DATUM, OD, DO, CENA, OBJ_VYUKY_ID_OBJ_VYUKY) values (142, '26.01.2019', '9', '19', '570', 34);
insert into HODINA_VYUKY (ID_HODINA_VYUKY, DATUM, OD, DO, CENA, OBJ_VYUKY_ID_OBJ_VYUKY) values (143, '13.01.2019', '8', '16', '430', 82);
insert into HODINA_VYUKY (ID_HODINA_VYUKY, DATUM, OD, DO, CENA, OBJ_VYUKY_ID_OBJ_VYUKY) values (144, '29.01.2019', '9', '14', '440', 5);
insert into HODINA_VYUKY (ID_HODINA_VYUKY, DATUM, OD, DO, CENA, OBJ_VYUKY_ID_OBJ_VYUKY) values (145, '06.01.2019', '8', '16', '490', 20);
insert into HODINA_VYUKY (ID_HODINA_VYUKY, DATUM, OD, DO, CENA, OBJ_VYUKY_ID_OBJ_VYUKY) values (146, '28.12.2018', '8', '18', '490', 77);
insert into HODINA_VYUKY (ID_HODINA_VYUKY, DATUM, OD, DO, CENA, OBJ_VYUKY_ID_OBJ_VYUKY) values (147, '19.01.2019', '8', '13', '410', 41);
insert into HODINA_VYUKY (ID_HODINA_VYUKY, DATUM, OD, DO, CENA, OBJ_VYUKY_ID_OBJ_VYUKY) values (148, '30.12.2018', '8', '17', '400', 11);
insert into HODINA_VYUKY (ID_HODINA_VYUKY, DATUM, OD, DO, CENA, OBJ_VYUKY_ID_OBJ_VYUKY) values (149, '25.02.2019', '9', '15', '460', 52);
insert into HODINA_VYUKY (ID_HODINA_VYUKY, DATUM, OD, DO, CENA, OBJ_VYUKY_ID_OBJ_VYUKY) values (150, '23.02.2019', '8', '16', '570', 81);

insert into HULKY (ID_HULKY, ZNACKA, DELKA, PROHNUTI) values (1, 'Leki', 91, 0);
insert into HULKY (ID_HULKY, ZNACKA, DELKA, PROHNUTI) values (2, 'Leki', 60, 0);
insert into HULKY (ID_HULKY, ZNACKA, DELKA, PROHNUTI) values (3, 'Leki', 104, 1);
insert into HULKY (ID_HULKY, ZNACKA, DELKA, PROHNUTI) values (4, 'Leki', 120, 1);
insert into HULKY (ID_HULKY, ZNACKA, DELKA, PROHNUTI) values (5, 'Leki', 109, 0);
insert into HULKY (ID_HULKY, ZNACKA, DELKA, PROHNUTI) values (6, 'Leki', 67, 1);
insert into HULKY (ID_HULKY, ZNACKA, DELKA, PROHNUTI) values (7, 'Leki', 90, 1);
insert into HULKY (ID_HULKY, ZNACKA, DELKA, PROHNUTI) values (8, 'Leki', 96, 0);
insert into HULKY (ID_HULKY, ZNACKA, DELKA, PROHNUTI) values (9, 'Leki', 102, 0);
insert into HULKY (ID_HULKY, ZNACKA, DELKA, PROHNUTI) values (10, 'Leki', 102, 0);
insert into HULKY (ID_HULKY, ZNACKA, DELKA, PROHNUTI) values (11, 'Leki', 65, 0);
insert into HULKY (ID_HULKY, ZNACKA, DELKA, PROHNUTI) values (12, 'Leki', 66, 0);
insert into HULKY (ID_HULKY, ZNACKA, DELKA, PROHNUTI) values (13, 'Leki', 113, 0);
insert into HULKY (ID_HULKY, ZNACKA, DELKA, PROHNUTI) values (14, 'Leki', 89, 1);
insert into HULKY (ID_HULKY, ZNACKA, DELKA, PROHNUTI) values (15, 'Leki', 72, 1);
insert into HULKY (ID_HULKY, ZNACKA, DELKA, PROHNUTI) values (16, 'Leki', 119, 0);
insert into HULKY (ID_HULKY, ZNACKA, DELKA, PROHNUTI) values (17, 'Leki', 64, 1);
insert into HULKY (ID_HULKY, ZNACKA, DELKA, PROHNUTI) values (18, 'Leki', 98, 1);
insert into HULKY (ID_HULKY, ZNACKA, DELKA, PROHNUTI) values (19, 'Leki', 93, 1);
insert into HULKY (ID_HULKY, ZNACKA, DELKA, PROHNUTI) values (20, 'Leki', 75, 1);
insert into HULKY (ID_HULKY, ZNACKA, DELKA, PROHNUTI) values (21, 'Leki', 107, 1);
insert into HULKY (ID_HULKY, ZNACKA, DELKA, PROHNUTI) values (22, 'Leki', 111, 1);
insert into HULKY (ID_HULKY, ZNACKA, DELKA, PROHNUTI) values (23, 'Leki', 120, 1);
insert into HULKY (ID_HULKY, ZNACKA, DELKA, PROHNUTI) values (24, 'Leki', 89, 1);
insert into HULKY (ID_HULKY, ZNACKA, DELKA, PROHNUTI) values (25, 'Leki', 120, 1);
insert into HULKY (ID_HULKY, ZNACKA, DELKA, PROHNUTI) values (26, 'Leki', 81, 0);
insert into HULKY (ID_HULKY, ZNACKA, DELKA, PROHNUTI) values (27, 'Leki', 70, 1);
insert into HULKY (ID_HULKY, ZNACKA, DELKA, PROHNUTI) values (28, 'Leki', 108, 1);
insert into HULKY (ID_HULKY, ZNACKA, DELKA, PROHNUTI) values (29, 'Leki', 66, 1);
insert into HULKY (ID_HULKY, ZNACKA, DELKA, PROHNUTI) values (30, 'Leki', 69, 1);
insert into HULKY (ID_HULKY, ZNACKA, DELKA, PROHNUTI) values (31, 'Leki', 100, 1);
insert into HULKY (ID_HULKY, ZNACKA, DELKA, PROHNUTI) values (32, 'Leki', 124, 0);
insert into HULKY (ID_HULKY, ZNACKA, DELKA, PROHNUTI) values (33, 'Leki', 126, 0);
insert into HULKY (ID_HULKY, ZNACKA, DELKA, PROHNUTI) values (34, 'Leki', 62, 0);
insert into HULKY (ID_HULKY, ZNACKA, DELKA, PROHNUTI) values (35, 'Leki', 116, 0);
insert into HULKY (ID_HULKY, ZNACKA, DELKA, PROHNUTI) values (36, 'Leki', 132, 1);
insert into HULKY (ID_HULKY, ZNACKA, DELKA, PROHNUTI) values (37, 'Leki', 89, 0);
insert into HULKY (ID_HULKY, ZNACKA, DELKA, PROHNUTI) values (38, 'Leki', 115, 0);
insert into HULKY (ID_HULKY, ZNACKA, DELKA, PROHNUTI) values (39, 'Leki', 120, 1);
insert into HULKY (ID_HULKY, ZNACKA, DELKA, PROHNUTI) values (40, 'Leki', 94, 1);
insert into HULKY (ID_HULKY, ZNACKA, DELKA, PROHNUTI) values (41, 'Leki', 68, 1);
insert into HULKY (ID_HULKY, ZNACKA, DELKA, PROHNUTI) values (42, 'Leki', 103, 0);
insert into HULKY (ID_HULKY, ZNACKA, DELKA, PROHNUTI) values (43, 'Leki', 138, 0);
insert into HULKY (ID_HULKY, ZNACKA, DELKA, PROHNUTI) values (44, 'Leki', 63, 0);
insert into HULKY (ID_HULKY, ZNACKA, DELKA, PROHNUTI) values (45, 'Leki', 69, 1);
insert into HULKY (ID_HULKY, ZNACKA, DELKA, PROHNUTI) values (46, 'Leki', 80, 1);
insert into HULKY (ID_HULKY, ZNACKA, DELKA, PROHNUTI) values (47, 'Leki', 97, 0);
insert into HULKY (ID_HULKY, ZNACKA, DELKA, PROHNUTI) values (48, 'Leki', 94, 1);
insert into HULKY (ID_HULKY, ZNACKA, DELKA, PROHNUTI) values (49, 'Leki', 112, 0);
insert into HULKY (ID_HULKY, ZNACKA, DELKA, PROHNUTI) values (50, 'Leki', 102, 0);
insert into HULKY (ID_HULKY, ZNACKA, DELKA, PROHNUTI) values (51, 'Blizzard', 112, 0);
insert into HULKY (ID_HULKY, ZNACKA, DELKA, PROHNUTI) values (52, 'Blizzard', 129, 0);
insert into HULKY (ID_HULKY, ZNACKA, DELKA, PROHNUTI) values (53, 'Blizzard', 136, 0);
insert into HULKY (ID_HULKY, ZNACKA, DELKA, PROHNUTI) values (54, 'Blizzard', 63, 0);
insert into HULKY (ID_HULKY, ZNACKA, DELKA, PROHNUTI) values (55, 'Blizzard', 82, 1 );
insert into HULKY (ID_HULKY, ZNACKA, DELKA, PROHNUTI) values (56, 'Blizzard', 103, 1);
insert into HULKY (ID_HULKY, ZNACKA, DELKA, PROHNUTI) values (57, 'Blizzard', 74, 1);
insert into HULKY (ID_HULKY, ZNACKA, DELKA, PROHNUTI) values (58, 'Blizzard', 101, 1);
insert into HULKY (ID_HULKY, ZNACKA, DELKA, PROHNUTI) values (59, 'Blizzard', 71, 1);
insert into HULKY (ID_HULKY, ZNACKA, DELKA, PROHNUTI) values (60, 'Blizzard', 81, 1);
insert into HULKY (ID_HULKY, ZNACKA, DELKA, PROHNUTI) values (61, 'Blizzard', 64, 1);
insert into HULKY (ID_HULKY, ZNACKA, DELKA, PROHNUTI) values (62, 'Blizzard', 98, 1);
insert into HULKY (ID_HULKY, ZNACKA, DELKA, PROHNUTI) values (63, 'Blizzard', 136, 0);
insert into HULKY (ID_HULKY, ZNACKA, DELKA, PROHNUTI) values (64, 'Blizzard', 89, 0);
insert into HULKY (ID_HULKY, ZNACKA, DELKA, PROHNUTI) values (65, 'Blizzard', 79, 1);
insert into HULKY (ID_HULKY, ZNACKA, DELKA, PROHNUTI) values (66, 'Blizzard', 87, 0);
insert into HULKY (ID_HULKY, ZNACKA, DELKA, PROHNUTI) values (67, 'Blizzard', 93, 0);
insert into HULKY (ID_HULKY, ZNACKA, DELKA, PROHNUTI) values (68, 'Blizzard', 121, 1);
insert into HULKY (ID_HULKY, ZNACKA, DELKA, PROHNUTI) values (69, 'Blizzard', 64, 0);
insert into HULKY (ID_HULKY, ZNACKA, DELKA, PROHNUTI) values (70, 'Blizzard', 63, 1);
insert into HULKY (ID_HULKY, ZNACKA, DELKA, PROHNUTI) values (71, 'Blizzard', 88, 0);
insert into HULKY (ID_HULKY, ZNACKA, DELKA, PROHNUTI) values (72, 'Blizzard', 100, 0);
insert into HULKY (ID_HULKY, ZNACKA, DELKA, PROHNUTI) values (73, 'Blizzard', 116, 1);
insert into HULKY (ID_HULKY, ZNACKA, DELKA, PROHNUTI) values (74, 'Blizzard', 96, 1);
insert into HULKY (ID_HULKY, ZNACKA, DELKA, PROHNUTI) values (75, 'Blizzard', 85, 0);
insert into HULKY (ID_HULKY, ZNACKA, DELKA, PROHNUTI) values (76, 'Blizzard', 76, 1);
insert into HULKY (ID_HULKY, ZNACKA, DELKA, PROHNUTI) values (77, 'Blizzard', 117, 0);
insert into HULKY (ID_HULKY, ZNACKA, DELKA, PROHNUTI) values (78, 'Blizzard', 67, 0);
insert into HULKY (ID_HULKY, ZNACKA, DELKA, PROHNUTI) values (79, 'Blizzard', 73, 1);
insert into HULKY (ID_HULKY, ZNACKA, DELKA, PROHNUTI) values (80, 'Blizzard', 115, 0);
insert into HULKY (ID_HULKY, ZNACKA, DELKA, PROHNUTI) values (81, 'Blizzard', 70, 1);
insert into HULKY (ID_HULKY, ZNACKA, DELKA, PROHNUTI) values (82, 'Blizzard', 106, 1);
insert into HULKY (ID_HULKY, ZNACKA, DELKA, PROHNUTI) values (83, 'Blizzard', 88, 1);
insert into HULKY (ID_HULKY, ZNACKA, DELKA, PROHNUTI) values (84, 'Blizzard', 81, 0);
insert into HULKY (ID_HULKY, ZNACKA, DELKA, PROHNUTI) values (85, 'Blizzard', 85, 1);
insert into HULKY (ID_HULKY, ZNACKA, DELKA, PROHNUTI) values (86, 'Blizzard', 124, 1);
insert into HULKY (ID_HULKY, ZNACKA, DELKA, PROHNUTI) values (87, 'Blizzard', 69, 0);
insert into HULKY (ID_HULKY, ZNACKA, DELKA, PROHNUTI) values (88, 'Blizzard', 115, 0);
insert into HULKY (ID_HULKY, ZNACKA, DELKA, PROHNUTI) values (89, 'Blizzard', 96, 1);
insert into HULKY (ID_HULKY, ZNACKA, DELKA, PROHNUTI) values (90, 'Blizzard', 87, 0);
insert into HULKY (ID_HULKY, ZNACKA, DELKA, PROHNUTI) values (91, 'Blizzard', 74, 0);
insert into HULKY (ID_HULKY, ZNACKA, DELKA, PROHNUTI) values (92, 'Blizzard', 128, 0);
insert into HULKY (ID_HULKY, ZNACKA, DELKA, PROHNUTI) values (93, 'Blizzard', 69, 1);
insert into HULKY (ID_HULKY, ZNACKA, DELKA, PROHNUTI) values (94, 'Blizzard', 72, 0);
insert into HULKY (ID_HULKY, ZNACKA, DELKA, PROHNUTI) values (95, 'Blizzard', 73, 0);
insert into HULKY (ID_HULKY, ZNACKA, DELKA, PROHNUTI) values (96, 'Blizzard', 63, 0);
insert into HULKY (ID_HULKY, ZNACKA, DELKA, PROHNUTI) values (97, 'Blizzard', 76, 1);
insert into HULKY (ID_HULKY, ZNACKA, DELKA, PROHNUTI) values (98, 'Blizzard', 61, 1);
insert into HULKY (ID_HULKY, ZNACKA, DELKA, PROHNUTI) values (99, 'Blizzard', 90, 0);
insert into HULKY (ID_HULKY, ZNACKA, DELKA, PROHNUTI) values (100, 'Blizzard', 78, 0);




insert into INSTRUKTOR (ID_ZAMESTNANEC, CO_UCI, UROVEN_KURZU, VELIKOST_MUNDURU) values (101, 'Lyze', 'C', '42');
insert into INSTRUKTOR (ID_ZAMESTNANEC, CO_UCI, UROVEN_KURZU, VELIKOST_MUNDURU) values (102, 'Lyze', 'Expert', 'XL');
insert into INSTRUKTOR (ID_ZAMESTNANEC, CO_UCI, UROVEN_KURZU, VELIKOST_MUNDURU) values (103, 'Lyze', 'C', 'L');
insert into INSTRUKTOR (ID_ZAMESTNANEC, CO_UCI, UROVEN_KURZU, VELIKOST_MUNDURU) values (104, 'Lyze', 'D', '42');
insert into INSTRUKTOR (ID_ZAMESTNANEC, CO_UCI, UROVEN_KURZU, VELIKOST_MUNDURU) values (105, 'Lyze', 'Expert', 'L');
insert into INSTRUKTOR (ID_ZAMESTNANEC, CO_UCI, UROVEN_KURZU, VELIKOST_MUNDURU) values (106, 'Lyze', 'Expert', 'L');
insert into INSTRUKTOR (ID_ZAMESTNANEC, CO_UCI, UROVEN_KURZU, VELIKOST_MUNDURU) values (107, 'Lyze', 'Expert', 'XL');
insert into INSTRUKTOR (ID_ZAMESTNANEC, CO_UCI, UROVEN_KURZU, VELIKOST_MUNDURU) values (108, 'Lyze', 'D', 'L');
insert into INSTRUKTOR (ID_ZAMESTNANEC, CO_UCI, UROVEN_KURZU, VELIKOST_MUNDURU) values (109, 'Lyze', 'D', 'XL');
insert into INSTRUKTOR (ID_ZAMESTNANEC, CO_UCI, UROVEN_KURZU, VELIKOST_MUNDURU) values (110, 'Lyze', 'Expert', 'XL');
insert into INSTRUKTOR (ID_ZAMESTNANEC, CO_UCI, UROVEN_KURZU, VELIKOST_MUNDURU) values (111, 'Lyze', 'Expert', 'XL');
insert into INSTRUKTOR (ID_ZAMESTNANEC, CO_UCI, UROVEN_KURZU, VELIKOST_MUNDURU) values (112, 'Lyze', 'Expert', 'XL');
insert into INSTRUKTOR (ID_ZAMESTNANEC, CO_UCI, UROVEN_KURZU, VELIKOST_MUNDURU) values (113, 'Lyze', 'D', 'XL');
insert into INSTRUKTOR (ID_ZAMESTNANEC, CO_UCI, UROVEN_KURZU, VELIKOST_MUNDURU) values (114, 'Lyze', 'Expert', 'XL');
insert into INSTRUKTOR (ID_ZAMESTNANEC, CO_UCI, UROVEN_KURZU, VELIKOST_MUNDURU) values (115, 'Lyze', 'Expert', 'S');
insert into INSTRUKTOR (ID_ZAMESTNANEC, CO_UCI, UROVEN_KURZU, VELIKOST_MUNDURU) values (116, 'Lyze', 'D', 'XL');
insert into INSTRUKTOR (ID_ZAMESTNANEC, CO_UCI, UROVEN_KURZU, VELIKOST_MUNDURU) values (117, 'Lyze', 'Expert', '42');
insert into INSTRUKTOR (ID_ZAMESTNANEC, CO_UCI, UROVEN_KURZU, VELIKOST_MUNDURU) values (118, 'Lyze', 'D', 'S');
insert into INSTRUKTOR (ID_ZAMESTNANEC, CO_UCI, UROVEN_KURZU, VELIKOST_MUNDURU) values (119, 'Lyze', 'Expert', 'L');
insert into INSTRUKTOR (ID_ZAMESTNANEC, CO_UCI, UROVEN_KURZU, VELIKOST_MUNDURU) values (120, 'Lyze', 'C', 'XL');
insert into INSTRUKTOR (ID_ZAMESTNANEC, CO_UCI, UROVEN_KURZU, VELIKOST_MUNDURU) values (121, 'Lyze', 'C', 'L');
insert into INSTRUKTOR (ID_ZAMESTNANEC, CO_UCI, UROVEN_KURZU, VELIKOST_MUNDURU) values (122, 'Lyze', 'Expert', 'L');
insert into INSTRUKTOR (ID_ZAMESTNANEC, CO_UCI, UROVEN_KURZU, VELIKOST_MUNDURU) values (123, 'Lyze', 'Expert', 'S');
insert into INSTRUKTOR (ID_ZAMESTNANEC, CO_UCI, UROVEN_KURZU, VELIKOST_MUNDURU) values (124, 'Lyze', 'Expert', 'XL');
insert into INSTRUKTOR (ID_ZAMESTNANEC, CO_UCI, UROVEN_KURZU, VELIKOST_MUNDURU) values (125, 'Lyze', 'D', 'XL');
insert into INSTRUKTOR (ID_ZAMESTNANEC, CO_UCI, UROVEN_KURZU, VELIKOST_MUNDURU) values (126, 'Lyze', 'Expert', 'XL');
insert into INSTRUKTOR (ID_ZAMESTNANEC, CO_UCI, UROVEN_KURZU, VELIKOST_MUNDURU) values (127, 'Lyze', 'Expert', 'L');
insert into INSTRUKTOR (ID_ZAMESTNANEC, CO_UCI, UROVEN_KURZU, VELIKOST_MUNDURU) values (128, 'Lyze', 'D', 'L');
insert into INSTRUKTOR (ID_ZAMESTNANEC, CO_UCI, UROVEN_KURZU, VELIKOST_MUNDURU) values (129, 'Lyze', 'Expert', 'XL');
insert into INSTRUKTOR (ID_ZAMESTNANEC, CO_UCI, UROVEN_KURZU, VELIKOST_MUNDURU) values (130, 'Lyze', 'D', 'XL');
insert into INSTRUKTOR (ID_ZAMESTNANEC, CO_UCI, UROVEN_KURZU, VELIKOST_MUNDURU) values (131, 'Lyze', 'D', 'XS');
insert into INSTRUKTOR (ID_ZAMESTNANEC, CO_UCI, UROVEN_KURZU, VELIKOST_MUNDURU) values (132, 'Lyze', 'Expert', 'XL');
insert into INSTRUKTOR (ID_ZAMESTNANEC, CO_UCI, UROVEN_KURZU, VELIKOST_MUNDURU) values (133, 'Lyze', 'C', 'L');
insert into INSTRUKTOR (ID_ZAMESTNANEC, CO_UCI, UROVEN_KURZU, VELIKOST_MUNDURU) values (134, 'Lyze', 'Expert', 'L');
insert into INSTRUKTOR (ID_ZAMESTNANEC, CO_UCI, UROVEN_KURZU, VELIKOST_MUNDURU) values (135, 'Lyze', 'D', 'S');
insert into INSTRUKTOR (ID_ZAMESTNANEC, CO_UCI, UROVEN_KURZU, VELIKOST_MUNDURU) values (136, 'Lyze', 'Expert', 'L');
insert into INSTRUKTOR (ID_ZAMESTNANEC, CO_UCI, UROVEN_KURZU, VELIKOST_MUNDURU) values (137, 'Lyze', 'D', 'XL');
insert into INSTRUKTOR (ID_ZAMESTNANEC, CO_UCI, UROVEN_KURZU, VELIKOST_MUNDURU) values (138, 'Lyze', 'D', 'XL');
insert into INSTRUKTOR (ID_ZAMESTNANEC, CO_UCI, UROVEN_KURZU, VELIKOST_MUNDURU) values (139, 'Lyze', 'Expert', 'XL');
insert into INSTRUKTOR (ID_ZAMESTNANEC, CO_UCI, UROVEN_KURZU, VELIKOST_MUNDURU) values (140, 'Lyze', 'Expert', 'S');
insert into INSTRUKTOR (ID_ZAMESTNANEC, CO_UCI, UROVEN_KURZU, VELIKOST_MUNDURU) values (141, 'Lyze', 'D', 'S');
insert into INSTRUKTOR (ID_ZAMESTNANEC, CO_UCI, UROVEN_KURZU, VELIKOST_MUNDURU) values (142, 'Lyze', 'Expert', 'XL');
insert into INSTRUKTOR (ID_ZAMESTNANEC, CO_UCI, UROVEN_KURZU, VELIKOST_MUNDURU) values (143, 'Lyze', 'Expert', 'S');
insert into INSTRUKTOR (ID_ZAMESTNANEC, CO_UCI, UROVEN_KURZU, VELIKOST_MUNDURU) values (144, 'Lyze', 'C', 'L');
insert into INSTRUKTOR (ID_ZAMESTNANEC, CO_UCI, UROVEN_KURZU, VELIKOST_MUNDURU) values (145, 'Lyze', 'Expert', 'XL');
insert into INSTRUKTOR (ID_ZAMESTNANEC, CO_UCI, UROVEN_KURZU, VELIKOST_MUNDURU) values (146, 'Lyze', 'C', 'S');
insert into INSTRUKTOR (ID_ZAMESTNANEC, CO_UCI, UROVEN_KURZU, VELIKOST_MUNDURU) values (147, 'Lyze', 'C', 'XL');
insert into INSTRUKTOR (ID_ZAMESTNANEC, CO_UCI, UROVEN_KURZU, VELIKOST_MUNDURU) values (148, 'Lyze', 'D', 'XS');
insert into INSTRUKTOR (ID_ZAMESTNANEC, CO_UCI, UROVEN_KURZU, VELIKOST_MUNDURU) values (149, 'Lyze', 'Expert', 'XL');
insert into INSTRUKTOR (ID_ZAMESTNANEC, CO_UCI, UROVEN_KURZU, VELIKOST_MUNDURU) values (150, 'Lyze', 'Expert', 'XL');
insert into INSTRUKTOR (ID_ZAMESTNANEC, CO_UCI, UROVEN_KURZU, VELIKOST_MUNDURU) values (151, 'Lyze', 'Expert', 'XL');
insert into INSTRUKTOR (ID_ZAMESTNANEC, CO_UCI, UROVEN_KURZU, VELIKOST_MUNDURU) values (152, 'Lyze', 'Expert', '42');
insert into INSTRUKTOR (ID_ZAMESTNANEC, CO_UCI, UROVEN_KURZU, VELIKOST_MUNDURU) values (153, 'Lyze', 'C', 'XL');
insert into INSTRUKTOR (ID_ZAMESTNANEC, CO_UCI, UROVEN_KURZU, VELIKOST_MUNDURU) values (154, 'Lyze', 'Expert', 'L');
insert into INSTRUKTOR (ID_ZAMESTNANEC, CO_UCI, UROVEN_KURZU, VELIKOST_MUNDURU) values (155, 'Lyze', 'C', 'S');
insert into INSTRUKTOR (ID_ZAMESTNANEC, CO_UCI, UROVEN_KURZU, VELIKOST_MUNDURU) values (156, 'Lyze', 'Expert', 'XL');
insert into INSTRUKTOR (ID_ZAMESTNANEC, CO_UCI, UROVEN_KURZU, VELIKOST_MUNDURU) values (157, 'Lyze', 'Expert', 'XL');
insert into INSTRUKTOR (ID_ZAMESTNANEC, CO_UCI, UROVEN_KURZU, VELIKOST_MUNDURU) values (158, 'Lyze', 'D', '42');
insert into INSTRUKTOR (ID_ZAMESTNANEC, CO_UCI, UROVEN_KURZU, VELIKOST_MUNDURU) values (159, 'Lyze', 'Expert', '42');
insert into INSTRUKTOR (ID_ZAMESTNANEC, CO_UCI, UROVEN_KURZU, VELIKOST_MUNDURU) values (160, 'Lyze', 'Expert', 'XL');
insert into INSTRUKTOR (ID_ZAMESTNANEC, CO_UCI, UROVEN_KURZU, VELIKOST_MUNDURU) values (161, 'Snowboard', 'Expert', 'L');
insert into INSTRUKTOR (ID_ZAMESTNANEC, CO_UCI, UROVEN_KURZU, VELIKOST_MUNDURU) values (162, 'Snowboard', 'C', 'L');
insert into INSTRUKTOR (ID_ZAMESTNANEC, CO_UCI, UROVEN_KURZU, VELIKOST_MUNDURU) values (163, 'Snowboard', 'C', 'XL');
insert into INSTRUKTOR (ID_ZAMESTNANEC, CO_UCI, UROVEN_KURZU, VELIKOST_MUNDURU) values (164, 'Snowboard', 'C', 'XL');
insert into INSTRUKTOR (ID_ZAMESTNANEC, CO_UCI, UROVEN_KURZU, VELIKOST_MUNDURU) values (165, 'Snowboard', 'C', 'XS');
insert into INSTRUKTOR (ID_ZAMESTNANEC, CO_UCI, UROVEN_KURZU, VELIKOST_MUNDURU) values (166, 'Snowboard', 'Expert', 'L');
insert into INSTRUKTOR (ID_ZAMESTNANEC, CO_UCI, UROVEN_KURZU, VELIKOST_MUNDURU) values (167, 'Snowboard', 'C', 'L');
insert into INSTRUKTOR (ID_ZAMESTNANEC, CO_UCI, UROVEN_KURZU, VELIKOST_MUNDURU) values (168, 'Snowboard', 'Expert', 'XS');
insert into INSTRUKTOR (ID_ZAMESTNANEC, CO_UCI, UROVEN_KURZU, VELIKOST_MUNDURU) values (169, 'Snowboard', 'Expert', 'XL');
insert into INSTRUKTOR (ID_ZAMESTNANEC, CO_UCI, UROVEN_KURZU, VELIKOST_MUNDURU) values (170, 'Snowboard', 'C', 'L');
insert into INSTRUKTOR (ID_ZAMESTNANEC, CO_UCI, UROVEN_KURZU, VELIKOST_MUNDURU) values (171, 'Snowboard', 'Expert', 'S');
insert into INSTRUKTOR (ID_ZAMESTNANEC, CO_UCI, UROVEN_KURZU, VELIKOST_MUNDURU) values (172, 'Snowboard', 'D', 'XL');
insert into INSTRUKTOR (ID_ZAMESTNANEC, CO_UCI, UROVEN_KURZU, VELIKOST_MUNDURU) values (173, 'Snowboard', 'D', 'L');
insert into INSTRUKTOR (ID_ZAMESTNANEC, CO_UCI, UROVEN_KURZU, VELIKOST_MUNDURU) values (174, 'Snowboard', 'Expert', 'S');
insert into INSTRUKTOR (ID_ZAMESTNANEC, CO_UCI, UROVEN_KURZU, VELIKOST_MUNDURU) values (175, 'Snowboard', 'Expert', 'XL');
insert into INSTRUKTOR (ID_ZAMESTNANEC, CO_UCI, UROVEN_KURZU, VELIKOST_MUNDURU) values (176, 'Snowboard', 'D', 'XS');
insert into INSTRUKTOR (ID_ZAMESTNANEC, CO_UCI, UROVEN_KURZU, VELIKOST_MUNDURU) values (177, 'Snowboard', 'Expert', 'XL');
insert into INSTRUKTOR (ID_ZAMESTNANEC, CO_UCI, UROVEN_KURZU, VELIKOST_MUNDURU) values (178, 'Snowboard', 'Expert', 'XL');
insert into INSTRUKTOR (ID_ZAMESTNANEC, CO_UCI, UROVEN_KURZU, VELIKOST_MUNDURU) values (179, 'Snowboard', 'D', 'XS');
insert into INSTRUKTOR (ID_ZAMESTNANEC, CO_UCI, UROVEN_KURZU, VELIKOST_MUNDURU) values (180, 'Snowboard', 'Expert', 'L');
insert into INSTRUKTOR (ID_ZAMESTNANEC, CO_UCI, UROVEN_KURZU, VELIKOST_MUNDURU) values (181, 'Oboji', 'Expert', 'XS');
insert into INSTRUKTOR (ID_ZAMESTNANEC, CO_UCI, UROVEN_KURZU, VELIKOST_MUNDURU) values (182, 'Oboji', 'C', 'L');
insert into INSTRUKTOR (ID_ZAMESTNANEC, CO_UCI, UROVEN_KURZU, VELIKOST_MUNDURU) values (183, 'Oboji', 'Expert', '42');
insert into INSTRUKTOR (ID_ZAMESTNANEC, CO_UCI, UROVEN_KURZU, VELIKOST_MUNDURU) values (184, 'Oboji', 'C', 'XL');
insert into INSTRUKTOR (ID_ZAMESTNANEC, CO_UCI, UROVEN_KURZU, VELIKOST_MUNDURU) values (185, 'Oboji', 'Expert', 'XL');
insert into INSTRUKTOR (ID_ZAMESTNANEC, CO_UCI, UROVEN_KURZU, VELIKOST_MUNDURU) values (186, 'Oboji', 'D', 'L');
insert into INSTRUKTOR (ID_ZAMESTNANEC, CO_UCI, UROVEN_KURZU, VELIKOST_MUNDURU) values (187, 'Oboji', 'Expert', 'XL');
insert into INSTRUKTOR (ID_ZAMESTNANEC, CO_UCI, UROVEN_KURZU, VELIKOST_MUNDURU) values (188, 'Oboji', 'Expert', 'L');
insert into INSTRUKTOR (ID_ZAMESTNANEC, CO_UCI, UROVEN_KURZU, VELIKOST_MUNDURU) values (189, 'Oboji', 'C', 'S');
insert into INSTRUKTOR (ID_ZAMESTNANEC, CO_UCI, UROVEN_KURZU, VELIKOST_MUNDURU) values (190, 'Oboji', 'Expert', '42');
insert into INSTRUKTOR (ID_ZAMESTNANEC, CO_UCI, UROVEN_KURZU, VELIKOST_MUNDURU) values (191, 'Oboji', 'C', 'XL');
insert into INSTRUKTOR (ID_ZAMESTNANEC, CO_UCI, UROVEN_KURZU, VELIKOST_MUNDURU) values (192, 'Oboji', 'Expert', 'XL');
insert into INSTRUKTOR (ID_ZAMESTNANEC, CO_UCI, UROVEN_KURZU, VELIKOST_MUNDURU) values (193, 'Oboji', 'D', 'XL');
insert into INSTRUKTOR (ID_ZAMESTNANEC, CO_UCI, UROVEN_KURZU, VELIKOST_MUNDURU) values (194, 'Oboji', 'Expert', 'XL');
insert into INSTRUKTOR (ID_ZAMESTNANEC, CO_UCI, UROVEN_KURZU, VELIKOST_MUNDURU) values (195, 'Oboji', 'D', 'L');
insert into INSTRUKTOR (ID_ZAMESTNANEC, CO_UCI, UROVEN_KURZU, VELIKOST_MUNDURU) values (196, 'Oboji', 'C', 'L');
insert into INSTRUKTOR (ID_ZAMESTNANEC, CO_UCI, UROVEN_KURZU, VELIKOST_MUNDURU) values (197, 'Oboji', 'Expert', 'XL');
insert into INSTRUKTOR (ID_ZAMESTNANEC, CO_UCI, UROVEN_KURZU, VELIKOST_MUNDURU) values (198, 'Oboji', 'Expert', 'S');
insert into INSTRUKTOR (ID_ZAMESTNANEC, CO_UCI, UROVEN_KURZU, VELIKOST_MUNDURU) values (199, 'Oboji', 'Expert', 'L');
insert into INSTRUKTOR (ID_ZAMESTNANEC, CO_UCI, UROVEN_KURZU, VELIKOST_MUNDURU) values (200, 'Oboji', 'Expert', 'L');





insert into INSTRUKTOR_HODINA (INSTR_ID_ZAMESTNANEC, HOD_VYUKY_ID_HOD_VYUKY, HOD_VYUKY_ID_OBJ_VYUKY) values (200, 1, 1);
insert into INSTRUKTOR_HODINA (INSTR_ID_ZAMESTNANEC, HOD_VYUKY_ID_HOD_VYUKY, HOD_VYUKY_ID_OBJ_VYUKY) values (153, 2, 2);
insert into INSTRUKTOR_HODINA (INSTR_ID_ZAMESTNANEC, HOD_VYUKY_ID_HOD_VYUKY, HOD_VYUKY_ID_OBJ_VYUKY) values (128, 3, 3);
insert into INSTRUKTOR_HODINA (INSTR_ID_ZAMESTNANEC, HOD_VYUKY_ID_HOD_VYUKY, HOD_VYUKY_ID_OBJ_VYUKY) values (185, 4, 4);
insert into INSTRUKTOR_HODINA (INSTR_ID_ZAMESTNANEC, HOD_VYUKY_ID_HOD_VYUKY, HOD_VYUKY_ID_OBJ_VYUKY) values (135, 5, 5);
insert into INSTRUKTOR_HODINA (INSTR_ID_ZAMESTNANEC, HOD_VYUKY_ID_HOD_VYUKY, HOD_VYUKY_ID_OBJ_VYUKY) values (195, 6, 6);
insert into INSTRUKTOR_HODINA (INSTR_ID_ZAMESTNANEC, HOD_VYUKY_ID_HOD_VYUKY, HOD_VYUKY_ID_OBJ_VYUKY) values (130, 7, 7);
insert into INSTRUKTOR_HODINA (INSTR_ID_ZAMESTNANEC, HOD_VYUKY_ID_HOD_VYUKY, HOD_VYUKY_ID_OBJ_VYUKY) values (173, 8, 8);
insert into INSTRUKTOR_HODINA (INSTR_ID_ZAMESTNANEC, HOD_VYUKY_ID_HOD_VYUKY, HOD_VYUKY_ID_OBJ_VYUKY) values (170, 9, 9);
insert into INSTRUKTOR_HODINA (INSTR_ID_ZAMESTNANEC, HOD_VYUKY_ID_HOD_VYUKY, HOD_VYUKY_ID_OBJ_VYUKY) values (149, 10, 10);
insert into INSTRUKTOR_HODINA (INSTR_ID_ZAMESTNANEC, HOD_VYUKY_ID_HOD_VYUKY, HOD_VYUKY_ID_OBJ_VYUKY) values (198, 11, 11);
insert into INSTRUKTOR_HODINA (INSTR_ID_ZAMESTNANEC, HOD_VYUKY_ID_HOD_VYUKY, HOD_VYUKY_ID_OBJ_VYUKY) values (101, 12, 12);
insert into INSTRUKTOR_HODINA (INSTR_ID_ZAMESTNANEC, HOD_VYUKY_ID_HOD_VYUKY, HOD_VYUKY_ID_OBJ_VYUKY) values (195, 13, 13);
insert into INSTRUKTOR_HODINA (INSTR_ID_ZAMESTNANEC, HOD_VYUKY_ID_HOD_VYUKY, HOD_VYUKY_ID_OBJ_VYUKY) values (198, 14, 14);
insert into INSTRUKTOR_HODINA (INSTR_ID_ZAMESTNANEC, HOD_VYUKY_ID_HOD_VYUKY, HOD_VYUKY_ID_OBJ_VYUKY) values (115, 15, 15);
insert into INSTRUKTOR_HODINA (INSTR_ID_ZAMESTNANEC, HOD_VYUKY_ID_HOD_VYUKY, HOD_VYUKY_ID_OBJ_VYUKY) values (184, 16, 16);
insert into INSTRUKTOR_HODINA (INSTR_ID_ZAMESTNANEC, HOD_VYUKY_ID_HOD_VYUKY, HOD_VYUKY_ID_OBJ_VYUKY) values (116, 17, 17);
insert into INSTRUKTOR_HODINA (INSTR_ID_ZAMESTNANEC, HOD_VYUKY_ID_HOD_VYUKY, HOD_VYUKY_ID_OBJ_VYUKY) values (178, 18, 18);
insert into INSTRUKTOR_HODINA (INSTR_ID_ZAMESTNANEC, HOD_VYUKY_ID_HOD_VYUKY, HOD_VYUKY_ID_OBJ_VYUKY) values (113, 19, 19);
insert into INSTRUKTOR_HODINA (INSTR_ID_ZAMESTNANEC, HOD_VYUKY_ID_HOD_VYUKY, HOD_VYUKY_ID_OBJ_VYUKY) values (134, 20, 20);
insert into INSTRUKTOR_HODINA (INSTR_ID_ZAMESTNANEC, HOD_VYUKY_ID_HOD_VYUKY, HOD_VYUKY_ID_OBJ_VYUKY) values (146, 21, 21);
insert into INSTRUKTOR_HODINA (INSTR_ID_ZAMESTNANEC, HOD_VYUKY_ID_HOD_VYUKY, HOD_VYUKY_ID_OBJ_VYUKY) values (131, 22, 22);
insert into INSTRUKTOR_HODINA (INSTR_ID_ZAMESTNANEC, HOD_VYUKY_ID_HOD_VYUKY, HOD_VYUKY_ID_OBJ_VYUKY) values (183, 23, 23);
insert into INSTRUKTOR_HODINA (INSTR_ID_ZAMESTNANEC, HOD_VYUKY_ID_HOD_VYUKY, HOD_VYUKY_ID_OBJ_VYUKY) values (130, 24, 24);
insert into INSTRUKTOR_HODINA (INSTR_ID_ZAMESTNANEC, HOD_VYUKY_ID_HOD_VYUKY, HOD_VYUKY_ID_OBJ_VYUKY) values (116, 25, 25);
insert into INSTRUKTOR_HODINA (INSTR_ID_ZAMESTNANEC, HOD_VYUKY_ID_HOD_VYUKY, HOD_VYUKY_ID_OBJ_VYUKY) values (175, 26, 26);
insert into INSTRUKTOR_HODINA (INSTR_ID_ZAMESTNANEC, HOD_VYUKY_ID_HOD_VYUKY, HOD_VYUKY_ID_OBJ_VYUKY) values (200, 27, 27);
insert into INSTRUKTOR_HODINA (INSTR_ID_ZAMESTNANEC, HOD_VYUKY_ID_HOD_VYUKY, HOD_VYUKY_ID_OBJ_VYUKY) values (200, 28, 28);
insert into INSTRUKTOR_HODINA (INSTR_ID_ZAMESTNANEC, HOD_VYUKY_ID_HOD_VYUKY, HOD_VYUKY_ID_OBJ_VYUKY) values (120, 29, 29);
insert into INSTRUKTOR_HODINA (INSTR_ID_ZAMESTNANEC, HOD_VYUKY_ID_HOD_VYUKY, HOD_VYUKY_ID_OBJ_VYUKY) values (174, 30, 30);
insert into INSTRUKTOR_HODINA (INSTR_ID_ZAMESTNANEC, HOD_VYUKY_ID_HOD_VYUKY, HOD_VYUKY_ID_OBJ_VYUKY) values (108, 31, 31);
insert into INSTRUKTOR_HODINA (INSTR_ID_ZAMESTNANEC, HOD_VYUKY_ID_HOD_VYUKY, HOD_VYUKY_ID_OBJ_VYUKY) values (153, 32, 32);
insert into INSTRUKTOR_HODINA (INSTR_ID_ZAMESTNANEC, HOD_VYUKY_ID_HOD_VYUKY, HOD_VYUKY_ID_OBJ_VYUKY) values (164, 33, 33);
insert into INSTRUKTOR_HODINA (INSTR_ID_ZAMESTNANEC, HOD_VYUKY_ID_HOD_VYUKY, HOD_VYUKY_ID_OBJ_VYUKY) values (132, 34, 34);
insert into INSTRUKTOR_HODINA (INSTR_ID_ZAMESTNANEC, HOD_VYUKY_ID_HOD_VYUKY, HOD_VYUKY_ID_OBJ_VYUKY) values (150, 35, 35);
insert into INSTRUKTOR_HODINA (INSTR_ID_ZAMESTNANEC, HOD_VYUKY_ID_HOD_VYUKY, HOD_VYUKY_ID_OBJ_VYUKY) values (146, 36, 36);
insert into INSTRUKTOR_HODINA (INSTR_ID_ZAMESTNANEC, HOD_VYUKY_ID_HOD_VYUKY, HOD_VYUKY_ID_OBJ_VYUKY) values (141, 37, 37);
insert into INSTRUKTOR_HODINA (INSTR_ID_ZAMESTNANEC, HOD_VYUKY_ID_HOD_VYUKY, HOD_VYUKY_ID_OBJ_VYUKY) values (122, 38, 38);
insert into INSTRUKTOR_HODINA (INSTR_ID_ZAMESTNANEC, HOD_VYUKY_ID_HOD_VYUKY, HOD_VYUKY_ID_OBJ_VYUKY) values (109, 39, 39);
insert into INSTRUKTOR_HODINA (INSTR_ID_ZAMESTNANEC, HOD_VYUKY_ID_HOD_VYUKY, HOD_VYUKY_ID_OBJ_VYUKY) values (164, 40, 40);
insert into INSTRUKTOR_HODINA (INSTR_ID_ZAMESTNANEC, HOD_VYUKY_ID_HOD_VYUKY, HOD_VYUKY_ID_OBJ_VYUKY) values (187, 41, 41);
insert into INSTRUKTOR_HODINA (INSTR_ID_ZAMESTNANEC, HOD_VYUKY_ID_HOD_VYUKY, HOD_VYUKY_ID_OBJ_VYUKY) values (148, 42, 42);
insert into INSTRUKTOR_HODINA (INSTR_ID_ZAMESTNANEC, HOD_VYUKY_ID_HOD_VYUKY, HOD_VYUKY_ID_OBJ_VYUKY) values (197, 43, 43);
insert into INSTRUKTOR_HODINA (INSTR_ID_ZAMESTNANEC, HOD_VYUKY_ID_HOD_VYUKY, HOD_VYUKY_ID_OBJ_VYUKY) values (128, 44, 44);
insert into INSTRUKTOR_HODINA (INSTR_ID_ZAMESTNANEC, HOD_VYUKY_ID_HOD_VYUKY, HOD_VYUKY_ID_OBJ_VYUKY) values (158, 45, 45);
insert into INSTRUKTOR_HODINA (INSTR_ID_ZAMESTNANEC, HOD_VYUKY_ID_HOD_VYUKY, HOD_VYUKY_ID_OBJ_VYUKY) values (137, 46, 46);
insert into INSTRUKTOR_HODINA (INSTR_ID_ZAMESTNANEC, HOD_VYUKY_ID_HOD_VYUKY, HOD_VYUKY_ID_OBJ_VYUKY) values (133, 47, 47);
insert into INSTRUKTOR_HODINA (INSTR_ID_ZAMESTNANEC, HOD_VYUKY_ID_HOD_VYUKY, HOD_VYUKY_ID_OBJ_VYUKY) values (165, 48, 48);
insert into INSTRUKTOR_HODINA (INSTR_ID_ZAMESTNANEC, HOD_VYUKY_ID_HOD_VYUKY, HOD_VYUKY_ID_OBJ_VYUKY) values (124, 49, 49);
insert into INSTRUKTOR_HODINA (INSTR_ID_ZAMESTNANEC, HOD_VYUKY_ID_HOD_VYUKY, HOD_VYUKY_ID_OBJ_VYUKY) values (176, 50, 50);
insert into INSTRUKTOR_HODINA (INSTR_ID_ZAMESTNANEC, HOD_VYUKY_ID_HOD_VYUKY, HOD_VYUKY_ID_OBJ_VYUKY) values (128, 51, 51);
insert into INSTRUKTOR_HODINA (INSTR_ID_ZAMESTNANEC, HOD_VYUKY_ID_HOD_VYUKY, HOD_VYUKY_ID_OBJ_VYUKY) values (150, 52, 52);
insert into INSTRUKTOR_HODINA (INSTR_ID_ZAMESTNANEC, HOD_VYUKY_ID_HOD_VYUKY, HOD_VYUKY_ID_OBJ_VYUKY) values (169, 53, 53);
insert into INSTRUKTOR_HODINA (INSTR_ID_ZAMESTNANEC, HOD_VYUKY_ID_HOD_VYUKY, HOD_VYUKY_ID_OBJ_VYUKY) values (108, 54, 54);
insert into INSTRUKTOR_HODINA (INSTR_ID_ZAMESTNANEC, HOD_VYUKY_ID_HOD_VYUKY, HOD_VYUKY_ID_OBJ_VYUKY) values (197, 55, 55);
insert into INSTRUKTOR_HODINA (INSTR_ID_ZAMESTNANEC, HOD_VYUKY_ID_HOD_VYUKY, HOD_VYUKY_ID_OBJ_VYUKY) values (119, 56, 56);
insert into INSTRUKTOR_HODINA (INSTR_ID_ZAMESTNANEC, HOD_VYUKY_ID_HOD_VYUKY, HOD_VYUKY_ID_OBJ_VYUKY) values (158, 57, 57);
insert into INSTRUKTOR_HODINA (INSTR_ID_ZAMESTNANEC, HOD_VYUKY_ID_HOD_VYUKY, HOD_VYUKY_ID_OBJ_VYUKY) values (169, 58, 58);
insert into INSTRUKTOR_HODINA (INSTR_ID_ZAMESTNANEC, HOD_VYUKY_ID_HOD_VYUKY, HOD_VYUKY_ID_OBJ_VYUKY) values (168, 59, 59);
insert into INSTRUKTOR_HODINA (INSTR_ID_ZAMESTNANEC, HOD_VYUKY_ID_HOD_VYUKY, HOD_VYUKY_ID_OBJ_VYUKY) values (197, 60, 60);
insert into INSTRUKTOR_HODINA (INSTR_ID_ZAMESTNANEC, HOD_VYUKY_ID_HOD_VYUKY, HOD_VYUKY_ID_OBJ_VYUKY) values (106, 61, 61);
insert into INSTRUKTOR_HODINA (INSTR_ID_ZAMESTNANEC, HOD_VYUKY_ID_HOD_VYUKY, HOD_VYUKY_ID_OBJ_VYUKY) values (122, 62, 62);
insert into INSTRUKTOR_HODINA (INSTR_ID_ZAMESTNANEC, HOD_VYUKY_ID_HOD_VYUKY, HOD_VYUKY_ID_OBJ_VYUKY) values (136, 63, 63);
insert into INSTRUKTOR_HODINA (INSTR_ID_ZAMESTNANEC, HOD_VYUKY_ID_HOD_VYUKY, HOD_VYUKY_ID_OBJ_VYUKY) values (104, 64, 64);
insert into INSTRUKTOR_HODINA (INSTR_ID_ZAMESTNANEC, HOD_VYUKY_ID_HOD_VYUKY, HOD_VYUKY_ID_OBJ_VYUKY) values (126, 65, 65);
insert into INSTRUKTOR_HODINA (INSTR_ID_ZAMESTNANEC, HOD_VYUKY_ID_HOD_VYUKY, HOD_VYUKY_ID_OBJ_VYUKY) values (103, 66, 66);
insert into INSTRUKTOR_HODINA (INSTR_ID_ZAMESTNANEC, HOD_VYUKY_ID_HOD_VYUKY, HOD_VYUKY_ID_OBJ_VYUKY) values (111, 67, 67);
insert into INSTRUKTOR_HODINA (INSTR_ID_ZAMESTNANEC, HOD_VYUKY_ID_HOD_VYUKY, HOD_VYUKY_ID_OBJ_VYUKY) values (166, 68, 68);
insert into INSTRUKTOR_HODINA (INSTR_ID_ZAMESTNANEC, HOD_VYUKY_ID_HOD_VYUKY, HOD_VYUKY_ID_OBJ_VYUKY) values (127, 69, 69);
insert into INSTRUKTOR_HODINA (INSTR_ID_ZAMESTNANEC, HOD_VYUKY_ID_HOD_VYUKY, HOD_VYUKY_ID_OBJ_VYUKY) values (183, 70, 70);
insert into INSTRUKTOR_HODINA (INSTR_ID_ZAMESTNANEC, HOD_VYUKY_ID_HOD_VYUKY, HOD_VYUKY_ID_OBJ_VYUKY) values (107, 71, 71);
insert into INSTRUKTOR_HODINA (INSTR_ID_ZAMESTNANEC, HOD_VYUKY_ID_HOD_VYUKY, HOD_VYUKY_ID_OBJ_VYUKY) values (188, 72, 72);
insert into INSTRUKTOR_HODINA (INSTR_ID_ZAMESTNANEC, HOD_VYUKY_ID_HOD_VYUKY, HOD_VYUKY_ID_OBJ_VYUKY) values (149, 73, 73);
insert into INSTRUKTOR_HODINA (INSTR_ID_ZAMESTNANEC, HOD_VYUKY_ID_HOD_VYUKY, HOD_VYUKY_ID_OBJ_VYUKY) values (185, 74, 74);
insert into INSTRUKTOR_HODINA (INSTR_ID_ZAMESTNANEC, HOD_VYUKY_ID_HOD_VYUKY, HOD_VYUKY_ID_OBJ_VYUKY) values (160, 75, 75);
insert into INSTRUKTOR_HODINA (INSTR_ID_ZAMESTNANEC, HOD_VYUKY_ID_HOD_VYUKY, HOD_VYUKY_ID_OBJ_VYUKY) values (149, 76, 76);
insert into INSTRUKTOR_HODINA (INSTR_ID_ZAMESTNANEC, HOD_VYUKY_ID_HOD_VYUKY, HOD_VYUKY_ID_OBJ_VYUKY) values (165, 77, 77);
insert into INSTRUKTOR_HODINA (INSTR_ID_ZAMESTNANEC, HOD_VYUKY_ID_HOD_VYUKY, HOD_VYUKY_ID_OBJ_VYUKY) values (174, 78, 78);
insert into INSTRUKTOR_HODINA (INSTR_ID_ZAMESTNANEC, HOD_VYUKY_ID_HOD_VYUKY, HOD_VYUKY_ID_OBJ_VYUKY) values (111, 79, 79);
insert into INSTRUKTOR_HODINA (INSTR_ID_ZAMESTNANEC, HOD_VYUKY_ID_HOD_VYUKY, HOD_VYUKY_ID_OBJ_VYUKY) values (195, 80, 80);
insert into INSTRUKTOR_HODINA (INSTR_ID_ZAMESTNANEC, HOD_VYUKY_ID_HOD_VYUKY, HOD_VYUKY_ID_OBJ_VYUKY) values (117, 81, 81);
insert into INSTRUKTOR_HODINA (INSTR_ID_ZAMESTNANEC, HOD_VYUKY_ID_HOD_VYUKY, HOD_VYUKY_ID_OBJ_VYUKY) values (169, 82, 82);
insert into INSTRUKTOR_HODINA (INSTR_ID_ZAMESTNANEC, HOD_VYUKY_ID_HOD_VYUKY, HOD_VYUKY_ID_OBJ_VYUKY) values (159, 83, 83);
insert into INSTRUKTOR_HODINA (INSTR_ID_ZAMESTNANEC, HOD_VYUKY_ID_HOD_VYUKY, HOD_VYUKY_ID_OBJ_VYUKY) values (125, 84, 84);
insert into INSTRUKTOR_HODINA (INSTR_ID_ZAMESTNANEC, HOD_VYUKY_ID_HOD_VYUKY, HOD_VYUKY_ID_OBJ_VYUKY) values (153, 85, 85);
insert into INSTRUKTOR_HODINA (INSTR_ID_ZAMESTNANEC, HOD_VYUKY_ID_HOD_VYUKY, HOD_VYUKY_ID_OBJ_VYUKY) values (129, 86, 86);
insert into INSTRUKTOR_HODINA (INSTR_ID_ZAMESTNANEC, HOD_VYUKY_ID_HOD_VYUKY, HOD_VYUKY_ID_OBJ_VYUKY) values (183, 87, 87);
insert into INSTRUKTOR_HODINA (INSTR_ID_ZAMESTNANEC, HOD_VYUKY_ID_HOD_VYUKY, HOD_VYUKY_ID_OBJ_VYUKY) values (159, 88, 88);
insert into INSTRUKTOR_HODINA (INSTR_ID_ZAMESTNANEC, HOD_VYUKY_ID_HOD_VYUKY, HOD_VYUKY_ID_OBJ_VYUKY) values (116, 89, 89);
insert into INSTRUKTOR_HODINA (INSTR_ID_ZAMESTNANEC, HOD_VYUKY_ID_HOD_VYUKY, HOD_VYUKY_ID_OBJ_VYUKY) values (168, 90, 90);
insert into INSTRUKTOR_HODINA (INSTR_ID_ZAMESTNANEC, HOD_VYUKY_ID_HOD_VYUKY, HOD_VYUKY_ID_OBJ_VYUKY) values (186, 91, 91);
insert into INSTRUKTOR_HODINA (INSTR_ID_ZAMESTNANEC, HOD_VYUKY_ID_HOD_VYUKY, HOD_VYUKY_ID_OBJ_VYUKY) values (157, 92, 92);
insert into INSTRUKTOR_HODINA (INSTR_ID_ZAMESTNANEC, HOD_VYUKY_ID_HOD_VYUKY, HOD_VYUKY_ID_OBJ_VYUKY) values (190, 93, 93);
insert into INSTRUKTOR_HODINA (INSTR_ID_ZAMESTNANEC, HOD_VYUKY_ID_HOD_VYUKY, HOD_VYUKY_ID_OBJ_VYUKY) values (115, 94, 94);
insert into INSTRUKTOR_HODINA (INSTR_ID_ZAMESTNANEC, HOD_VYUKY_ID_HOD_VYUKY, HOD_VYUKY_ID_OBJ_VYUKY) values (126, 95, 95);
insert into INSTRUKTOR_HODINA (INSTR_ID_ZAMESTNANEC, HOD_VYUKY_ID_HOD_VYUKY, HOD_VYUKY_ID_OBJ_VYUKY) values (192, 96, 96);
insert into INSTRUKTOR_HODINA (INSTR_ID_ZAMESTNANEC, HOD_VYUKY_ID_HOD_VYUKY, HOD_VYUKY_ID_OBJ_VYUKY) values (170, 97, 97);
insert into INSTRUKTOR_HODINA (INSTR_ID_ZAMESTNANEC, HOD_VYUKY_ID_HOD_VYUKY, HOD_VYUKY_ID_OBJ_VYUKY) values (106, 98, 98);
insert into INSTRUKTOR_HODINA (INSTR_ID_ZAMESTNANEC, HOD_VYUKY_ID_HOD_VYUKY, HOD_VYUKY_ID_OBJ_VYUKY) values (116, 99, 99);
insert into INSTRUKTOR_HODINA (INSTR_ID_ZAMESTNANEC, HOD_VYUKY_ID_HOD_VYUKY, HOD_VYUKY_ID_OBJ_VYUKY) values (104, 100, 100);



insert into LYZARSKE_BOTY (ID_LYZARSKE_BOTY, ZNACKA, MODEL, FLEX, VELIKOST_NORMALNI, VELIKOST_PRO_VAZANI) values (1, 'Atomic', 'Z200', '00', 32, 248);
insert into LYZARSKE_BOTY (ID_LYZARSKE_BOTY, ZNACKA, MODEL, FLEX, VELIKOST_NORMALNI, VELIKOST_PRO_VAZANI) values (2, 'Atomic', 'Z200', '30', 29, 173);
insert into LYZARSKE_BOTY (ID_LYZARSKE_BOTY, ZNACKA, MODEL, FLEX, VELIKOST_NORMALNI, VELIKOST_PRO_VAZANI) values (3, 'Atomic', 'X300', '30', 39, 242);
insert into LYZARSKE_BOTY (ID_LYZARSKE_BOTY, ZNACKA, MODEL, FLEX, VELIKOST_NORMALNI, VELIKOST_PRO_VAZANI) values (4, 'Atomic', 'Y300', '00', 30, 228);
insert into LYZARSKE_BOTY (ID_LYZARSKE_BOTY, ZNACKA, MODEL, FLEX, VELIKOST_NORMALNI, VELIKOST_PRO_VAZANI) values (5, 'Atomic', 'Z300', '80', 26, 205);
insert into LYZARSKE_BOTY (ID_LYZARSKE_BOTY, ZNACKA, MODEL, FLEX, VELIKOST_NORMALNI, VELIKOST_PRO_VAZANI) values (6, 'Atomic', 'Y100', '10', 34, 193);
insert into LYZARSKE_BOTY (ID_LYZARSKE_BOTY, ZNACKA, MODEL, FLEX, VELIKOST_NORMALNI, VELIKOST_PRO_VAZANI) values (7, 'Atomic', 'X300', '70', 27, 208);
insert into LYZARSKE_BOTY (ID_LYZARSKE_BOTY, ZNACKA, MODEL, FLEX, VELIKOST_NORMALNI, VELIKOST_PRO_VAZANI) values (8, 'Atomic', 'X200', '30', 29, 222);
insert into LYZARSKE_BOTY (ID_LYZARSKE_BOTY, ZNACKA, MODEL, FLEX, VELIKOST_NORMALNI, VELIKOST_PRO_VAZANI) values (9, 'Atomic', 'Y300', '70', 34, 263);
insert into LYZARSKE_BOTY (ID_LYZARSKE_BOTY, ZNACKA, MODEL, FLEX, VELIKOST_NORMALNI, VELIKOST_PRO_VAZANI) values (10, 'Atomic', 'X300', '60', 46, 195);
insert into LYZARSKE_BOTY (ID_LYZARSKE_BOTY, ZNACKA, MODEL, FLEX, VELIKOST_NORMALNI, VELIKOST_PRO_VAZANI) values (11, 'Atomic', 'X100', '60', 27, 244);
insert into LYZARSKE_BOTY (ID_LYZARSKE_BOTY, ZNACKA, MODEL, FLEX, VELIKOST_NORMALNI, VELIKOST_PRO_VAZANI) values (12, 'Atomic', 'X100', '20', 33, 256);
insert into LYZARSKE_BOTY (ID_LYZARSKE_BOTY, ZNACKA, MODEL, FLEX, VELIKOST_NORMALNI, VELIKOST_PRO_VAZANI) values (13, 'Atomic', 'Z300', '70', 25, 283);
insert into LYZARSKE_BOTY (ID_LYZARSKE_BOTY, ZNACKA, MODEL, FLEX, VELIKOST_NORMALNI, VELIKOST_PRO_VAZANI) values (14, 'Atomic', 'Z200', '60', 26, 305);
insert into LYZARSKE_BOTY (ID_LYZARSKE_BOTY, ZNACKA, MODEL, FLEX, VELIKOST_NORMALNI, VELIKOST_PRO_VAZANI) values (15, 'Atomic', 'X100', '00', 34, 217);
insert into LYZARSKE_BOTY (ID_LYZARSKE_BOTY, ZNACKA, MODEL, FLEX, VELIKOST_NORMALNI, VELIKOST_PRO_VAZANI) values (16, 'Atomic', 'X300', '00', 29, 268);
insert into LYZARSKE_BOTY (ID_LYZARSKE_BOTY, ZNACKA, MODEL, FLEX, VELIKOST_NORMALNI, VELIKOST_PRO_VAZANI) values (17, 'Atomic', 'Y300', '00', 37, 181);
insert into LYZARSKE_BOTY (ID_LYZARSKE_BOTY, ZNACKA, MODEL, FLEX, VELIKOST_NORMALNI, VELIKOST_PRO_VAZANI) values (18, 'Atomic', 'Z300', '60', 35, 304);
insert into LYZARSKE_BOTY (ID_LYZARSKE_BOTY, ZNACKA, MODEL, FLEX, VELIKOST_NORMALNI, VELIKOST_PRO_VAZANI) values (19, 'Atomic', 'Y300', '30', 27, 227);
insert into LYZARSKE_BOTY (ID_LYZARSKE_BOTY, ZNACKA, MODEL, FLEX, VELIKOST_NORMALNI, VELIKOST_PRO_VAZANI) values (20, 'Atomic', 'Z100', '90', 40, 235);
insert into LYZARSKE_BOTY (ID_LYZARSKE_BOTY, ZNACKA, MODEL, FLEX, VELIKOST_NORMALNI, VELIKOST_PRO_VAZANI) values (21, 'Atomic', 'Y100', '40', 25, 244);
insert into LYZARSKE_BOTY (ID_LYZARSKE_BOTY, ZNACKA, MODEL, FLEX, VELIKOST_NORMALNI, VELIKOST_PRO_VAZANI) values (22, 'Atomic', 'Z300', '40', 36, 289);
insert into LYZARSKE_BOTY (ID_LYZARSKE_BOTY, ZNACKA, MODEL, FLEX, VELIKOST_NORMALNI, VELIKOST_PRO_VAZANI) values (23, 'Atomic', 'X300', '20', 33, 190);
insert into LYZARSKE_BOTY (ID_LYZARSKE_BOTY, ZNACKA, MODEL, FLEX, VELIKOST_NORMALNI, VELIKOST_PRO_VAZANI) values (24, 'Atomic', 'X300', '70', 28, 230);
insert into LYZARSKE_BOTY (ID_LYZARSKE_BOTY, ZNACKA, MODEL, FLEX, VELIKOST_NORMALNI, VELIKOST_PRO_VAZANI) values (25, 'Atomic', 'Z100', '40', 33, 222);
insert into LYZARSKE_BOTY (ID_LYZARSKE_BOTY, ZNACKA, MODEL, FLEX, VELIKOST_NORMALNI, VELIKOST_PRO_VAZANI) values (26, 'Atomic', 'Z100', '60', 28, 207);
insert into LYZARSKE_BOTY (ID_LYZARSKE_BOTY, ZNACKA, MODEL, FLEX, VELIKOST_NORMALNI, VELIKOST_PRO_VAZANI) values (27, 'Atomic', 'X300', '50', 25, 269);
insert into LYZARSKE_BOTY (ID_LYZARSKE_BOTY, ZNACKA, MODEL, FLEX, VELIKOST_NORMALNI, VELIKOST_PRO_VAZANI) values (28, 'Atomic', 'Y200', '80', 26, 289);
insert into LYZARSKE_BOTY (ID_LYZARSKE_BOTY, ZNACKA, MODEL, FLEX, VELIKOST_NORMALNI, VELIKOST_PRO_VAZANI) values (29, 'Atomic', 'Y100', '40', 39, 208);
insert into LYZARSKE_BOTY (ID_LYZARSKE_BOTY, ZNACKA, MODEL, FLEX, VELIKOST_NORMALNI, VELIKOST_PRO_VAZANI) values (30, 'Atomic', 'Z300', '90', 27, 235);
insert into LYZARSKE_BOTY (ID_LYZARSKE_BOTY, ZNACKA, MODEL, FLEX, VELIKOST_NORMALNI, VELIKOST_PRO_VAZANI) values (31, 'Atomic', 'Z300', '20', 38, 188);
insert into LYZARSKE_BOTY (ID_LYZARSKE_BOTY, ZNACKA, MODEL, FLEX, VELIKOST_NORMALNI, VELIKOST_PRO_VAZANI) values (32, 'Atomic', 'Z200', '00', 47, 277);
insert into LYZARSKE_BOTY (ID_LYZARSKE_BOTY, ZNACKA, MODEL, FLEX, VELIKOST_NORMALNI, VELIKOST_PRO_VAZANI) values (33, 'Atomic', 'X100', '40', 40, 213);
insert into LYZARSKE_BOTY (ID_LYZARSKE_BOTY, ZNACKA, MODEL, FLEX, VELIKOST_NORMALNI, VELIKOST_PRO_VAZANI) values (34, 'Atomic', 'X200', '60', 41, 307);
insert into LYZARSKE_BOTY (ID_LYZARSKE_BOTY, ZNACKA, MODEL, FLEX, VELIKOST_NORMALNI, VELIKOST_PRO_VAZANI) values (35, 'Atomic', 'Z300', '90', 33, 288);
insert into LYZARSKE_BOTY (ID_LYZARSKE_BOTY, ZNACKA, MODEL, FLEX, VELIKOST_NORMALNI, VELIKOST_PRO_VAZANI) values (36, 'Atomic', 'Y100', '90', 36, 273);
insert into LYZARSKE_BOTY (ID_LYZARSKE_BOTY, ZNACKA, MODEL, FLEX, VELIKOST_NORMALNI, VELIKOST_PRO_VAZANI) values (37, 'Atomic', 'Z200', '70', 45, 180);
insert into LYZARSKE_BOTY (ID_LYZARSKE_BOTY, ZNACKA, MODEL, FLEX, VELIKOST_NORMALNI, VELIKOST_PRO_VAZANI) values (38, 'Atomic', 'Y100', '30', 44, 258);
insert into LYZARSKE_BOTY (ID_LYZARSKE_BOTY, ZNACKA, MODEL, FLEX, VELIKOST_NORMALNI, VELIKOST_PRO_VAZANI) values (39, 'Atomic', 'Z300', '30', 38, 238);
insert into LYZARSKE_BOTY (ID_LYZARSKE_BOTY, ZNACKA, MODEL, FLEX, VELIKOST_NORMALNI, VELIKOST_PRO_VAZANI) values (40, 'Atomic', 'Y100', '70', 36, 211);
insert into LYZARSKE_BOTY (ID_LYZARSKE_BOTY, ZNACKA, MODEL, FLEX, VELIKOST_NORMALNI, VELIKOST_PRO_VAZANI) values (41, 'Atomic', 'Z100', '60', 30, 202);
insert into LYZARSKE_BOTY (ID_LYZARSKE_BOTY, ZNACKA, MODEL, FLEX, VELIKOST_NORMALNI, VELIKOST_PRO_VAZANI) values (42, 'Atomic', 'X300', '20', 44, 174);
insert into LYZARSKE_BOTY (ID_LYZARSKE_BOTY, ZNACKA, MODEL, FLEX, VELIKOST_NORMALNI, VELIKOST_PRO_VAZANI) values (43, 'Atomic', 'Z100', '70', 46, 263);
insert into LYZARSKE_BOTY (ID_LYZARSKE_BOTY, ZNACKA, MODEL, FLEX, VELIKOST_NORMALNI, VELIKOST_PRO_VAZANI) values (44, 'Atomic', 'Y200', '40', 31, 170);
insert into LYZARSKE_BOTY (ID_LYZARSKE_BOTY, ZNACKA, MODEL, FLEX, VELIKOST_NORMALNI, VELIKOST_PRO_VAZANI) values (45, 'Atomic', 'X100', '00', 47, 262);
insert into LYZARSKE_BOTY (ID_LYZARSKE_BOTY, ZNACKA, MODEL, FLEX, VELIKOST_NORMALNI, VELIKOST_PRO_VAZANI) values (46, 'Atomic', 'Y300', '00', 25, 266);
insert into LYZARSKE_BOTY (ID_LYZARSKE_BOTY, ZNACKA, MODEL, FLEX, VELIKOST_NORMALNI, VELIKOST_PRO_VAZANI) values (47, 'Atomic', 'Y200', '60', 46, 273);
insert into LYZARSKE_BOTY (ID_LYZARSKE_BOTY, ZNACKA, MODEL, FLEX, VELIKOST_NORMALNI, VELIKOST_PRO_VAZANI) values (48, 'Atomic', 'Z300', '90', 27, 208);
insert into LYZARSKE_BOTY (ID_LYZARSKE_BOTY, ZNACKA, MODEL, FLEX, VELIKOST_NORMALNI, VELIKOST_PRO_VAZANI) values (49, 'Atomic', 'X300', '30', 25, 197);
insert into LYZARSKE_BOTY (ID_LYZARSKE_BOTY, ZNACKA, MODEL, FLEX, VELIKOST_NORMALNI, VELIKOST_PRO_VAZANI) values (50, 'Atomic', 'Z300', '00', 29, 183);
insert into LYZARSKE_BOTY (ID_LYZARSKE_BOTY, ZNACKA, MODEL, FLEX, VELIKOST_NORMALNI, VELIKOST_PRO_VAZANI) values (51, 'Rossignol', 'Z300', '60', 46, 285);
insert into LYZARSKE_BOTY (ID_LYZARSKE_BOTY, ZNACKA, MODEL, FLEX, VELIKOST_NORMALNI, VELIKOST_PRO_VAZANI) values (52, 'Rossignol', 'Z200', '00', 45, 201);
insert into LYZARSKE_BOTY (ID_LYZARSKE_BOTY, ZNACKA, MODEL, FLEX, VELIKOST_NORMALNI, VELIKOST_PRO_VAZANI) values (53, 'Rossignol', 'Y300', '30', 29, 297);
insert into LYZARSKE_BOTY (ID_LYZARSKE_BOTY, ZNACKA, MODEL, FLEX, VELIKOST_NORMALNI, VELIKOST_PRO_VAZANI) values (54, 'Rossignol', 'X100', '50', 35, 235);
insert into LYZARSKE_BOTY (ID_LYZARSKE_BOTY, ZNACKA, MODEL, FLEX, VELIKOST_NORMALNI, VELIKOST_PRO_VAZANI) values (55, 'Rossignol', 'Y300', '40', 39, 175);
insert into LYZARSKE_BOTY (ID_LYZARSKE_BOTY, ZNACKA, MODEL, FLEX, VELIKOST_NORMALNI, VELIKOST_PRO_VAZANI) values (56, 'Rossignol', 'Z300', '30', 25, 281);
insert into LYZARSKE_BOTY (ID_LYZARSKE_BOTY, ZNACKA, MODEL, FLEX, VELIKOST_NORMALNI, VELIKOST_PRO_VAZANI) values (57, 'Rossignol', 'Z300', '80', 46, 263);
insert into LYZARSKE_BOTY (ID_LYZARSKE_BOTY, ZNACKA, MODEL, FLEX, VELIKOST_NORMALNI, VELIKOST_PRO_VAZANI) values (58, 'Rossignol', 'Y200', '40', 46, 306);
insert into LYZARSKE_BOTY (ID_LYZARSKE_BOTY, ZNACKA, MODEL, FLEX, VELIKOST_NORMALNI, VELIKOST_PRO_VAZANI) values (59, 'Rossignol', 'Z300', '90', 37, 232);
insert into LYZARSKE_BOTY (ID_LYZARSKE_BOTY, ZNACKA, MODEL, FLEX, VELIKOST_NORMALNI, VELIKOST_PRO_VAZANI) values (60, 'Rossignol', 'Z300', '90', 38, 279);
insert into LYZARSKE_BOTY (ID_LYZARSKE_BOTY, ZNACKA, MODEL, FLEX, VELIKOST_NORMALNI, VELIKOST_PRO_VAZANI) values (61, 'Rossignol', 'X300', '20', 30, 287);
insert into LYZARSKE_BOTY (ID_LYZARSKE_BOTY, ZNACKA, MODEL, FLEX, VELIKOST_NORMALNI, VELIKOST_PRO_VAZANI) values (62, 'Rossignol', 'Y300', '10', 44, 172);
insert into LYZARSKE_BOTY (ID_LYZARSKE_BOTY, ZNACKA, MODEL, FLEX, VELIKOST_NORMALNI, VELIKOST_PRO_VAZANI) values (63, 'Rossignol', 'Z300', '00', 37, 294);
insert into LYZARSKE_BOTY (ID_LYZARSKE_BOTY, ZNACKA, MODEL, FLEX, VELIKOST_NORMALNI, VELIKOST_PRO_VAZANI) values (64, 'Rossignol', 'Z200', '40', 42, 191);
insert into LYZARSKE_BOTY (ID_LYZARSKE_BOTY, ZNACKA, MODEL, FLEX, VELIKOST_NORMALNI, VELIKOST_PRO_VAZANI) values (65, 'Rossignol', 'Z300', '70', 43, 247);
insert into LYZARSKE_BOTY (ID_LYZARSKE_BOTY, ZNACKA, MODEL, FLEX, VELIKOST_NORMALNI, VELIKOST_PRO_VAZANI) values (66, 'Rossignol', 'Z300', '40', 39, 183);
insert into LYZARSKE_BOTY (ID_LYZARSKE_BOTY, ZNACKA, MODEL, FLEX, VELIKOST_NORMALNI, VELIKOST_PRO_VAZANI) values (67, 'Rossignol', 'X100', '80', 47, 206);
insert into LYZARSKE_BOTY (ID_LYZARSKE_BOTY, ZNACKA, MODEL, FLEX, VELIKOST_NORMALNI, VELIKOST_PRO_VAZANI) values (68, 'Rossignol', 'Y300', '50', 27, 264);
insert into LYZARSKE_BOTY (ID_LYZARSKE_BOTY, ZNACKA, MODEL, FLEX, VELIKOST_NORMALNI, VELIKOST_PRO_VAZANI) values (69, 'Rossignol', 'Z300', '20', 42, 301);
insert into LYZARSKE_BOTY (ID_LYZARSKE_BOTY, ZNACKA, MODEL, FLEX, VELIKOST_NORMALNI, VELIKOST_PRO_VAZANI) values (70, 'Rossignol', 'Z200', '80', 45, 275);
insert into LYZARSKE_BOTY (ID_LYZARSKE_BOTY, ZNACKA, MODEL, FLEX, VELIKOST_NORMALNI, VELIKOST_PRO_VAZANI) values (71, 'Rossignol', 'X300', '80', 42, 265);
insert into LYZARSKE_BOTY (ID_LYZARSKE_BOTY, ZNACKA, MODEL, FLEX, VELIKOST_NORMALNI, VELIKOST_PRO_VAZANI) values (72, 'Rossignol', 'Z300', '90', 27, 240);
insert into LYZARSKE_BOTY (ID_LYZARSKE_BOTY, ZNACKA, MODEL, FLEX, VELIKOST_NORMALNI, VELIKOST_PRO_VAZANI) values (73, 'Rossignol', 'X200', '80', 34, 272);
insert into LYZARSKE_BOTY (ID_LYZARSKE_BOTY, ZNACKA, MODEL, FLEX, VELIKOST_NORMALNI, VELIKOST_PRO_VAZANI) values (74, 'Rossignol', 'Z200', '90', 47, 229);
insert into LYZARSKE_BOTY (ID_LYZARSKE_BOTY, ZNACKA, MODEL, FLEX, VELIKOST_NORMALNI, VELIKOST_PRO_VAZANI) values (75, 'Rossignol', 'Z200', '80', 38, 207);
insert into LYZARSKE_BOTY (ID_LYZARSKE_BOTY, ZNACKA, MODEL, FLEX, VELIKOST_NORMALNI, VELIKOST_PRO_VAZANI) values (76, 'Rossignol', 'Z100', '80', 37, 298);
insert into LYZARSKE_BOTY (ID_LYZARSKE_BOTY, ZNACKA, MODEL, FLEX, VELIKOST_NORMALNI, VELIKOST_PRO_VAZANI) values (77, 'Rossignol', 'X300', '00', 32, 291);
insert into LYZARSKE_BOTY (ID_LYZARSKE_BOTY, ZNACKA, MODEL, FLEX, VELIKOST_NORMALNI, VELIKOST_PRO_VAZANI) values (78, 'Rossignol', 'Y300', '30', 31, 184);
insert into LYZARSKE_BOTY (ID_LYZARSKE_BOTY, ZNACKA, MODEL, FLEX, VELIKOST_NORMALNI, VELIKOST_PRO_VAZANI) values (79, 'Rossignol', 'X300', '20', 38, 246);
insert into LYZARSKE_BOTY (ID_LYZARSKE_BOTY, ZNACKA, MODEL, FLEX, VELIKOST_NORMALNI, VELIKOST_PRO_VAZANI) values (80, 'Rossignol', 'Z300', '00', 31, 303);
insert into LYZARSKE_BOTY (ID_LYZARSKE_BOTY, ZNACKA, MODEL, FLEX, VELIKOST_NORMALNI, VELIKOST_PRO_VAZANI) values (81, 'Rossignol', 'X300', '60', 35, 278);
insert into LYZARSKE_BOTY (ID_LYZARSKE_BOTY, ZNACKA, MODEL, FLEX, VELIKOST_NORMALNI, VELIKOST_PRO_VAZANI) values (82, 'Rossignol', 'Z100', '20', 29, 256);
insert into LYZARSKE_BOTY (ID_LYZARSKE_BOTY, ZNACKA, MODEL, FLEX, VELIKOST_NORMALNI, VELIKOST_PRO_VAZANI) values (83, 'Rossignol', 'Z300', '10', 28, 244);
insert into LYZARSKE_BOTY (ID_LYZARSKE_BOTY, ZNACKA, MODEL, FLEX, VELIKOST_NORMALNI, VELIKOST_PRO_VAZANI) values (84, 'Rossignol', 'X300', '40', 36, 269);
insert into LYZARSKE_BOTY (ID_LYZARSKE_BOTY, ZNACKA, MODEL, FLEX, VELIKOST_NORMALNI, VELIKOST_PRO_VAZANI) values (85, 'Rossignol', 'Z100', '80', 27, 267);
insert into LYZARSKE_BOTY (ID_LYZARSKE_BOTY, ZNACKA, MODEL, FLEX, VELIKOST_NORMALNI, VELIKOST_PRO_VAZANI) values (86, 'Rossignol', 'Z300', '30', 35, 190);
insert into LYZARSKE_BOTY (ID_LYZARSKE_BOTY, ZNACKA, MODEL, FLEX, VELIKOST_NORMALNI, VELIKOST_PRO_VAZANI) values (87, 'Rossignol', 'Z300', '30', 28, 281);
insert into LYZARSKE_BOTY (ID_LYZARSKE_BOTY, ZNACKA, MODEL, FLEX, VELIKOST_NORMALNI, VELIKOST_PRO_VAZANI) values (88, 'Rossignol', 'Y300', '40', 33, 219);
insert into LYZARSKE_BOTY (ID_LYZARSKE_BOTY, ZNACKA, MODEL, FLEX, VELIKOST_NORMALNI, VELIKOST_PRO_VAZANI) values (89, 'Rossignol', 'X200', '10', 27, 215);
insert into LYZARSKE_BOTY (ID_LYZARSKE_BOTY, ZNACKA, MODEL, FLEX, VELIKOST_NORMALNI, VELIKOST_PRO_VAZANI) values (90, 'Rossignol', 'X100', '80', 31, 183);
insert into LYZARSKE_BOTY (ID_LYZARSKE_BOTY, ZNACKA, MODEL, FLEX, VELIKOST_NORMALNI, VELIKOST_PRO_VAZANI) values (91, 'Rossignol', 'Z300', '30', 25, 261);
insert into LYZARSKE_BOTY (ID_LYZARSKE_BOTY, ZNACKA, MODEL, FLEX, VELIKOST_NORMALNI, VELIKOST_PRO_VAZANI) values (92, 'Rossignol', 'Y300', '20', 43, 286);
insert into LYZARSKE_BOTY (ID_LYZARSKE_BOTY, ZNACKA, MODEL, FLEX, VELIKOST_NORMALNI, VELIKOST_PRO_VAZANI) values (93, 'Rossignol', 'Z300', '30', 40, 194);
insert into LYZARSKE_BOTY (ID_LYZARSKE_BOTY, ZNACKA, MODEL, FLEX, VELIKOST_NORMALNI, VELIKOST_PRO_VAZANI) values (94, 'Rossignol', 'Z300', '80', 43, 227);
insert into LYZARSKE_BOTY (ID_LYZARSKE_BOTY, ZNACKA, MODEL, FLEX, VELIKOST_NORMALNI, VELIKOST_PRO_VAZANI) values (95, 'Rossignol', 'Z300', '20', 26, 282);
insert into LYZARSKE_BOTY (ID_LYZARSKE_BOTY, ZNACKA, MODEL, FLEX, VELIKOST_NORMALNI, VELIKOST_PRO_VAZANI) values (96, 'Rossignol', 'Z200', '70', 35, 294);
insert into LYZARSKE_BOTY (ID_LYZARSKE_BOTY, ZNACKA, MODEL, FLEX, VELIKOST_NORMALNI, VELIKOST_PRO_VAZANI) values (97, 'Rossignol', 'Z300', '20', 39, 195);
insert into LYZARSKE_BOTY (ID_LYZARSKE_BOTY, ZNACKA, MODEL, FLEX, VELIKOST_NORMALNI, VELIKOST_PRO_VAZANI) values (98, 'Rossignol', 'Y200', '50', 45, 251);
insert into LYZARSKE_BOTY (ID_LYZARSKE_BOTY, ZNACKA, MODEL, FLEX, VELIKOST_NORMALNI, VELIKOST_PRO_VAZANI) values (99, 'Rossignol', 'Y200', '40', 29, 262);
insert into LYZARSKE_BOTY (ID_LYZARSKE_BOTY, ZNACKA, MODEL, FLEX, VELIKOST_NORMALNI, VELIKOST_PRO_VAZANI) values (100, 'Rossignol', 'Z300', '00', 26, 192);





insert into LYZE (ID_LYZE, ZNACKA, MODEL, DELKA, VAZANI_MIN, VAZANI_MAX, RADIUS) values (1, 'Atomic', 'F600', 128, 182, 296, 13.5);
insert into LYZE (ID_LYZE, ZNACKA, MODEL, DELKA, VAZANI_MIN, VAZANI_MAX, RADIUS) values (2, 'Atomic', 'F500', 106, 124, 279, 16.2);
insert into LYZE (ID_LYZE, ZNACKA, MODEL, DELKA, VAZANI_MIN, VAZANI_MAX, RADIUS) values (3, 'Atomic', 'E700', 81, 150, 296, 12.6);
insert into LYZE (ID_LYZE, ZNACKA, MODEL, DELKA, VAZANI_MIN, VAZANI_MAX, RADIUS) values (4, 'Atomic', 'E500', 99, 226, 266, 17.6);
insert into LYZE (ID_LYZE, ZNACKA, MODEL, DELKA, VAZANI_MIN, VAZANI_MAX, RADIUS) values (5, 'Atomic', 'D600', 124, 217, 270, 15.5);
insert into LYZE (ID_LYZE, ZNACKA, MODEL, DELKA, VAZANI_MIN, VAZANI_MAX, RADIUS) values (6, 'Atomic', 'F700', 175, 192, 295, 13.9);
insert into LYZE (ID_LYZE, ZNACKA, MODEL, DELKA, VAZANI_MIN, VAZANI_MAX, RADIUS) values (7, 'Atomic', 'F600', 181, 166, 298, 16.9);
insert into LYZE (ID_LYZE, ZNACKA, MODEL, DELKA, VAZANI_MIN, VAZANI_MAX, RADIUS) values (8, 'Atomic', 'E700', 133, 122, 283, 11.5);
insert into LYZE (ID_LYZE, ZNACKA, MODEL, DELKA, VAZANI_MIN, VAZANI_MAX, RADIUS) values (9, 'Atomic', 'F600', 174, 239, 290, 13.5);
insert into LYZE (ID_LYZE, ZNACKA, MODEL, DELKA, VAZANI_MIN, VAZANI_MAX, RADIUS) values (10, 'Atomic', 'E500', 161, 209, 271, 11.1);
insert into LYZE (ID_LYZE, ZNACKA, MODEL, DELKA, VAZANI_MIN, VAZANI_MAX, RADIUS) values (11, 'Atomic', 'D500', 174, 215, 289, 17.5);
insert into LYZE (ID_LYZE, ZNACKA, MODEL, DELKA, VAZANI_MIN, VAZANI_MAX, RADIUS) values (12, 'Atomic', 'F700', 84, 202, 275, 15.8);
insert into LYZE (ID_LYZE, ZNACKA, MODEL, DELKA, VAZANI_MIN, VAZANI_MAX, RADIUS) values (13, 'Atomic', 'F700', 137, 155, 271, 17.3);
insert into LYZE (ID_LYZE, ZNACKA, MODEL, DELKA, VAZANI_MIN, VAZANI_MAX, RADIUS) values (14, 'Atomic', 'F500', 154, 142, 302, 17.2);
insert into LYZE (ID_LYZE, ZNACKA, MODEL, DELKA, VAZANI_MIN, VAZANI_MAX, RADIUS) values (15, 'Atomic', 'F500', 80, 241, 266, 11.8);
insert into LYZE (ID_LYZE, ZNACKA, MODEL, DELKA, VAZANI_MIN, VAZANI_MAX, RADIUS) values (16, 'Atomic', 'F500', 95, 228, 287, 11.5);
insert into LYZE (ID_LYZE, ZNACKA, MODEL, DELKA, VAZANI_MIN, VAZANI_MAX, RADIUS) values (17, 'Atomic', 'E700', 167, 241, 266, 18.2);
insert into LYZE (ID_LYZE, ZNACKA, MODEL, DELKA, VAZANI_MIN, VAZANI_MAX, RADIUS) values (18, 'Atomic', 'F500', 168, 174, 270, 15.0);
insert into LYZE (ID_LYZE, ZNACKA, MODEL, DELKA, VAZANI_MIN, VAZANI_MAX, RADIUS) values (19, 'Atomic', 'F700', 142, 245, 280, 10.9);
insert into LYZE (ID_LYZE, ZNACKA, MODEL, DELKA, VAZANI_MIN, VAZANI_MAX, RADIUS) values (20, 'Atomic', 'F500', 158, 139, 286, 13.7);
insert into LYZE (ID_LYZE, ZNACKA, MODEL, DELKA, VAZANI_MIN, VAZANI_MAX, RADIUS) values (21, 'Atomic', 'F700', 82, 205, 279, 9.9);
insert into LYZE (ID_LYZE, ZNACKA, MODEL, DELKA, VAZANI_MIN, VAZANI_MAX, RADIUS) values (22, 'Atomic', 'E700', 124, 168, 303, 19.1);
insert into LYZE (ID_LYZE, ZNACKA, MODEL, DELKA, VAZANI_MIN, VAZANI_MAX, RADIUS) values (23, 'Atomic', 'D700', 118, 245, 260, 14.6);
insert into LYZE (ID_LYZE, ZNACKA, MODEL, DELKA, VAZANI_MIN, VAZANI_MAX, RADIUS) values (24, 'Atomic', 'F700', 141, 240, 302, 7.3);
insert into LYZE (ID_LYZE, ZNACKA, MODEL, DELKA, VAZANI_MIN, VAZANI_MAX, RADIUS) values (25, 'Atomic', 'E600', 175, 228, 265, 10.6);
insert into LYZE (ID_LYZE, ZNACKA, MODEL, DELKA, VAZANI_MIN, VAZANI_MAX, RADIUS) values (26, 'Atomic', 'D500', 144, 139, 284, 19.4);
insert into LYZE (ID_LYZE, ZNACKA, MODEL, DELKA, VAZANI_MIN, VAZANI_MAX, RADIUS) values (27, 'Atomic', 'F500', 116, 209, 265, 14.8);
insert into LYZE (ID_LYZE, ZNACKA, MODEL, DELKA, VAZANI_MIN, VAZANI_MAX, RADIUS) values (28, 'Atomic', 'D700', 88, 141, 304, 9.8);
insert into LYZE (ID_LYZE, ZNACKA, MODEL, DELKA, VAZANI_MIN, VAZANI_MAX, RADIUS) values (29, 'Atomic', 'F700', 165, 169, 263, 11.8);
insert into LYZE (ID_LYZE, ZNACKA, MODEL, DELKA, VAZANI_MIN, VAZANI_MAX, RADIUS) values (30, 'Atomic', 'F500', 173, 213, 297, 15.3);
insert into LYZE (ID_LYZE, ZNACKA, MODEL, DELKA, VAZANI_MIN, VAZANI_MAX, RADIUS) values (31, 'Atomic', 'F600', 135, 219, 285, 14.1);
insert into LYZE (ID_LYZE, ZNACKA, MODEL, DELKA, VAZANI_MIN, VAZANI_MAX, RADIUS) values (32, 'Atomic', 'F700', 92, 238, 293, 17.4);
insert into LYZE (ID_LYZE, ZNACKA, MODEL, DELKA, VAZANI_MIN, VAZANI_MAX, RADIUS) values (33, 'Atomic', 'E500', 180, 139, 306, 10.2);
insert into LYZE (ID_LYZE, ZNACKA, MODEL, DELKA, VAZANI_MIN, VAZANI_MAX, RADIUS) values (34, 'Atomic', 'E600', 180, 219, 270, 7.9);
insert into LYZE (ID_LYZE, ZNACKA, MODEL, DELKA, VAZANI_MIN, VAZANI_MAX, RADIUS) values (35, 'Atomic', 'F700', 129, 185, 299, 8.2);
insert into LYZE (ID_LYZE, ZNACKA, MODEL, DELKA, VAZANI_MIN, VAZANI_MAX, RADIUS) values (36, 'Atomic', 'E700', 143, 233, 310, 18.5);
insert into LYZE (ID_LYZE, ZNACKA, MODEL, DELKA, VAZANI_MIN, VAZANI_MAX, RADIUS) values (37, 'Atomic', 'E700', 137, 189, 304, 7.8);
insert into LYZE (ID_LYZE, ZNACKA, MODEL, DELKA, VAZANI_MIN, VAZANI_MAX, RADIUS) values (38, 'Atomic', 'E500', 131, 113, 299, 11.8);
insert into LYZE (ID_LYZE, ZNACKA, MODEL, DELKA, VAZANI_MIN, VAZANI_MAX, RADIUS) values (39, 'Atomic', 'F700', 142, 133, 291, 9.1);
insert into LYZE (ID_LYZE, ZNACKA, MODEL, DELKA, VAZANI_MIN, VAZANI_MAX, RADIUS) values (40, 'Atomic', 'D500', 117, 184, 262, 15.7);
insert into LYZE (ID_LYZE, ZNACKA, MODEL, DELKA, VAZANI_MIN, VAZANI_MAX, RADIUS) values (41, 'Atomic', 'D600', 146, 140, 262, 17.3);
insert into LYZE (ID_LYZE, ZNACKA, MODEL, DELKA, VAZANI_MIN, VAZANI_MAX, RADIUS) values (42, 'Atomic', 'F700', 134, 188, 277, 16.3);
insert into LYZE (ID_LYZE, ZNACKA, MODEL, DELKA, VAZANI_MIN, VAZANI_MAX, RADIUS) values (43, 'Atomic', 'F600', 172, 178, 300, 18.9);
insert into LYZE (ID_LYZE, ZNACKA, MODEL, DELKA, VAZANI_MIN, VAZANI_MAX, RADIUS) values (44, 'Atomic', 'D500', 157, 201, 302, 12.1);
insert into LYZE (ID_LYZE, ZNACKA, MODEL, DELKA, VAZANI_MIN, VAZANI_MAX, RADIUS) values (45, 'Atomic', 'E700', 172, 166, 274, 8.9);
insert into LYZE (ID_LYZE, ZNACKA, MODEL, DELKA, VAZANI_MIN, VAZANI_MAX, RADIUS) values (46, 'Atomic', 'E700', 139, 116, 273, 18.8);
insert into LYZE (ID_LYZE, ZNACKA, MODEL, DELKA, VAZANI_MIN, VAZANI_MAX, RADIUS) values (47, 'Atomic', 'F600', 95, 125, 299, 15.7);
insert into LYZE (ID_LYZE, ZNACKA, MODEL, DELKA, VAZANI_MIN, VAZANI_MAX, RADIUS) values (48, 'Atomic', 'F500', 165, 223, 279, 10.4);
insert into LYZE (ID_LYZE, ZNACKA, MODEL, DELKA, VAZANI_MIN, VAZANI_MAX, RADIUS) values (49, 'Atomic', 'F700', 162, 234, 279, 11.2);
insert into LYZE (ID_LYZE, ZNACKA, MODEL, DELKA, VAZANI_MIN, VAZANI_MAX, RADIUS) values (50, 'Atomic', 'D700', 156, 185, 287, 19.2);
insert into LYZE (ID_LYZE, ZNACKA, MODEL, DELKA, VAZANI_MIN, VAZANI_MAX, RADIUS) values (51, 'Rossignol', 'F600', 166, 216, 310, 19.2);
insert into LYZE (ID_LYZE, ZNACKA, MODEL, DELKA, VAZANI_MIN, VAZANI_MAX, RADIUS) values (52, 'Rossignol', 'F600', 155, 202, 290, 19.2);
insert into LYZE (ID_LYZE, ZNACKA, MODEL, DELKA, VAZANI_MIN, VAZANI_MAX, RADIUS) values (53, 'Rossignol', 'F600', 167, 207, 261, 12.3);
insert into LYZE (ID_LYZE, ZNACKA, MODEL, DELKA, VAZANI_MIN, VAZANI_MAX, RADIUS) values (54, 'Rossignol', 'F700', 108, 141, 307, 12.0);
insert into LYZE (ID_LYZE, ZNACKA, MODEL, DELKA, VAZANI_MIN, VAZANI_MAX, RADIUS) values (55, 'Rossignol', 'F500', 147, 217, 303, 17.5);
insert into LYZE (ID_LYZE, ZNACKA, MODEL, DELKA, VAZANI_MIN, VAZANI_MAX, RADIUS) values (56, 'Rossignol', 'D600', 149, 204, 294, 10.1);
insert into LYZE (ID_LYZE, ZNACKA, MODEL, DELKA, VAZANI_MIN, VAZANI_MAX, RADIUS) values (57, 'Rossignol', 'D600', 175, 242, 276, 19.5);
insert into LYZE (ID_LYZE, ZNACKA, MODEL, DELKA, VAZANI_MIN, VAZANI_MAX, RADIUS) values (58, 'Rossignol', 'E700', 93, 166, 289, 17.0);
insert into LYZE (ID_LYZE, ZNACKA, MODEL, DELKA, VAZANI_MIN, VAZANI_MAX, RADIUS) values (59, 'Rossignol', 'E500', 164, 131, 295, 9.9);
insert into LYZE (ID_LYZE, ZNACKA, MODEL, DELKA, VAZANI_MIN, VAZANI_MAX, RADIUS) values (60, 'Rossignol', 'F500', 119, 132, 274, 9.0);
insert into LYZE (ID_LYZE, ZNACKA, MODEL, DELKA, VAZANI_MIN, VAZANI_MAX, RADIUS) values (61, 'Rossignol', 'D700', 177, 192, 303, 11.8);
insert into LYZE (ID_LYZE, ZNACKA, MODEL, DELKA, VAZANI_MIN, VAZANI_MAX, RADIUS) values (62, 'Rossignol', 'F700', 153, 159, 272, 12.5);
insert into LYZE (ID_LYZE, ZNACKA, MODEL, DELKA, VAZANI_MIN, VAZANI_MAX, RADIUS) values (63, 'Rossignol', 'D600', 149, 185, 275, 16.0);
insert into LYZE (ID_LYZE, ZNACKA, MODEL, DELKA, VAZANI_MIN, VAZANI_MAX, RADIUS) values (64, 'Rossignol', 'F600', 101, 130, 272, 7.6);
insert into LYZE (ID_LYZE, ZNACKA, MODEL, DELKA, VAZANI_MIN, VAZANI_MAX, RADIUS) values (65, 'Rossignol', 'D500', 119, 125, 304, 16.2);
insert into LYZE (ID_LYZE, ZNACKA, MODEL, DELKA, VAZANI_MIN, VAZANI_MAX, RADIUS) values (66, 'Rossignol', 'D600', 185, 110, 308, 13.4);
insert into LYZE (ID_LYZE, ZNACKA, MODEL, DELKA, VAZANI_MIN, VAZANI_MAX, RADIUS) values (67, 'Rossignol', 'F700', 161, 217, 291, 16.0);
insert into LYZE (ID_LYZE, ZNACKA, MODEL, DELKA, VAZANI_MIN, VAZANI_MAX, RADIUS) values (68, 'Rossignol', 'E700', 104, 219, 268, 12.4);
insert into LYZE (ID_LYZE, ZNACKA, MODEL, DELKA, VAZANI_MIN, VAZANI_MAX, RADIUS) values (69, 'Rossignol', 'E700', 156, 166, 295, 10.2);
insert into LYZE (ID_LYZE, ZNACKA, MODEL, DELKA, VAZANI_MIN, VAZANI_MAX, RADIUS) values (70, 'Rossignol', 'E700', 162, 227, 270, 14.4);
insert into LYZE (ID_LYZE, ZNACKA, MODEL, DELKA, VAZANI_MIN, VAZANI_MAX, RADIUS) values (71, 'Rossignol', 'F700', 80, 153, 295, 14.2);
insert into LYZE (ID_LYZE, ZNACKA, MODEL, DELKA, VAZANI_MIN, VAZANI_MAX, RADIUS) values (72, 'Rossignol', 'F700', 85, 176, 296, 12.8);
insert into LYZE (ID_LYZE, ZNACKA, MODEL, DELKA, VAZANI_MIN, VAZANI_MAX, RADIUS) values (73, 'Rossignol', 'D700', 164, 161, 294, 12.2);
insert into LYZE (ID_LYZE, ZNACKA, MODEL, DELKA, VAZANI_MIN, VAZANI_MAX, RADIUS) values (74, 'Rossignol', 'D700', 140, 226, 274, 8.7);
insert into LYZE (ID_LYZE, ZNACKA, MODEL, DELKA, VAZANI_MIN, VAZANI_MAX, RADIUS) values (75, 'Rossignol', 'E700', 140, 177, 281, 10.5);
insert into LYZE (ID_LYZE, ZNACKA, MODEL, DELKA, VAZANI_MIN, VAZANI_MAX, RADIUS) values (76, 'Rossignol', 'F600', 185, 246, 286, 15.3);
insert into LYZE (ID_LYZE, ZNACKA, MODEL, DELKA, VAZANI_MIN, VAZANI_MAX, RADIUS) values (77, 'Rossignol', 'E600', 118, 142, 301, 10.0);
insert into LYZE (ID_LYZE, ZNACKA, MODEL, DELKA, VAZANI_MIN, VAZANI_MAX, RADIUS) values (78, 'Rossignol', 'D600', 158, 214, 279, 12.1);
insert into LYZE (ID_LYZE, ZNACKA, MODEL, DELKA, VAZANI_MIN, VAZANI_MAX, RADIUS) values (79, 'Rossignol', 'E700', 133, 174, 282, 7.7);
insert into LYZE (ID_LYZE, ZNACKA, MODEL, DELKA, VAZANI_MIN, VAZANI_MAX, RADIUS) values (80, 'Rossignol', 'F600', 185, 218, 281, 13.8);
insert into LYZE (ID_LYZE, ZNACKA, MODEL, DELKA, VAZANI_MIN, VAZANI_MAX, RADIUS) values (81, 'Rossignol', 'F600', 166, 147, 288, 16.9);
insert into LYZE (ID_LYZE, ZNACKA, MODEL, DELKA, VAZANI_MIN, VAZANI_MAX, RADIUS) values (82, 'Rossignol', 'D700', 160, 133, 299, 12.1);
insert into LYZE (ID_LYZE, ZNACKA, MODEL, DELKA, VAZANI_MIN, VAZANI_MAX, RADIUS) values (83, 'Rossignol', 'F500', 135, 235, 290, 17.0);
insert into LYZE (ID_LYZE, ZNACKA, MODEL, DELKA, VAZANI_MIN, VAZANI_MAX, RADIUS) values (84, 'Rossignol', 'E600', 123, 172, 310, 14.0);
insert into LYZE (ID_LYZE, ZNACKA, MODEL, DELKA, VAZANI_MIN, VAZANI_MAX, RADIUS) values (85, 'Rossignol', 'F500', 151, 230, 277, 18.8);
insert into LYZE (ID_LYZE, ZNACKA, MODEL, DELKA, VAZANI_MIN, VAZANI_MAX, RADIUS) values (86, 'Rossignol', 'F500', 140, 117, 284, 12.1);
insert into LYZE (ID_LYZE, ZNACKA, MODEL, DELKA, VAZANI_MIN, VAZANI_MAX, RADIUS) values (87, 'Rossignol', 'D600', 94, 235, 289, 15.6);
insert into LYZE (ID_LYZE, ZNACKA, MODEL, DELKA, VAZANI_MIN, VAZANI_MAX, RADIUS) values (88, 'Rossignol', 'D700', 100, 247, 296, 15.8);
insert into LYZE (ID_LYZE, ZNACKA, MODEL, DELKA, VAZANI_MIN, VAZANI_MAX, RADIUS) values (89, 'Rossignol', 'E700', 93, 237, 294, 10.1);
insert into LYZE (ID_LYZE, ZNACKA, MODEL, DELKA, VAZANI_MIN, VAZANI_MAX, RADIUS) values (90, 'Rossignol', 'D700', 156, 149, 298, 12.4);
insert into LYZE (ID_LYZE, ZNACKA, MODEL, DELKA, VAZANI_MIN, VAZANI_MAX, RADIUS) values (91, 'Rossignol', 'F600', 100, 178, 276, 18.0);
insert into LYZE (ID_LYZE, ZNACKA, MODEL, DELKA, VAZANI_MIN, VAZANI_MAX, RADIUS) values (92, 'Rossignol', 'E500', 176, 116, 274, 7.6);
insert into LYZE (ID_LYZE, ZNACKA, MODEL, DELKA, VAZANI_MIN, VAZANI_MAX, RADIUS) values (93, 'Rossignol', 'F600', 85, 238, 269, 12.0);
insert into LYZE (ID_LYZE, ZNACKA, MODEL, DELKA, VAZANI_MIN, VAZANI_MAX, RADIUS) values (94, 'Rossignol', 'F500', 86, 180, 270, 19.5);
insert into LYZE (ID_LYZE, ZNACKA, MODEL, DELKA, VAZANI_MIN, VAZANI_MAX, RADIUS) values (95, 'Rossignol', 'F700', 133, 200, 262, 11.0);
insert into LYZE (ID_LYZE, ZNACKA, MODEL, DELKA, VAZANI_MIN, VAZANI_MAX, RADIUS) values (96, 'Rossignol', 'F700', 142, 152, 294, 10.6);
insert into LYZE (ID_LYZE, ZNACKA, MODEL, DELKA, VAZANI_MIN, VAZANI_MAX, RADIUS) values (97, 'Rossignol', 'F700', 110, 250, 274, 11.9);
insert into LYZE (ID_LYZE, ZNACKA, MODEL, DELKA, VAZANI_MIN, VAZANI_MAX, RADIUS) values (98, 'Rossignol', 'F500', 171, 145, 293, 15.6);
insert into LYZE (ID_LYZE, ZNACKA, MODEL, DELKA, VAZANI_MIN, VAZANI_MAX, RADIUS) values (99, 'Rossignol', 'F700', 152, 144, 294, 8.7);
insert into LYZE (ID_LYZE, ZNACKA, MODEL, DELKA, VAZANI_MIN, VAZANI_MAX, RADIUS) values (100, 'Rossignol', 'F600', 111, 136, 283, 9.7);


--mozna predelat prvni sloupec podle gitlabu
insert into OBJ_VYBAVENI_DITE (OBJ_VYB_ID_OBJ_VYB, DITE_ID_DITE, DITE_ID_ZAKAZNIK) values (1, 144, 44);
insert into OBJ_VYBAVENI_DITE (OBJ_VYB_ID_OBJ_VYB, DITE_ID_DITE, DITE_ID_ZAKAZNIK) values (2, 189, 89);
insert into OBJ_VYBAVENI_DITE (OBJ_VYB_ID_OBJ_VYB, DITE_ID_DITE, DITE_ID_ZAKAZNIK) values (3, 117, 17);
insert into OBJ_VYBAVENI_DITE (OBJ_VYB_ID_OBJ_VYB, DITE_ID_DITE, DITE_ID_ZAKAZNIK) values (4, 153, 53);
insert into OBJ_VYBAVENI_DITE (OBJ_VYB_ID_OBJ_VYB, DITE_ID_DITE, DITE_ID_ZAKAZNIK) values (5, 184, 84);
insert into OBJ_VYBAVENI_DITE (OBJ_VYB_ID_OBJ_VYB, DITE_ID_DITE, DITE_ID_ZAKAZNIK) values (6, 187, 87);
insert into OBJ_VYBAVENI_DITE (OBJ_VYB_ID_OBJ_VYB, DITE_ID_DITE, DITE_ID_ZAKAZNIK) values (7, 154, 54);
insert into OBJ_VYBAVENI_DITE (OBJ_VYB_ID_OBJ_VYB, DITE_ID_DITE, DITE_ID_ZAKAZNIK) values (8, 127, 27);
insert into OBJ_VYBAVENI_DITE (OBJ_VYB_ID_OBJ_VYB, DITE_ID_DITE, DITE_ID_ZAKAZNIK) values (9, 177, 77);
insert into OBJ_VYBAVENI_DITE (OBJ_VYB_ID_OBJ_VYB, DITE_ID_DITE, DITE_ID_ZAKAZNIK) values (10, 182, 82);
insert into OBJ_VYBAVENI_DITE (OBJ_VYB_ID_OBJ_VYB, DITE_ID_DITE, DITE_ID_ZAKAZNIK) values (11, 110, 10);
insert into OBJ_VYBAVENI_DITE (OBJ_VYB_ID_OBJ_VYB, DITE_ID_DITE, DITE_ID_ZAKAZNIK) values (12, 109, 9);
insert into OBJ_VYBAVENI_DITE (OBJ_VYB_ID_OBJ_VYB, DITE_ID_DITE, DITE_ID_ZAKAZNIK) values (13, 170, 70);
insert into OBJ_VYBAVENI_DITE (OBJ_VYB_ID_OBJ_VYB, DITE_ID_DITE, DITE_ID_ZAKAZNIK) values (14, 101, 1);
insert into OBJ_VYBAVENI_DITE (OBJ_VYB_ID_OBJ_VYB, DITE_ID_DITE, DITE_ID_ZAKAZNIK) values (15, 107, 7);
insert into OBJ_VYBAVENI_DITE (OBJ_VYB_ID_OBJ_VYB, DITE_ID_DITE, DITE_ID_ZAKAZNIK) values (16, 121, 21);
insert into OBJ_VYBAVENI_DITE (OBJ_VYB_ID_OBJ_VYB, DITE_ID_DITE, DITE_ID_ZAKAZNIK) values (17, 177, 77);
insert into OBJ_VYBAVENI_DITE (OBJ_VYB_ID_OBJ_VYB, DITE_ID_DITE, DITE_ID_ZAKAZNIK) values (18, 117, 17);
insert into OBJ_VYBAVENI_DITE (OBJ_VYB_ID_OBJ_VYB, DITE_ID_DITE, DITE_ID_ZAKAZNIK) values (19, 124, 24);
insert into OBJ_VYBAVENI_DITE (OBJ_VYB_ID_OBJ_VYB, DITE_ID_DITE, DITE_ID_ZAKAZNIK) values (20, 172, 72);
insert into OBJ_VYBAVENI_DITE (OBJ_VYB_ID_OBJ_VYB, DITE_ID_DITE, DITE_ID_ZAKAZNIK) values (21, 157, 57);
insert into OBJ_VYBAVENI_DITE (OBJ_VYB_ID_OBJ_VYB, DITE_ID_DITE, DITE_ID_ZAKAZNIK) values (22, 116, 16);
insert into OBJ_VYBAVENI_DITE (OBJ_VYB_ID_OBJ_VYB, DITE_ID_DITE, DITE_ID_ZAKAZNIK) values (23, 143, 43);
insert into OBJ_VYBAVENI_DITE (OBJ_VYB_ID_OBJ_VYB, DITE_ID_DITE, DITE_ID_ZAKAZNIK) values (24, 199, 99);
insert into OBJ_VYBAVENI_DITE (OBJ_VYB_ID_OBJ_VYB, DITE_ID_DITE, DITE_ID_ZAKAZNIK) values (25, 133, 33);
insert into OBJ_VYBAVENI_DITE (OBJ_VYB_ID_OBJ_VYB, DITE_ID_DITE, DITE_ID_ZAKAZNIK) values (26, 113, 13);
insert into OBJ_VYBAVENI_DITE (OBJ_VYB_ID_OBJ_VYB, DITE_ID_DITE, DITE_ID_ZAKAZNIK) values (27, 168, 68);
insert into OBJ_VYBAVENI_DITE (OBJ_VYB_ID_OBJ_VYB, DITE_ID_DITE, DITE_ID_ZAKAZNIK) values (28, 108, 8);
insert into OBJ_VYBAVENI_DITE (OBJ_VYB_ID_OBJ_VYB, DITE_ID_DITE, DITE_ID_ZAKAZNIK) values (29, 117, 17);
insert into OBJ_VYBAVENI_DITE (OBJ_VYB_ID_OBJ_VYB, DITE_ID_DITE, DITE_ID_ZAKAZNIK) values (30, 123, 23);
insert into OBJ_VYBAVENI_DITE (OBJ_VYB_ID_OBJ_VYB, DITE_ID_DITE, DITE_ID_ZAKAZNIK) values (31, 136, 36);
insert into OBJ_VYBAVENI_DITE (OBJ_VYB_ID_OBJ_VYB, DITE_ID_DITE, DITE_ID_ZAKAZNIK) values (32, 172, 72);
insert into OBJ_VYBAVENI_DITE (OBJ_VYB_ID_OBJ_VYB, DITE_ID_DITE, DITE_ID_ZAKAZNIK) values (33, 139, 39);
insert into OBJ_VYBAVENI_DITE (OBJ_VYB_ID_OBJ_VYB, DITE_ID_DITE, DITE_ID_ZAKAZNIK) values (34, 105, 5);
insert into OBJ_VYBAVENI_DITE (OBJ_VYB_ID_OBJ_VYB, DITE_ID_DITE, DITE_ID_ZAKAZNIK) values (35, 189, 89);
insert into OBJ_VYBAVENI_DITE (OBJ_VYB_ID_OBJ_VYB, DITE_ID_DITE, DITE_ID_ZAKAZNIK) values (36, 102, 2);
insert into OBJ_VYBAVENI_DITE (OBJ_VYB_ID_OBJ_VYB, DITE_ID_DITE, DITE_ID_ZAKAZNIK) values (37, 135, 35);
insert into OBJ_VYBAVENI_DITE (OBJ_VYB_ID_OBJ_VYB, DITE_ID_DITE, DITE_ID_ZAKAZNIK) values (38, 136, 36);
insert into OBJ_VYBAVENI_DITE (OBJ_VYB_ID_OBJ_VYB, DITE_ID_DITE, DITE_ID_ZAKAZNIK) values (39, 124, 24);
insert into OBJ_VYBAVENI_DITE (OBJ_VYB_ID_OBJ_VYB, DITE_ID_DITE, DITE_ID_ZAKAZNIK) values (40, 196, 96);
insert into OBJ_VYBAVENI_DITE (OBJ_VYB_ID_OBJ_VYB, DITE_ID_DITE, DITE_ID_ZAKAZNIK) values (84, 136, 36);
insert into OBJ_VYBAVENI_DITE (OBJ_VYB_ID_OBJ_VYB, DITE_ID_DITE, DITE_ID_ZAKAZNIK) values (41, 102, 2);
insert into OBJ_VYBAVENI_DITE (OBJ_VYB_ID_OBJ_VYB, DITE_ID_DITE, DITE_ID_ZAKAZNIK) values (42, 110, 10);
insert into OBJ_VYBAVENI_DITE (OBJ_VYB_ID_OBJ_VYB, DITE_ID_DITE, DITE_ID_ZAKAZNIK) values (43, 173, 73);
insert into OBJ_VYBAVENI_DITE (OBJ_VYB_ID_OBJ_VYB, DITE_ID_DITE, DITE_ID_ZAKAZNIK) values (44, 172, 72);
insert into OBJ_VYBAVENI_DITE (OBJ_VYB_ID_OBJ_VYB, DITE_ID_DITE, DITE_ID_ZAKAZNIK) values (45, 131, 31);
insert into OBJ_VYBAVENI_DITE (OBJ_VYB_ID_OBJ_VYB, DITE_ID_DITE, DITE_ID_ZAKAZNIK) values (46, 113, 13);
insert into OBJ_VYBAVENI_DITE (OBJ_VYB_ID_OBJ_VYB, DITE_ID_DITE, DITE_ID_ZAKAZNIK) values (47, 159, 59);
insert into OBJ_VYBAVENI_DITE (OBJ_VYB_ID_OBJ_VYB, DITE_ID_DITE, DITE_ID_ZAKAZNIK) values (48, 194, 94);
insert into OBJ_VYBAVENI_DITE (OBJ_VYB_ID_OBJ_VYB, DITE_ID_DITE, DITE_ID_ZAKAZNIK) values (49, 109, 9);


insert into OBJ_VYBAVENI_DITE (OBJ_VYB_ID_OBJ_VYB, DITE_ID_DITE, DITE_ID_ZAKAZNIK) values (50, 105, 5);
insert into OBJ_VYBAVENI_DITE (OBJ_VYB_ID_OBJ_VYB, DITE_ID_DITE, DITE_ID_ZAKAZNIK) values (50, 119, 19);
insert into OBJ_VYBAVENI_DITE (OBJ_VYB_ID_OBJ_VYB, DITE_ID_DITE, DITE_ID_ZAKAZNIK) values (51, 192, 92);
insert into OBJ_VYBAVENI_DITE (OBJ_VYB_ID_OBJ_VYB, DITE_ID_DITE, DITE_ID_ZAKAZNIK) values (52, 169, 69);
insert into OBJ_VYBAVENI_DITE (OBJ_VYB_ID_OBJ_VYB, DITE_ID_DITE, DITE_ID_ZAKAZNIK) values (53, 130, 30);
insert into OBJ_VYBAVENI_DITE (OBJ_VYB_ID_OBJ_VYB, DITE_ID_DITE, DITE_ID_ZAKAZNIK) values (54, 106, 6);
insert into OBJ_VYBAVENI_DITE (OBJ_VYB_ID_OBJ_VYB, DITE_ID_DITE, DITE_ID_ZAKAZNIK) values (55, 103, 3);
insert into OBJ_VYBAVENI_DITE (OBJ_VYB_ID_OBJ_VYB, DITE_ID_DITE, DITE_ID_ZAKAZNIK) values (56, 175, 75);
insert into OBJ_VYBAVENI_DITE (OBJ_VYB_ID_OBJ_VYB, DITE_ID_DITE, DITE_ID_ZAKAZNIK) values (57, 167, 67);
insert into OBJ_VYBAVENI_DITE (OBJ_VYB_ID_OBJ_VYB, DITE_ID_DITE, DITE_ID_ZAKAZNIK) values (58, 158, 58);
insert into OBJ_VYBAVENI_DITE (OBJ_VYB_ID_OBJ_VYB, DITE_ID_DITE, DITE_ID_ZAKAZNIK) values (59, 152, 52);
insert into OBJ_VYBAVENI_DITE (OBJ_VYB_ID_OBJ_VYB, DITE_ID_DITE, DITE_ID_ZAKAZNIK) values (60, 155, 55);
insert into OBJ_VYBAVENI_DITE (OBJ_VYB_ID_OBJ_VYB, DITE_ID_DITE, DITE_ID_ZAKAZNIK) values (61, 176, 76);
insert into OBJ_VYBAVENI_DITE (OBJ_VYB_ID_OBJ_VYB, DITE_ID_DITE, DITE_ID_ZAKAZNIK) values (62, 199, 99);
insert into OBJ_VYBAVENI_DITE (OBJ_VYB_ID_OBJ_VYB, DITE_ID_DITE, DITE_ID_ZAKAZNIK) values (63, 198, 98);
insert into OBJ_VYBAVENI_DITE (OBJ_VYB_ID_OBJ_VYB, DITE_ID_DITE, DITE_ID_ZAKAZNIK) values (64, 153, 53);
insert into OBJ_VYBAVENI_DITE (OBJ_VYB_ID_OBJ_VYB, DITE_ID_DITE, DITE_ID_ZAKAZNIK) values (65, 130, 30);
insert into OBJ_VYBAVENI_DITE (OBJ_VYB_ID_OBJ_VYB, DITE_ID_DITE, DITE_ID_ZAKAZNIK) values (66, 141, 41);
insert into OBJ_VYBAVENI_DITE (OBJ_VYB_ID_OBJ_VYB, DITE_ID_DITE, DITE_ID_ZAKAZNIK) values (67, 190, 90);
insert into OBJ_VYBAVENI_DITE (OBJ_VYB_ID_OBJ_VYB, DITE_ID_DITE, DITE_ID_ZAKAZNIK) values (68, 187, 87);
insert into OBJ_VYBAVENI_DITE (OBJ_VYB_ID_OBJ_VYB, DITE_ID_DITE, DITE_ID_ZAKAZNIK) values (69, 184, 84);
insert into OBJ_VYBAVENI_DITE (OBJ_VYB_ID_OBJ_VYB, DITE_ID_DITE, DITE_ID_ZAKAZNIK) values (70, 125, 25);
insert into OBJ_VYBAVENI_DITE (OBJ_VYB_ID_OBJ_VYB, DITE_ID_DITE, DITE_ID_ZAKAZNIK) values (71, 121, 21);
insert into OBJ_VYBAVENI_DITE (OBJ_VYB_ID_OBJ_VYB, DITE_ID_DITE, DITE_ID_ZAKAZNIK) values (72, 119, 19);
insert into OBJ_VYBAVENI_DITE (OBJ_VYB_ID_OBJ_VYB, DITE_ID_DITE, DITE_ID_ZAKAZNIK) values (73, 128, 28);
insert into OBJ_VYBAVENI_DITE (OBJ_VYB_ID_OBJ_VYB, DITE_ID_DITE, DITE_ID_ZAKAZNIK) values (74, 109, 9);
insert into OBJ_VYBAVENI_DITE (OBJ_VYB_ID_OBJ_VYB, DITE_ID_DITE, DITE_ID_ZAKAZNIK) values (75, 176, 76);
insert into OBJ_VYBAVENI_DITE (OBJ_VYB_ID_OBJ_VYB, DITE_ID_DITE, DITE_ID_ZAKAZNIK) values (76, 110, 10);
insert into OBJ_VYBAVENI_DITE (OBJ_VYB_ID_OBJ_VYB, DITE_ID_DITE, DITE_ID_ZAKAZNIK) values (77, 124, 24);
insert into OBJ_VYBAVENI_DITE (OBJ_VYB_ID_OBJ_VYB, DITE_ID_DITE, DITE_ID_ZAKAZNIK) values (78, 156, 56);
insert into OBJ_VYBAVENI_DITE (OBJ_VYB_ID_OBJ_VYB, DITE_ID_DITE, DITE_ID_ZAKAZNIK) values (79, 101, 1);
insert into OBJ_VYBAVENI_DITE (OBJ_VYB_ID_OBJ_VYB, DITE_ID_DITE, DITE_ID_ZAKAZNIK) values (81, 141, 41);
insert into OBJ_VYBAVENI_DITE (OBJ_VYB_ID_OBJ_VYB, DITE_ID_DITE, DITE_ID_ZAKAZNIK) values (82, 148, 48);
insert into OBJ_VYBAVENI_DITE (OBJ_VYB_ID_OBJ_VYB, DITE_ID_DITE, DITE_ID_ZAKAZNIK) values (83, 169, 69);
insert into OBJ_VYBAVENI_DITE (OBJ_VYB_ID_OBJ_VYB, DITE_ID_DITE, DITE_ID_ZAKAZNIK) values (84, 192, 92);
insert into OBJ_VYBAVENI_DITE (OBJ_VYB_ID_OBJ_VYB, DITE_ID_DITE, DITE_ID_ZAKAZNIK) values (85, 114, 14);
insert into OBJ_VYBAVENI_DITE (OBJ_VYB_ID_OBJ_VYB, DITE_ID_DITE, DITE_ID_ZAKAZNIK) values (86, 120, 20);
insert into OBJ_VYBAVENI_DITE (OBJ_VYB_ID_OBJ_VYB, DITE_ID_DITE, DITE_ID_ZAKAZNIK) values (87, 195, 95);
insert into OBJ_VYBAVENI_DITE (OBJ_VYB_ID_OBJ_VYB, DITE_ID_DITE, DITE_ID_ZAKAZNIK) values (88, 144, 44);
insert into OBJ_VYBAVENI_DITE (OBJ_VYB_ID_OBJ_VYB, DITE_ID_DITE, DITE_ID_ZAKAZNIK) values (89, 185, 85);
insert into OBJ_VYBAVENI_DITE (OBJ_VYB_ID_OBJ_VYB, DITE_ID_DITE, DITE_ID_ZAKAZNIK) values (91, 162, 62);
insert into OBJ_VYBAVENI_DITE (OBJ_VYB_ID_OBJ_VYB, DITE_ID_DITE, DITE_ID_ZAKAZNIK) values (92, 144, 44);
insert into OBJ_VYBAVENI_DITE (OBJ_VYB_ID_OBJ_VYB, DITE_ID_DITE, DITE_ID_ZAKAZNIK) values (93, 136, 36);
insert into OBJ_VYBAVENI_DITE (OBJ_VYB_ID_OBJ_VYB, DITE_ID_DITE, DITE_ID_ZAKAZNIK) values (94, 194, 94);
insert into OBJ_VYBAVENI_DITE (OBJ_VYB_ID_OBJ_VYB, DITE_ID_DITE, DITE_ID_ZAKAZNIK) values (95, 107, 7);
insert into OBJ_VYBAVENI_DITE (OBJ_VYB_ID_OBJ_VYB, DITE_ID_DITE, DITE_ID_ZAKAZNIK) values (96, 165, 65);
insert into OBJ_VYBAVENI_DITE (OBJ_VYB_ID_OBJ_VYB, DITE_ID_DITE, DITE_ID_ZAKAZNIK) values (97, 110, 10);
insert into OBJ_VYBAVENI_DITE (OBJ_VYB_ID_OBJ_VYB, DITE_ID_DITE, DITE_ID_ZAKAZNIK) values (98, 101, 1);
insert into OBJ_VYBAVENI_DITE (OBJ_VYB_ID_OBJ_VYB, DITE_ID_DITE, DITE_ID_ZAKAZNIK) values (99, 187, 87);
insert into OBJ_VYBAVENI_DITE (OBJ_VYB_ID_OBJ_VYB, DITE_ID_DITE, DITE_ID_ZAKAZNIK) values (100, 119, 19);





insert into OBJ_VYBAVENI_HULKY (OBJ_VYB_ID_OBJ_VYB, HULKY_ID_HULKY) values (40, 74);
insert into OBJ_VYBAVENI_HULKY (OBJ_VYB_ID_OBJ_VYB, HULKY_ID_HULKY) values (45, 39);
insert into OBJ_VYBAVENI_HULKY (OBJ_VYB_ID_OBJ_VYB, HULKY_ID_HULKY) values (59, 67);
insert into OBJ_VYBAVENI_HULKY (OBJ_VYB_ID_OBJ_VYB, HULKY_ID_HULKY) values (8, 46);
insert into OBJ_VYBAVENI_HULKY (OBJ_VYB_ID_OBJ_VYB, HULKY_ID_HULKY) values (4, 54);
insert into OBJ_VYBAVENI_HULKY (OBJ_VYB_ID_OBJ_VYB, HULKY_ID_HULKY) values (50, 88);
insert into OBJ_VYBAVENI_HULKY (OBJ_VYB_ID_OBJ_VYB, HULKY_ID_HULKY) values (34, 28);
insert into OBJ_VYBAVENI_HULKY (OBJ_VYB_ID_OBJ_VYB, HULKY_ID_HULKY) values (61, 36);
insert into OBJ_VYBAVENI_HULKY (OBJ_VYB_ID_OBJ_VYB, HULKY_ID_HULKY) values (90, 69);
insert into OBJ_VYBAVENI_HULKY (OBJ_VYB_ID_OBJ_VYB, HULKY_ID_HULKY) values (35, 13);
insert into OBJ_VYBAVENI_HULKY (OBJ_VYB_ID_OBJ_VYB, HULKY_ID_HULKY) values (70, 76);
insert into OBJ_VYBAVENI_HULKY (OBJ_VYB_ID_OBJ_VYB, HULKY_ID_HULKY) values (21, 55);
insert into OBJ_VYBAVENI_HULKY (OBJ_VYB_ID_OBJ_VYB, HULKY_ID_HULKY) values (22, 15);
insert into OBJ_VYBAVENI_HULKY (OBJ_VYB_ID_OBJ_VYB, HULKY_ID_HULKY) values (96, 83);
insert into OBJ_VYBAVENI_HULKY (OBJ_VYB_ID_OBJ_VYB, HULKY_ID_HULKY) values (50, 6);
insert into OBJ_VYBAVENI_HULKY (OBJ_VYB_ID_OBJ_VYB, HULKY_ID_HULKY) values (34, 49);
insert into OBJ_VYBAVENI_HULKY (OBJ_VYB_ID_OBJ_VYB, HULKY_ID_HULKY) values (95, 39);
insert into OBJ_VYBAVENI_HULKY (OBJ_VYB_ID_OBJ_VYB, HULKY_ID_HULKY) values (55, 94);
insert into OBJ_VYBAVENI_HULKY (OBJ_VYB_ID_OBJ_VYB, HULKY_ID_HULKY) values (64, 60);
insert into OBJ_VYBAVENI_HULKY (OBJ_VYB_ID_OBJ_VYB, HULKY_ID_HULKY) values (89, 36);
insert into OBJ_VYBAVENI_HULKY (OBJ_VYB_ID_OBJ_VYB, HULKY_ID_HULKY) values (67, 84);
insert into OBJ_VYBAVENI_HULKY (OBJ_VYB_ID_OBJ_VYB, HULKY_ID_HULKY) values (100, 87);
insert into OBJ_VYBAVENI_HULKY (OBJ_VYB_ID_OBJ_VYB, HULKY_ID_HULKY) values (54, 60);
insert into OBJ_VYBAVENI_HULKY (OBJ_VYB_ID_OBJ_VYB, HULKY_ID_HULKY) values (16, 48);
insert into OBJ_VYBAVENI_HULKY (OBJ_VYB_ID_OBJ_VYB, HULKY_ID_HULKY) values (74, 99);
insert into OBJ_VYBAVENI_HULKY (OBJ_VYB_ID_OBJ_VYB, HULKY_ID_HULKY) values (91, 63);
insert into OBJ_VYBAVENI_HULKY (OBJ_VYB_ID_OBJ_VYB, HULKY_ID_HULKY) values (15, 27);
insert into OBJ_VYBAVENI_HULKY (OBJ_VYB_ID_OBJ_VYB, HULKY_ID_HULKY) values (65, 15);
insert into OBJ_VYBAVENI_HULKY (OBJ_VYB_ID_OBJ_VYB, HULKY_ID_HULKY) values (71, 79);
insert into OBJ_VYBAVENI_HULKY (OBJ_VYB_ID_OBJ_VYB, HULKY_ID_HULKY) values (72, 22);
insert into OBJ_VYBAVENI_HULKY (OBJ_VYB_ID_OBJ_VYB, HULKY_ID_HULKY) values (66, 99);
insert into OBJ_VYBAVENI_HULKY (OBJ_VYB_ID_OBJ_VYB, HULKY_ID_HULKY) values (54, 92);
insert into OBJ_VYBAVENI_HULKY (OBJ_VYB_ID_OBJ_VYB, HULKY_ID_HULKY) values (43, 37);
insert into OBJ_VYBAVENI_HULKY (OBJ_VYB_ID_OBJ_VYB, HULKY_ID_HULKY) values (21, 6);
insert into OBJ_VYBAVENI_HULKY (OBJ_VYB_ID_OBJ_VYB, HULKY_ID_HULKY) values (29, 31);
insert into OBJ_VYBAVENI_HULKY (OBJ_VYB_ID_OBJ_VYB, HULKY_ID_HULKY) values (78, 21);
insert into OBJ_VYBAVENI_HULKY (OBJ_VYB_ID_OBJ_VYB, HULKY_ID_HULKY) values (22, 73);
insert into OBJ_VYBAVENI_HULKY (OBJ_VYB_ID_OBJ_VYB, HULKY_ID_HULKY) values (63, 72);
insert into OBJ_VYBAVENI_HULKY (OBJ_VYB_ID_OBJ_VYB, HULKY_ID_HULKY) values (97, 35);
insert into OBJ_VYBAVENI_HULKY (OBJ_VYB_ID_OBJ_VYB, HULKY_ID_HULKY) values (3, 21);
insert into OBJ_VYBAVENI_HULKY (OBJ_VYB_ID_OBJ_VYB, HULKY_ID_HULKY) values (15, 26);
insert into OBJ_VYBAVENI_HULKY (OBJ_VYB_ID_OBJ_VYB, HULKY_ID_HULKY) values (10, 15);
insert into OBJ_VYBAVENI_HULKY (OBJ_VYB_ID_OBJ_VYB, HULKY_ID_HULKY) values (72, 50);
insert into OBJ_VYBAVENI_HULKY (OBJ_VYB_ID_OBJ_VYB, HULKY_ID_HULKY) values (23, 91);
insert into OBJ_VYBAVENI_HULKY (OBJ_VYB_ID_OBJ_VYB, HULKY_ID_HULKY) values (42, 4);
insert into OBJ_VYBAVENI_HULKY (OBJ_VYB_ID_OBJ_VYB, HULKY_ID_HULKY) values (79, 3);
insert into OBJ_VYBAVENI_HULKY (OBJ_VYB_ID_OBJ_VYB, HULKY_ID_HULKY) values (58, 14);
insert into OBJ_VYBAVENI_HULKY (OBJ_VYB_ID_OBJ_VYB, HULKY_ID_HULKY) values (67, 10);
insert into OBJ_VYBAVENI_HULKY (OBJ_VYB_ID_OBJ_VYB, HULKY_ID_HULKY) values (84, 62);
insert into OBJ_VYBAVENI_HULKY (OBJ_VYB_ID_OBJ_VYB, HULKY_ID_HULKY) values (97, 45);
insert into OBJ_VYBAVENI_HULKY (OBJ_VYB_ID_OBJ_VYB, HULKY_ID_HULKY) values (53, 78);
insert into OBJ_VYBAVENI_HULKY (OBJ_VYB_ID_OBJ_VYB, HULKY_ID_HULKY) values (22, 80);
insert into OBJ_VYBAVENI_HULKY (OBJ_VYB_ID_OBJ_VYB, HULKY_ID_HULKY) values (86, 55);
insert into OBJ_VYBAVENI_HULKY (OBJ_VYB_ID_OBJ_VYB, HULKY_ID_HULKY) values (79, 67);
insert into OBJ_VYBAVENI_HULKY (OBJ_VYB_ID_OBJ_VYB, HULKY_ID_HULKY) values (73, 24);
insert into OBJ_VYBAVENI_HULKY (OBJ_VYB_ID_OBJ_VYB, HULKY_ID_HULKY) values (85, 1);
insert into OBJ_VYBAVENI_HULKY (OBJ_VYB_ID_OBJ_VYB, HULKY_ID_HULKY) values (19, 81);
insert into OBJ_VYBAVENI_HULKY (OBJ_VYB_ID_OBJ_VYB, HULKY_ID_HULKY) values (1, 32);
insert into OBJ_VYBAVENI_HULKY (OBJ_VYB_ID_OBJ_VYB, HULKY_ID_HULKY) values (43, 25);
insert into OBJ_VYBAVENI_HULKY (OBJ_VYB_ID_OBJ_VYB, HULKY_ID_HULKY) values (97, 76);
insert into OBJ_VYBAVENI_HULKY (OBJ_VYB_ID_OBJ_VYB, HULKY_ID_HULKY) values (32, 97);
insert into OBJ_VYBAVENI_HULKY (OBJ_VYB_ID_OBJ_VYB, HULKY_ID_HULKY) values (99, 93);
insert into OBJ_VYBAVENI_HULKY (OBJ_VYB_ID_OBJ_VYB, HULKY_ID_HULKY) values (73, 44);
insert into OBJ_VYBAVENI_HULKY (OBJ_VYB_ID_OBJ_VYB, HULKY_ID_HULKY) values (10, 21);
insert into OBJ_VYBAVENI_HULKY (OBJ_VYB_ID_OBJ_VYB, HULKY_ID_HULKY) values (72, 13);
insert into OBJ_VYBAVENI_HULKY (OBJ_VYB_ID_OBJ_VYB, HULKY_ID_HULKY) values (18, 21);
insert into OBJ_VYBAVENI_HULKY (OBJ_VYB_ID_OBJ_VYB, HULKY_ID_HULKY) values (42, 43);
insert into OBJ_VYBAVENI_HULKY (OBJ_VYB_ID_OBJ_VYB, HULKY_ID_HULKY) values (73, 39);
insert into OBJ_VYBAVENI_HULKY (OBJ_VYB_ID_OBJ_VYB, HULKY_ID_HULKY) values (39, 33);
insert into OBJ_VYBAVENI_HULKY (OBJ_VYB_ID_OBJ_VYB, HULKY_ID_HULKY) values (1, 91);
insert into OBJ_VYBAVENI_HULKY (OBJ_VYB_ID_OBJ_VYB, HULKY_ID_HULKY) values (49, 84);
insert into OBJ_VYBAVENI_HULKY (OBJ_VYB_ID_OBJ_VYB, HULKY_ID_HULKY) values (71, 17);
insert into OBJ_VYBAVENI_HULKY (OBJ_VYB_ID_OBJ_VYB, HULKY_ID_HULKY) values (49, 77);
insert into OBJ_VYBAVENI_HULKY (OBJ_VYB_ID_OBJ_VYB, HULKY_ID_HULKY) values (96, 39);
insert into OBJ_VYBAVENI_HULKY (OBJ_VYB_ID_OBJ_VYB, HULKY_ID_HULKY) values (55, 88);
insert into OBJ_VYBAVENI_HULKY (OBJ_VYB_ID_OBJ_VYB, HULKY_ID_HULKY) values (75, 30);
insert into OBJ_VYBAVENI_HULKY (OBJ_VYB_ID_OBJ_VYB, HULKY_ID_HULKY) values (87, 25);
insert into OBJ_VYBAVENI_HULKY (OBJ_VYB_ID_OBJ_VYB, HULKY_ID_HULKY) values (39, 46);
insert into OBJ_VYBAVENI_HULKY (OBJ_VYB_ID_OBJ_VYB, HULKY_ID_HULKY) values (64, 7);
insert into OBJ_VYBAVENI_HULKY (OBJ_VYB_ID_OBJ_VYB, HULKY_ID_HULKY) values (2, 75);
insert into OBJ_VYBAVENI_HULKY (OBJ_VYB_ID_OBJ_VYB, HULKY_ID_HULKY) values (53, 2);
insert into OBJ_VYBAVENI_HULKY (OBJ_VYB_ID_OBJ_VYB, HULKY_ID_HULKY) values (2, 92);
insert into OBJ_VYBAVENI_HULKY (OBJ_VYB_ID_OBJ_VYB, HULKY_ID_HULKY) values (36, 60);
insert into OBJ_VYBAVENI_HULKY (OBJ_VYB_ID_OBJ_VYB, HULKY_ID_HULKY) values (71, 61);
insert into OBJ_VYBAVENI_HULKY (OBJ_VYB_ID_OBJ_VYB, HULKY_ID_HULKY) values (60, 84);
insert into OBJ_VYBAVENI_HULKY (OBJ_VYB_ID_OBJ_VYB, HULKY_ID_HULKY) values (94, 19);
insert into OBJ_VYBAVENI_HULKY (OBJ_VYB_ID_OBJ_VYB, HULKY_ID_HULKY) values (2, 68);
insert into OBJ_VYBAVENI_HULKY (OBJ_VYB_ID_OBJ_VYB, HULKY_ID_HULKY) values (14, 70);
insert into OBJ_VYBAVENI_HULKY (OBJ_VYB_ID_OBJ_VYB, HULKY_ID_HULKY) values (52, 92);
insert into OBJ_VYBAVENI_HULKY (OBJ_VYB_ID_OBJ_VYB, HULKY_ID_HULKY) values (37, 29);
insert into OBJ_VYBAVENI_HULKY (OBJ_VYB_ID_OBJ_VYB, HULKY_ID_HULKY) values (12, 35);
insert into OBJ_VYBAVENI_HULKY (OBJ_VYB_ID_OBJ_VYB, HULKY_ID_HULKY) values (37, 19);
insert into OBJ_VYBAVENI_HULKY (OBJ_VYB_ID_OBJ_VYB, HULKY_ID_HULKY) values (49, 81);
insert into OBJ_VYBAVENI_HULKY (OBJ_VYB_ID_OBJ_VYB, HULKY_ID_HULKY) values (92, 60);
insert into OBJ_VYBAVENI_HULKY (OBJ_VYB_ID_OBJ_VYB, HULKY_ID_HULKY) values (41, 15);
insert into OBJ_VYBAVENI_HULKY (OBJ_VYB_ID_OBJ_VYB, HULKY_ID_HULKY) values (98, 97);
insert into OBJ_VYBAVENI_HULKY (OBJ_VYB_ID_OBJ_VYB, HULKY_ID_HULKY) values (97, 71);
insert into OBJ_VYBAVENI_HULKY (OBJ_VYB_ID_OBJ_VYB, HULKY_ID_HULKY) values (27, 71);
insert into OBJ_VYBAVENI_HULKY (OBJ_VYB_ID_OBJ_VYB, HULKY_ID_HULKY) values (26, 62);
insert into OBJ_VYBAVENI_HULKY (OBJ_VYB_ID_OBJ_VYB, HULKY_ID_HULKY) values (78, 35);



insert into OBJ_VYBAVENI_LYZ_BOTY (OBJ_VYB_ID_OBJ_VYB, LYZARSKE_BOTY_ID_LYZARSKE_BOTY) values (27, 18);
insert into OBJ_VYBAVENI_LYZ_BOTY (OBJ_VYB_ID_OBJ_VYB, LYZARSKE_BOTY_ID_LYZARSKE_BOTY) values (91, 66);
insert into OBJ_VYBAVENI_LYZ_BOTY (OBJ_VYB_ID_OBJ_VYB, LYZARSKE_BOTY_ID_LYZARSKE_BOTY) values (25, 68);
insert into OBJ_VYBAVENI_LYZ_BOTY (OBJ_VYB_ID_OBJ_VYB, LYZARSKE_BOTY_ID_LYZARSKE_BOTY) values (60, 17);
insert into OBJ_VYBAVENI_LYZ_BOTY (OBJ_VYB_ID_OBJ_VYB, LYZARSKE_BOTY_ID_LYZARSKE_BOTY) values (19, 65);
insert into OBJ_VYBAVENI_LYZ_BOTY (OBJ_VYB_ID_OBJ_VYB, LYZARSKE_BOTY_ID_LYZARSKE_BOTY) values (79, 5);
insert into OBJ_VYBAVENI_LYZ_BOTY (OBJ_VYB_ID_OBJ_VYB, LYZARSKE_BOTY_ID_LYZARSKE_BOTY) values (91, 89);
insert into OBJ_VYBAVENI_LYZ_BOTY (OBJ_VYB_ID_OBJ_VYB, LYZARSKE_BOTY_ID_LYZARSKE_BOTY) values (75, 60);
insert into OBJ_VYBAVENI_LYZ_BOTY (OBJ_VYB_ID_OBJ_VYB, LYZARSKE_BOTY_ID_LYZARSKE_BOTY) values (75, 24);
insert into OBJ_VYBAVENI_LYZ_BOTY (OBJ_VYB_ID_OBJ_VYB, LYZARSKE_BOTY_ID_LYZARSKE_BOTY) values (47, 85);
insert into OBJ_VYBAVENI_LYZ_BOTY (OBJ_VYB_ID_OBJ_VYB, LYZARSKE_BOTY_ID_LYZARSKE_BOTY) values (26, 83);
insert into OBJ_VYBAVENI_LYZ_BOTY (OBJ_VYB_ID_OBJ_VYB, LYZARSKE_BOTY_ID_LYZARSKE_BOTY) values (67, 13);
insert into OBJ_VYBAVENI_LYZ_BOTY (OBJ_VYB_ID_OBJ_VYB, LYZARSKE_BOTY_ID_LYZARSKE_BOTY) values (98, 28);
insert into OBJ_VYBAVENI_LYZ_BOTY (OBJ_VYB_ID_OBJ_VYB, LYZARSKE_BOTY_ID_LYZARSKE_BOTY) values (96, 45);
insert into OBJ_VYBAVENI_LYZ_BOTY (OBJ_VYB_ID_OBJ_VYB, LYZARSKE_BOTY_ID_LYZARSKE_BOTY) values (44, 8);
insert into OBJ_VYBAVENI_LYZ_BOTY (OBJ_VYB_ID_OBJ_VYB, LYZARSKE_BOTY_ID_LYZARSKE_BOTY) values (7, 43);
insert into OBJ_VYBAVENI_LYZ_BOTY (OBJ_VYB_ID_OBJ_VYB, LYZARSKE_BOTY_ID_LYZARSKE_BOTY) values (24, 11);
insert into OBJ_VYBAVENI_LYZ_BOTY (OBJ_VYB_ID_OBJ_VYB, LYZARSKE_BOTY_ID_LYZARSKE_BOTY) values (85, 48);
insert into OBJ_VYBAVENI_LYZ_BOTY (OBJ_VYB_ID_OBJ_VYB, LYZARSKE_BOTY_ID_LYZARSKE_BOTY) values (98, 87);
insert into OBJ_VYBAVENI_LYZ_BOTY (OBJ_VYB_ID_OBJ_VYB, LYZARSKE_BOTY_ID_LYZARSKE_BOTY) values (53, 5);
insert into OBJ_VYBAVENI_LYZ_BOTY (OBJ_VYB_ID_OBJ_VYB, LYZARSKE_BOTY_ID_LYZARSKE_BOTY) values (94, 45);
insert into OBJ_VYBAVENI_LYZ_BOTY (OBJ_VYB_ID_OBJ_VYB, LYZARSKE_BOTY_ID_LYZARSKE_BOTY) values (59, 61);
insert into OBJ_VYBAVENI_LYZ_BOTY (OBJ_VYB_ID_OBJ_VYB, LYZARSKE_BOTY_ID_LYZARSKE_BOTY) values (12, 23);
insert into OBJ_VYBAVENI_LYZ_BOTY (OBJ_VYB_ID_OBJ_VYB, LYZARSKE_BOTY_ID_LYZARSKE_BOTY) values (53, 58);
insert into OBJ_VYBAVENI_LYZ_BOTY (OBJ_VYB_ID_OBJ_VYB, LYZARSKE_BOTY_ID_LYZARSKE_BOTY) values (48, 41);
insert into OBJ_VYBAVENI_LYZ_BOTY (OBJ_VYB_ID_OBJ_VYB, LYZARSKE_BOTY_ID_LYZARSKE_BOTY) values (36, 4);
insert into OBJ_VYBAVENI_LYZ_BOTY (OBJ_VYB_ID_OBJ_VYB, LYZARSKE_BOTY_ID_LYZARSKE_BOTY) values (47, 20);
insert into OBJ_VYBAVENI_LYZ_BOTY (OBJ_VYB_ID_OBJ_VYB, LYZARSKE_BOTY_ID_LYZARSKE_BOTY) values (99, 27);
insert into OBJ_VYBAVENI_LYZ_BOTY (OBJ_VYB_ID_OBJ_VYB, LYZARSKE_BOTY_ID_LYZARSKE_BOTY) values (21, 8);
insert into OBJ_VYBAVENI_LYZ_BOTY (OBJ_VYB_ID_OBJ_VYB, LYZARSKE_BOTY_ID_LYZARSKE_BOTY) values (14, 67);
insert into OBJ_VYBAVENI_LYZ_BOTY (OBJ_VYB_ID_OBJ_VYB, LYZARSKE_BOTY_ID_LYZARSKE_BOTY) values (6, 6);
insert into OBJ_VYBAVENI_LYZ_BOTY (OBJ_VYB_ID_OBJ_VYB, LYZARSKE_BOTY_ID_LYZARSKE_BOTY) values (23, 66);
insert into OBJ_VYBAVENI_LYZ_BOTY (OBJ_VYB_ID_OBJ_VYB, LYZARSKE_BOTY_ID_LYZARSKE_BOTY) values (94, 54);
insert into OBJ_VYBAVENI_LYZ_BOTY (OBJ_VYB_ID_OBJ_VYB, LYZARSKE_BOTY_ID_LYZARSKE_BOTY) values (82, 58);
insert into OBJ_VYBAVENI_LYZ_BOTY (OBJ_VYB_ID_OBJ_VYB, LYZARSKE_BOTY_ID_LYZARSKE_BOTY) values (51, 86);
insert into OBJ_VYBAVENI_LYZ_BOTY (OBJ_VYB_ID_OBJ_VYB, LYZARSKE_BOTY_ID_LYZARSKE_BOTY) values (52, 79);
insert into OBJ_VYBAVENI_LYZ_BOTY (OBJ_VYB_ID_OBJ_VYB, LYZARSKE_BOTY_ID_LYZARSKE_BOTY) values (2, 99);
insert into OBJ_VYBAVENI_LYZ_BOTY (OBJ_VYB_ID_OBJ_VYB, LYZARSKE_BOTY_ID_LYZARSKE_BOTY) values (11, 14);
insert into OBJ_VYBAVENI_LYZ_BOTY (OBJ_VYB_ID_OBJ_VYB, LYZARSKE_BOTY_ID_LYZARSKE_BOTY) values (43, 98);
insert into OBJ_VYBAVENI_LYZ_BOTY (OBJ_VYB_ID_OBJ_VYB, LYZARSKE_BOTY_ID_LYZARSKE_BOTY) values (23, 10);
insert into OBJ_VYBAVENI_LYZ_BOTY (OBJ_VYB_ID_OBJ_VYB, LYZARSKE_BOTY_ID_LYZARSKE_BOTY) values (47, 76);
insert into OBJ_VYBAVENI_LYZ_BOTY (OBJ_VYB_ID_OBJ_VYB, LYZARSKE_BOTY_ID_LYZARSKE_BOTY) values (98, 22);
insert into OBJ_VYBAVENI_LYZ_BOTY (OBJ_VYB_ID_OBJ_VYB, LYZARSKE_BOTY_ID_LYZARSKE_BOTY) values (33, 16);
insert into OBJ_VYBAVENI_LYZ_BOTY (OBJ_VYB_ID_OBJ_VYB, LYZARSKE_BOTY_ID_LYZARSKE_BOTY) values (16, 5);
insert into OBJ_VYBAVENI_LYZ_BOTY (OBJ_VYB_ID_OBJ_VYB, LYZARSKE_BOTY_ID_LYZARSKE_BOTY) values (35, 65);
insert into OBJ_VYBAVENI_LYZ_BOTY (OBJ_VYB_ID_OBJ_VYB, LYZARSKE_BOTY_ID_LYZARSKE_BOTY) values (18, 44);
insert into OBJ_VYBAVENI_LYZ_BOTY (OBJ_VYB_ID_OBJ_VYB, LYZARSKE_BOTY_ID_LYZARSKE_BOTY) values (52, 76);
insert into OBJ_VYBAVENI_LYZ_BOTY (OBJ_VYB_ID_OBJ_VYB, LYZARSKE_BOTY_ID_LYZARSKE_BOTY) values (3, 89);
insert into OBJ_VYBAVENI_LYZ_BOTY (OBJ_VYB_ID_OBJ_VYB, LYZARSKE_BOTY_ID_LYZARSKE_BOTY) values (21, 55);
insert into OBJ_VYBAVENI_LYZ_BOTY (OBJ_VYB_ID_OBJ_VYB, LYZARSKE_BOTY_ID_LYZARSKE_BOTY) values (48, 20);
insert into OBJ_VYBAVENI_LYZ_BOTY (OBJ_VYB_ID_OBJ_VYB, LYZARSKE_BOTY_ID_LYZARSKE_BOTY) values (43, 96);
insert into OBJ_VYBAVENI_LYZ_BOTY (OBJ_VYB_ID_OBJ_VYB, LYZARSKE_BOTY_ID_LYZARSKE_BOTY) values (73, 30);
insert into OBJ_VYBAVENI_LYZ_BOTY (OBJ_VYB_ID_OBJ_VYB, LYZARSKE_BOTY_ID_LYZARSKE_BOTY) values (22, 84);
insert into OBJ_VYBAVENI_LYZ_BOTY (OBJ_VYB_ID_OBJ_VYB, LYZARSKE_BOTY_ID_LYZARSKE_BOTY) values (44, 64);
insert into OBJ_VYBAVENI_LYZ_BOTY (OBJ_VYB_ID_OBJ_VYB, LYZARSKE_BOTY_ID_LYZARSKE_BOTY) values (30, 90);
insert into OBJ_VYBAVENI_LYZ_BOTY (OBJ_VYB_ID_OBJ_VYB, LYZARSKE_BOTY_ID_LYZARSKE_BOTY) values (74, 33);
insert into OBJ_VYBAVENI_LYZ_BOTY (OBJ_VYB_ID_OBJ_VYB, LYZARSKE_BOTY_ID_LYZARSKE_BOTY) values (63, 17);
insert into OBJ_VYBAVENI_LYZ_BOTY (OBJ_VYB_ID_OBJ_VYB, LYZARSKE_BOTY_ID_LYZARSKE_BOTY) values (4, 4);
insert into OBJ_VYBAVENI_LYZ_BOTY (OBJ_VYB_ID_OBJ_VYB, LYZARSKE_BOTY_ID_LYZARSKE_BOTY) values (49, 28);
insert into OBJ_VYBAVENI_LYZ_BOTY (OBJ_VYB_ID_OBJ_VYB, LYZARSKE_BOTY_ID_LYZARSKE_BOTY) values (62, 37);
insert into OBJ_VYBAVENI_LYZ_BOTY (OBJ_VYB_ID_OBJ_VYB, LYZARSKE_BOTY_ID_LYZARSKE_BOTY) values (37, 100);
insert into OBJ_VYBAVENI_LYZ_BOTY (OBJ_VYB_ID_OBJ_VYB, LYZARSKE_BOTY_ID_LYZARSKE_BOTY) values (50, 78);
insert into OBJ_VYBAVENI_LYZ_BOTY (OBJ_VYB_ID_OBJ_VYB, LYZARSKE_BOTY_ID_LYZARSKE_BOTY) values (54, 70);
insert into OBJ_VYBAVENI_LYZ_BOTY (OBJ_VYB_ID_OBJ_VYB, LYZARSKE_BOTY_ID_LYZARSKE_BOTY) values (39, 46);
insert into OBJ_VYBAVENI_LYZ_BOTY (OBJ_VYB_ID_OBJ_VYB, LYZARSKE_BOTY_ID_LYZARSKE_BOTY) values (52, 44);
insert into OBJ_VYBAVENI_LYZ_BOTY (OBJ_VYB_ID_OBJ_VYB, LYZARSKE_BOTY_ID_LYZARSKE_BOTY) values (32, 10);
insert into OBJ_VYBAVENI_LYZ_BOTY (OBJ_VYB_ID_OBJ_VYB, LYZARSKE_BOTY_ID_LYZARSKE_BOTY) values (50, 84);
insert into OBJ_VYBAVENI_LYZ_BOTY (OBJ_VYB_ID_OBJ_VYB, LYZARSKE_BOTY_ID_LYZARSKE_BOTY) values (2, 59);
insert into OBJ_VYBAVENI_LYZ_BOTY (OBJ_VYB_ID_OBJ_VYB, LYZARSKE_BOTY_ID_LYZARSKE_BOTY) values (95, 14);
insert into OBJ_VYBAVENI_LYZ_BOTY (OBJ_VYB_ID_OBJ_VYB, LYZARSKE_BOTY_ID_LYZARSKE_BOTY) values (27, 40);
insert into OBJ_VYBAVENI_LYZ_BOTY (OBJ_VYB_ID_OBJ_VYB, LYZARSKE_BOTY_ID_LYZARSKE_BOTY) values (64, 60);
insert into OBJ_VYBAVENI_LYZ_BOTY (OBJ_VYB_ID_OBJ_VYB, LYZARSKE_BOTY_ID_LYZARSKE_BOTY) values (81, 34);
insert into OBJ_VYBAVENI_LYZ_BOTY (OBJ_VYB_ID_OBJ_VYB, LYZARSKE_BOTY_ID_LYZARSKE_BOTY) values (30, 80);
insert into OBJ_VYBAVENI_LYZ_BOTY (OBJ_VYB_ID_OBJ_VYB, LYZARSKE_BOTY_ID_LYZARSKE_BOTY) values (57, 35);
insert into OBJ_VYBAVENI_LYZ_BOTY (OBJ_VYB_ID_OBJ_VYB, LYZARSKE_BOTY_ID_LYZARSKE_BOTY) values (5, 41);
insert into OBJ_VYBAVENI_LYZ_BOTY (OBJ_VYB_ID_OBJ_VYB, LYZARSKE_BOTY_ID_LYZARSKE_BOTY) values (41, 50);
insert into OBJ_VYBAVENI_LYZ_BOTY (OBJ_VYB_ID_OBJ_VYB, LYZARSKE_BOTY_ID_LYZARSKE_BOTY) values (38, 11);
insert into OBJ_VYBAVENI_LYZ_BOTY (OBJ_VYB_ID_OBJ_VYB, LYZARSKE_BOTY_ID_LYZARSKE_BOTY) values (54, 77);
insert into OBJ_VYBAVENI_LYZ_BOTY (OBJ_VYB_ID_OBJ_VYB, LYZARSKE_BOTY_ID_LYZARSKE_BOTY) values (7, 24);
insert into OBJ_VYBAVENI_LYZ_BOTY (OBJ_VYB_ID_OBJ_VYB, LYZARSKE_BOTY_ID_LYZARSKE_BOTY) values (86, 93);
insert into OBJ_VYBAVENI_LYZ_BOTY (OBJ_VYB_ID_OBJ_VYB, LYZARSKE_BOTY_ID_LYZARSKE_BOTY) values (8, 81);
insert into OBJ_VYBAVENI_LYZ_BOTY (OBJ_VYB_ID_OBJ_VYB, LYZARSKE_BOTY_ID_LYZARSKE_BOTY) values (42, 60);
insert into OBJ_VYBAVENI_LYZ_BOTY (OBJ_VYB_ID_OBJ_VYB, LYZARSKE_BOTY_ID_LYZARSKE_BOTY) values (16, 68);
insert into OBJ_VYBAVENI_LYZ_BOTY (OBJ_VYB_ID_OBJ_VYB, LYZARSKE_BOTY_ID_LYZARSKE_BOTY) values (85, 19);
insert into OBJ_VYBAVENI_LYZ_BOTY (OBJ_VYB_ID_OBJ_VYB, LYZARSKE_BOTY_ID_LYZARSKE_BOTY) values (84, 31);
insert into OBJ_VYBAVENI_LYZ_BOTY (OBJ_VYB_ID_OBJ_VYB, LYZARSKE_BOTY_ID_LYZARSKE_BOTY) values (28, 15);
insert into OBJ_VYBAVENI_LYZ_BOTY (OBJ_VYB_ID_OBJ_VYB, LYZARSKE_BOTY_ID_LYZARSKE_BOTY) values (49, 87);
insert into OBJ_VYBAVENI_LYZ_BOTY (OBJ_VYB_ID_OBJ_VYB, LYZARSKE_BOTY_ID_LYZARSKE_BOTY) values (32, 75);
insert into OBJ_VYBAVENI_LYZ_BOTY (OBJ_VYB_ID_OBJ_VYB, LYZARSKE_BOTY_ID_LYZARSKE_BOTY) values (5, 44);
insert into OBJ_VYBAVENI_LYZ_BOTY (OBJ_VYB_ID_OBJ_VYB, LYZARSKE_BOTY_ID_LYZARSKE_BOTY) values (72, 65);
insert into OBJ_VYBAVENI_LYZ_BOTY (OBJ_VYB_ID_OBJ_VYB, LYZARSKE_BOTY_ID_LYZARSKE_BOTY) values (12, 73);
insert into OBJ_VYBAVENI_LYZ_BOTY (OBJ_VYB_ID_OBJ_VYB, LYZARSKE_BOTY_ID_LYZARSKE_BOTY) values (31, 80);
insert into OBJ_VYBAVENI_LYZ_BOTY (OBJ_VYB_ID_OBJ_VYB, LYZARSKE_BOTY_ID_LYZARSKE_BOTY) values (37, 27);
insert into OBJ_VYBAVENI_LYZ_BOTY (OBJ_VYB_ID_OBJ_VYB, LYZARSKE_BOTY_ID_LYZARSKE_BOTY) values (69, 37);
insert into OBJ_VYBAVENI_LYZ_BOTY (OBJ_VYB_ID_OBJ_VYB, LYZARSKE_BOTY_ID_LYZARSKE_BOTY) values (98, 53);
insert into OBJ_VYBAVENI_LYZ_BOTY (OBJ_VYB_ID_OBJ_VYB, LYZARSKE_BOTY_ID_LYZARSKE_BOTY) values (51, 5);
insert into OBJ_VYBAVENI_LYZ_BOTY (OBJ_VYB_ID_OBJ_VYB, LYZARSKE_BOTY_ID_LYZARSKE_BOTY) values (52, 94);
insert into OBJ_VYBAVENI_LYZ_BOTY (OBJ_VYB_ID_OBJ_VYB, LYZARSKE_BOTY_ID_LYZARSKE_BOTY) values (45, 29);
insert into OBJ_VYBAVENI_LYZ_BOTY (OBJ_VYB_ID_OBJ_VYB, LYZARSKE_BOTY_ID_LYZARSKE_BOTY) values (1, 57);
insert into OBJ_VYBAVENI_LYZ_BOTY (OBJ_VYB_ID_OBJ_VYB, LYZARSKE_BOTY_ID_LYZARSKE_BOTY) values (78, 56);




insert into OBJ_VYBAVENI_LYZE (OBJ_VYB_ID_OBJ_VYB, LYZE_ID_LYZE) values (17, 53);
insert into OBJ_VYBAVENI_LYZE (OBJ_VYB_ID_OBJ_VYB, LYZE_ID_LYZE) values (57, 70);
insert into OBJ_VYBAVENI_LYZE (OBJ_VYB_ID_OBJ_VYB, LYZE_ID_LYZE) values (22, 58);
insert into OBJ_VYBAVENI_LYZE (OBJ_VYB_ID_OBJ_VYB, LYZE_ID_LYZE) values (94, 5);
insert into OBJ_VYBAVENI_LYZE (OBJ_VYB_ID_OBJ_VYB, LYZE_ID_LYZE) values (7, 23);
insert into OBJ_VYBAVENI_LYZE (OBJ_VYB_ID_OBJ_VYB, LYZE_ID_LYZE) values (96, 37);
insert into OBJ_VYBAVENI_LYZE (OBJ_VYB_ID_OBJ_VYB, LYZE_ID_LYZE) values (50, 100);
insert into OBJ_VYBAVENI_LYZE (OBJ_VYB_ID_OBJ_VYB, LYZE_ID_LYZE) values (65, 78);
insert into OBJ_VYBAVENI_LYZE (OBJ_VYB_ID_OBJ_VYB, LYZE_ID_LYZE) values (36, 32);
insert into OBJ_VYBAVENI_LYZE (OBJ_VYB_ID_OBJ_VYB, LYZE_ID_LYZE) values (72, 64);
insert into OBJ_VYBAVENI_LYZE (OBJ_VYB_ID_OBJ_VYB, LYZE_ID_LYZE) values (13, 100);
insert into OBJ_VYBAVENI_LYZE (OBJ_VYB_ID_OBJ_VYB, LYZE_ID_LYZE) values (54, 65);
insert into OBJ_VYBAVENI_LYZE (OBJ_VYB_ID_OBJ_VYB, LYZE_ID_LYZE) values (28, 10);
insert into OBJ_VYBAVENI_LYZE (OBJ_VYB_ID_OBJ_VYB, LYZE_ID_LYZE) values (49, 49);
insert into OBJ_VYBAVENI_LYZE (OBJ_VYB_ID_OBJ_VYB, LYZE_ID_LYZE) values (46, 43);
insert into OBJ_VYBAVENI_LYZE (OBJ_VYB_ID_OBJ_VYB, LYZE_ID_LYZE) values (68, 86);
insert into OBJ_VYBAVENI_LYZE (OBJ_VYB_ID_OBJ_VYB, LYZE_ID_LYZE) values (98, 67);
insert into OBJ_VYBAVENI_LYZE (OBJ_VYB_ID_OBJ_VYB, LYZE_ID_LYZE) values (51, 20);
insert into OBJ_VYBAVENI_LYZE (OBJ_VYB_ID_OBJ_VYB, LYZE_ID_LYZE) values (25, 38);
insert into OBJ_VYBAVENI_LYZE (OBJ_VYB_ID_OBJ_VYB, LYZE_ID_LYZE) values (44, 23);
insert into OBJ_VYBAVENI_LYZE (OBJ_VYB_ID_OBJ_VYB, LYZE_ID_LYZE) values (19, 16);
insert into OBJ_VYBAVENI_LYZE (OBJ_VYB_ID_OBJ_VYB, LYZE_ID_LYZE) values (10, 17);
insert into OBJ_VYBAVENI_LYZE (OBJ_VYB_ID_OBJ_VYB, LYZE_ID_LYZE) values (85, 77);
insert into OBJ_VYBAVENI_LYZE (OBJ_VYB_ID_OBJ_VYB, LYZE_ID_LYZE) values (42, 88);
insert into OBJ_VYBAVENI_LYZE (OBJ_VYB_ID_OBJ_VYB, LYZE_ID_LYZE) values (7, 14);
insert into OBJ_VYBAVENI_LYZE (OBJ_VYB_ID_OBJ_VYB, LYZE_ID_LYZE) values (80, 56);
insert into OBJ_VYBAVENI_LYZE (OBJ_VYB_ID_OBJ_VYB, LYZE_ID_LYZE) values (12, 96);
insert into OBJ_VYBAVENI_LYZE (OBJ_VYB_ID_OBJ_VYB, LYZE_ID_LYZE) values (41, 63);
insert into OBJ_VYBAVENI_LYZE (OBJ_VYB_ID_OBJ_VYB, LYZE_ID_LYZE) values (85, 38);
insert into OBJ_VYBAVENI_LYZE (OBJ_VYB_ID_OBJ_VYB, LYZE_ID_LYZE) values (26, 84);
insert into OBJ_VYBAVENI_LYZE (OBJ_VYB_ID_OBJ_VYB, LYZE_ID_LYZE) values (5, 83);
insert into OBJ_VYBAVENI_LYZE (OBJ_VYB_ID_OBJ_VYB, LYZE_ID_LYZE) values (36, 33);
insert into OBJ_VYBAVENI_LYZE (OBJ_VYB_ID_OBJ_VYB, LYZE_ID_LYZE) values (69, 44);
insert into OBJ_VYBAVENI_LYZE (OBJ_VYB_ID_OBJ_VYB, LYZE_ID_LYZE) values (9, 72);
insert into OBJ_VYBAVENI_LYZE (OBJ_VYB_ID_OBJ_VYB, LYZE_ID_LYZE) values (32, 80);
insert into OBJ_VYBAVENI_LYZE (OBJ_VYB_ID_OBJ_VYB, LYZE_ID_LYZE) values (55, 96);
insert into OBJ_VYBAVENI_LYZE (OBJ_VYB_ID_OBJ_VYB, LYZE_ID_LYZE) values (76, 54);
insert into OBJ_VYBAVENI_LYZE (OBJ_VYB_ID_OBJ_VYB, LYZE_ID_LYZE) values (32, 3);
insert into OBJ_VYBAVENI_LYZE (OBJ_VYB_ID_OBJ_VYB, LYZE_ID_LYZE) values (13, 53);
insert into OBJ_VYBAVENI_LYZE (OBJ_VYB_ID_OBJ_VYB, LYZE_ID_LYZE) values (16, 95);
insert into OBJ_VYBAVENI_LYZE (OBJ_VYB_ID_OBJ_VYB, LYZE_ID_LYZE) values (27, 31);
insert into OBJ_VYBAVENI_LYZE (OBJ_VYB_ID_OBJ_VYB, LYZE_ID_LYZE) values (12, 39);
insert into OBJ_VYBAVENI_LYZE (OBJ_VYB_ID_OBJ_VYB, LYZE_ID_LYZE) values (50, 65);
insert into OBJ_VYBAVENI_LYZE (OBJ_VYB_ID_OBJ_VYB, LYZE_ID_LYZE) values (12, 82);
insert into OBJ_VYBAVENI_LYZE (OBJ_VYB_ID_OBJ_VYB, LYZE_ID_LYZE) values (54, 6);
insert into OBJ_VYBAVENI_LYZE (OBJ_VYB_ID_OBJ_VYB, LYZE_ID_LYZE) values (29, 7);
insert into OBJ_VYBAVENI_LYZE (OBJ_VYB_ID_OBJ_VYB, LYZE_ID_LYZE) values (84, 7);
insert into OBJ_VYBAVENI_LYZE (OBJ_VYB_ID_OBJ_VYB, LYZE_ID_LYZE) values (36, 21);
insert into OBJ_VYBAVENI_LYZE (OBJ_VYB_ID_OBJ_VYB, LYZE_ID_LYZE) values (5, 38);
insert into OBJ_VYBAVENI_LYZE (OBJ_VYB_ID_OBJ_VYB, LYZE_ID_LYZE) values (46, 28);
insert into OBJ_VYBAVENI_LYZE (OBJ_VYB_ID_OBJ_VYB, LYZE_ID_LYZE) values (64, 27);
insert into OBJ_VYBAVENI_LYZE (OBJ_VYB_ID_OBJ_VYB, LYZE_ID_LYZE) values (83, 18);
insert into OBJ_VYBAVENI_LYZE (OBJ_VYB_ID_OBJ_VYB, LYZE_ID_LYZE) values (66, 2);
insert into OBJ_VYBAVENI_LYZE (OBJ_VYB_ID_OBJ_VYB, LYZE_ID_LYZE) values (53, 51);
insert into OBJ_VYBAVENI_LYZE (OBJ_VYB_ID_OBJ_VYB, LYZE_ID_LYZE) values (65, 86);
insert into OBJ_VYBAVENI_LYZE (OBJ_VYB_ID_OBJ_VYB, LYZE_ID_LYZE) values (57, 68);
insert into OBJ_VYBAVENI_LYZE (OBJ_VYB_ID_OBJ_VYB, LYZE_ID_LYZE) values (77, 25);
insert into OBJ_VYBAVENI_LYZE (OBJ_VYB_ID_OBJ_VYB, LYZE_ID_LYZE) values (90, 28);
insert into OBJ_VYBAVENI_LYZE (OBJ_VYB_ID_OBJ_VYB, LYZE_ID_LYZE) values (61, 23);
insert into OBJ_VYBAVENI_LYZE (OBJ_VYB_ID_OBJ_VYB, LYZE_ID_LYZE) values (36, 78);
insert into OBJ_VYBAVENI_LYZE (OBJ_VYB_ID_OBJ_VYB, LYZE_ID_LYZE) values (100, 56);
insert into OBJ_VYBAVENI_LYZE (OBJ_VYB_ID_OBJ_VYB, LYZE_ID_LYZE) values (36, 99);
insert into OBJ_VYBAVENI_LYZE (OBJ_VYB_ID_OBJ_VYB, LYZE_ID_LYZE) values (2, 49);
insert into OBJ_VYBAVENI_LYZE (OBJ_VYB_ID_OBJ_VYB, LYZE_ID_LYZE) values (74, 14);
insert into OBJ_VYBAVENI_LYZE (OBJ_VYB_ID_OBJ_VYB, LYZE_ID_LYZE) values (11, 100);
insert into OBJ_VYBAVENI_LYZE (OBJ_VYB_ID_OBJ_VYB, LYZE_ID_LYZE) values (41, 1);
insert into OBJ_VYBAVENI_LYZE (OBJ_VYB_ID_OBJ_VYB, LYZE_ID_LYZE) values (20, 97);
insert into OBJ_VYBAVENI_LYZE (OBJ_VYB_ID_OBJ_VYB, LYZE_ID_LYZE) values (19, 27);
insert into OBJ_VYBAVENI_LYZE (OBJ_VYB_ID_OBJ_VYB, LYZE_ID_LYZE) values (18, 64);
insert into OBJ_VYBAVENI_LYZE (OBJ_VYB_ID_OBJ_VYB, LYZE_ID_LYZE) values (84, 36);
insert into OBJ_VYBAVENI_LYZE (OBJ_VYB_ID_OBJ_VYB, LYZE_ID_LYZE) values (84, 55);
insert into OBJ_VYBAVENI_LYZE (OBJ_VYB_ID_OBJ_VYB, LYZE_ID_LYZE) values (43, 62);
insert into OBJ_VYBAVENI_LYZE (OBJ_VYB_ID_OBJ_VYB, LYZE_ID_LYZE) values (14, 30);
insert into OBJ_VYBAVENI_LYZE (OBJ_VYB_ID_OBJ_VYB, LYZE_ID_LYZE) values (81, 13);
insert into OBJ_VYBAVENI_LYZE (OBJ_VYB_ID_OBJ_VYB, LYZE_ID_LYZE) values (80, 90);
insert into OBJ_VYBAVENI_LYZE (OBJ_VYB_ID_OBJ_VYB, LYZE_ID_LYZE) values (73, 79);
insert into OBJ_VYBAVENI_LYZE (OBJ_VYB_ID_OBJ_VYB, LYZE_ID_LYZE) values (94, 10);
insert into OBJ_VYBAVENI_LYZE (OBJ_VYB_ID_OBJ_VYB, LYZE_ID_LYZE) values (64, 79);
insert into OBJ_VYBAVENI_LYZE (OBJ_VYB_ID_OBJ_VYB, LYZE_ID_LYZE) values (49, 4);
insert into OBJ_VYBAVENI_LYZE (OBJ_VYB_ID_OBJ_VYB, LYZE_ID_LYZE) values (72, 25);
insert into OBJ_VYBAVENI_LYZE (OBJ_VYB_ID_OBJ_VYB, LYZE_ID_LYZE) values (24, 51);
insert into OBJ_VYBAVENI_LYZE (OBJ_VYB_ID_OBJ_VYB, LYZE_ID_LYZE) values (55, 77);
insert into OBJ_VYBAVENI_LYZE (OBJ_VYB_ID_OBJ_VYB, LYZE_ID_LYZE) values (15, 17);
insert into OBJ_VYBAVENI_LYZE (OBJ_VYB_ID_OBJ_VYB, LYZE_ID_LYZE) values (23, 34);
insert into OBJ_VYBAVENI_LYZE (OBJ_VYB_ID_OBJ_VYB, LYZE_ID_LYZE) values (64, 37);
insert into OBJ_VYBAVENI_LYZE (OBJ_VYB_ID_OBJ_VYB, LYZE_ID_LYZE) values (100, 90);
insert into OBJ_VYBAVENI_LYZE (OBJ_VYB_ID_OBJ_VYB, LYZE_ID_LYZE) values (58, 75);
insert into OBJ_VYBAVENI_LYZE (OBJ_VYB_ID_OBJ_VYB, LYZE_ID_LYZE) values (83, 21);
insert into OBJ_VYBAVENI_LYZE (OBJ_VYB_ID_OBJ_VYB, LYZE_ID_LYZE) values (8, 74);
insert into OBJ_VYBAVENI_LYZE (OBJ_VYB_ID_OBJ_VYB, LYZE_ID_LYZE) values (4, 56);
insert into OBJ_VYBAVENI_LYZE (OBJ_VYB_ID_OBJ_VYB, LYZE_ID_LYZE) values (68, 94);
insert into OBJ_VYBAVENI_LYZE (OBJ_VYB_ID_OBJ_VYB, LYZE_ID_LYZE) values (70, 88);
insert into OBJ_VYBAVENI_LYZE (OBJ_VYB_ID_OBJ_VYB, LYZE_ID_LYZE) values (25, 25);
insert into OBJ_VYBAVENI_LYZE (OBJ_VYB_ID_OBJ_VYB, LYZE_ID_LYZE) values (11, 78);
insert into OBJ_VYBAVENI_LYZE (OBJ_VYB_ID_OBJ_VYB, LYZE_ID_LYZE) values (57, 17);
insert into OBJ_VYBAVENI_LYZE (OBJ_VYB_ID_OBJ_VYB, LYZE_ID_LYZE) values (86, 49);
insert into OBJ_VYBAVENI_LYZE (OBJ_VYB_ID_OBJ_VYB, LYZE_ID_LYZE) values (53, 74);
insert into OBJ_VYBAVENI_LYZE (OBJ_VYB_ID_OBJ_VYB, LYZE_ID_LYZE) values (57, 44);
insert into OBJ_VYBAVENI_LYZE (OBJ_VYB_ID_OBJ_VYB, LYZE_ID_LYZE) values (2, 69);
insert into OBJ_VYBAVENI_LYZE (OBJ_VYB_ID_OBJ_VYB, LYZE_ID_LYZE) values (50, 71);




insert into OBJ_VYBAVENI_PRILBA (PRILBA_ID_PRILBA, OBJ_VYB_ID_OBJ_VYB) values (47, 1);
insert into OBJ_VYBAVENI_PRILBA (PRILBA_ID_PRILBA, OBJ_VYB_ID_OBJ_VYB) values (50, 2);
insert into OBJ_VYBAVENI_PRILBA (PRILBA_ID_PRILBA, OBJ_VYB_ID_OBJ_VYB) values (92, 4);
insert into OBJ_VYBAVENI_PRILBA (PRILBA_ID_PRILBA, OBJ_VYB_ID_OBJ_VYB) values (21, 5);
insert into OBJ_VYBAVENI_PRILBA (PRILBA_ID_PRILBA, OBJ_VYB_ID_OBJ_VYB) values (47, 6);
insert into OBJ_VYBAVENI_PRILBA (PRILBA_ID_PRILBA, OBJ_VYB_ID_OBJ_VYB) values (78, 7);
insert into OBJ_VYBAVENI_PRILBA (PRILBA_ID_PRILBA, OBJ_VYB_ID_OBJ_VYB) values (16, 8);
insert into OBJ_VYBAVENI_PRILBA (PRILBA_ID_PRILBA, OBJ_VYB_ID_OBJ_VYB) values (64, 9);
insert into OBJ_VYBAVENI_PRILBA (PRILBA_ID_PRILBA, OBJ_VYB_ID_OBJ_VYB) values (84, 10);
insert into OBJ_VYBAVENI_PRILBA (PRILBA_ID_PRILBA, OBJ_VYB_ID_OBJ_VYB) values (39, 11);
insert into OBJ_VYBAVENI_PRILBA (PRILBA_ID_PRILBA, OBJ_VYB_ID_OBJ_VYB) values (97, 12);
insert into OBJ_VYBAVENI_PRILBA (PRILBA_ID_PRILBA, OBJ_VYB_ID_OBJ_VYB) values (81, 13);
insert into OBJ_VYBAVENI_PRILBA (PRILBA_ID_PRILBA, OBJ_VYB_ID_OBJ_VYB) values (31, 14);
insert into OBJ_VYBAVENI_PRILBA (PRILBA_ID_PRILBA, OBJ_VYB_ID_OBJ_VYB) values (77, 15);
insert into OBJ_VYBAVENI_PRILBA (PRILBA_ID_PRILBA, OBJ_VYB_ID_OBJ_VYB) values (15, 16);
insert into OBJ_VYBAVENI_PRILBA (PRILBA_ID_PRILBA, OBJ_VYB_ID_OBJ_VYB) values (22, 17);
insert into OBJ_VYBAVENI_PRILBA (PRILBA_ID_PRILBA, OBJ_VYB_ID_OBJ_VYB) values (34, 18);
insert into OBJ_VYBAVENI_PRILBA (PRILBA_ID_PRILBA, OBJ_VYB_ID_OBJ_VYB) values (72, 19);
insert into OBJ_VYBAVENI_PRILBA (PRILBA_ID_PRILBA, OBJ_VYB_ID_OBJ_VYB) values (17, 20);
insert into OBJ_VYBAVENI_PRILBA (PRILBA_ID_PRILBA, OBJ_VYB_ID_OBJ_VYB) values (80, 21);
insert into OBJ_VYBAVENI_PRILBA (PRILBA_ID_PRILBA, OBJ_VYB_ID_OBJ_VYB) values (11, 22);
insert into OBJ_VYBAVENI_PRILBA (PRILBA_ID_PRILBA, OBJ_VYB_ID_OBJ_VYB) values (25, 23);
insert into OBJ_VYBAVENI_PRILBA (PRILBA_ID_PRILBA, OBJ_VYB_ID_OBJ_VYB) values (23, 24);
insert into OBJ_VYBAVENI_PRILBA (PRILBA_ID_PRILBA, OBJ_VYB_ID_OBJ_VYB) values (73, 25);
insert into OBJ_VYBAVENI_PRILBA (PRILBA_ID_PRILBA, OBJ_VYB_ID_OBJ_VYB) values (3, 26);
insert into OBJ_VYBAVENI_PRILBA (PRILBA_ID_PRILBA, OBJ_VYB_ID_OBJ_VYB) values (91, 27);
insert into OBJ_VYBAVENI_PRILBA (PRILBA_ID_PRILBA, OBJ_VYB_ID_OBJ_VYB) values (4, 28);
insert into OBJ_VYBAVENI_PRILBA (PRILBA_ID_PRILBA, OBJ_VYB_ID_OBJ_VYB) values (20, 29);
insert into OBJ_VYBAVENI_PRILBA (PRILBA_ID_PRILBA, OBJ_VYB_ID_OBJ_VYB) values (29, 30);
insert into OBJ_VYBAVENI_PRILBA (PRILBA_ID_PRILBA, OBJ_VYB_ID_OBJ_VYB) values (85, 31);
insert into OBJ_VYBAVENI_PRILBA (PRILBA_ID_PRILBA, OBJ_VYB_ID_OBJ_VYB) values (31, 32);
insert into OBJ_VYBAVENI_PRILBA (PRILBA_ID_PRILBA, OBJ_VYB_ID_OBJ_VYB) values (89, 33);
insert into OBJ_VYBAVENI_PRILBA (PRILBA_ID_PRILBA, OBJ_VYB_ID_OBJ_VYB) values (26, 34);
insert into OBJ_VYBAVENI_PRILBA (PRILBA_ID_PRILBA, OBJ_VYB_ID_OBJ_VYB) values (97, 35);
insert into OBJ_VYBAVENI_PRILBA (PRILBA_ID_PRILBA, OBJ_VYB_ID_OBJ_VYB) values (13, 36);
insert into OBJ_VYBAVENI_PRILBA (PRILBA_ID_PRILBA, OBJ_VYB_ID_OBJ_VYB) values (31, 37);
insert into OBJ_VYBAVENI_PRILBA (PRILBA_ID_PRILBA, OBJ_VYB_ID_OBJ_VYB) values (6, 38);
insert into OBJ_VYBAVENI_PRILBA (PRILBA_ID_PRILBA, OBJ_VYB_ID_OBJ_VYB) values (89, 39);
insert into OBJ_VYBAVENI_PRILBA (PRILBA_ID_PRILBA, OBJ_VYB_ID_OBJ_VYB) values (73, 40);
insert into OBJ_VYBAVENI_PRILBA (PRILBA_ID_PRILBA, OBJ_VYB_ID_OBJ_VYB) values (51, 41);
insert into OBJ_VYBAVENI_PRILBA (PRILBA_ID_PRILBA, OBJ_VYB_ID_OBJ_VYB) values (20, 42);
insert into OBJ_VYBAVENI_PRILBA (PRILBA_ID_PRILBA, OBJ_VYB_ID_OBJ_VYB) values (21, 43);
insert into OBJ_VYBAVENI_PRILBA (PRILBA_ID_PRILBA, OBJ_VYB_ID_OBJ_VYB) values (41, 44);
insert into OBJ_VYBAVENI_PRILBA (PRILBA_ID_PRILBA, OBJ_VYB_ID_OBJ_VYB) values (37, 45);
insert into OBJ_VYBAVENI_PRILBA (PRILBA_ID_PRILBA, OBJ_VYB_ID_OBJ_VYB) values (47, 46);
insert into OBJ_VYBAVENI_PRILBA (PRILBA_ID_PRILBA, OBJ_VYB_ID_OBJ_VYB) values (43, 47);
insert into OBJ_VYBAVENI_PRILBA (PRILBA_ID_PRILBA, OBJ_VYB_ID_OBJ_VYB) values (15, 48);
insert into OBJ_VYBAVENI_PRILBA (PRILBA_ID_PRILBA, OBJ_VYB_ID_OBJ_VYB) values (68, 49);
insert into OBJ_VYBAVENI_PRILBA (PRILBA_ID_PRILBA, OBJ_VYB_ID_OBJ_VYB) values (75, 50);
insert into OBJ_VYBAVENI_PRILBA (PRILBA_ID_PRILBA, OBJ_VYB_ID_OBJ_VYB) values (83, 51);
insert into OBJ_VYBAVENI_PRILBA (PRILBA_ID_PRILBA, OBJ_VYB_ID_OBJ_VYB) values (19, 52);
insert into OBJ_VYBAVENI_PRILBA (PRILBA_ID_PRILBA, OBJ_VYB_ID_OBJ_VYB) values (12, 53);
insert into OBJ_VYBAVENI_PRILBA (PRILBA_ID_PRILBA, OBJ_VYB_ID_OBJ_VYB) values (86, 54);
insert into OBJ_VYBAVENI_PRILBA (PRILBA_ID_PRILBA, OBJ_VYB_ID_OBJ_VYB) values (36, 55);
insert into OBJ_VYBAVENI_PRILBA (PRILBA_ID_PRILBA, OBJ_VYB_ID_OBJ_VYB) values (86, 56);
insert into OBJ_VYBAVENI_PRILBA (PRILBA_ID_PRILBA, OBJ_VYB_ID_OBJ_VYB) values (75, 57);
insert into OBJ_VYBAVENI_PRILBA (PRILBA_ID_PRILBA, OBJ_VYB_ID_OBJ_VYB) values (83, 58);
insert into OBJ_VYBAVENI_PRILBA (PRILBA_ID_PRILBA, OBJ_VYB_ID_OBJ_VYB) values (53, 59);
insert into OBJ_VYBAVENI_PRILBA (PRILBA_ID_PRILBA, OBJ_VYB_ID_OBJ_VYB) values (16, 60);
insert into OBJ_VYBAVENI_PRILBA (PRILBA_ID_PRILBA, OBJ_VYB_ID_OBJ_VYB) values (16, 61);
insert into OBJ_VYBAVENI_PRILBA (PRILBA_ID_PRILBA, OBJ_VYB_ID_OBJ_VYB) values (18, 62);
insert into OBJ_VYBAVENI_PRILBA (PRILBA_ID_PRILBA, OBJ_VYB_ID_OBJ_VYB) values (28, 63);
insert into OBJ_VYBAVENI_PRILBA (PRILBA_ID_PRILBA, OBJ_VYB_ID_OBJ_VYB) values (29, 64);
insert into OBJ_VYBAVENI_PRILBA (PRILBA_ID_PRILBA, OBJ_VYB_ID_OBJ_VYB) values (35, 65);
insert into OBJ_VYBAVENI_PRILBA (PRILBA_ID_PRILBA, OBJ_VYB_ID_OBJ_VYB) values (18, 66);
insert into OBJ_VYBAVENI_PRILBA (PRILBA_ID_PRILBA, OBJ_VYB_ID_OBJ_VYB) values (50, 67);
insert into OBJ_VYBAVENI_PRILBA (PRILBA_ID_PRILBA, OBJ_VYB_ID_OBJ_VYB) values (2, 100);
insert into OBJ_VYBAVENI_PRILBA (PRILBA_ID_PRILBA, OBJ_VYB_ID_OBJ_VYB) values (4, 100);
insert into OBJ_VYBAVENI_PRILBA (PRILBA_ID_PRILBA, OBJ_VYB_ID_OBJ_VYB) values (5, 100);
insert into OBJ_VYBAVENI_PRILBA (PRILBA_ID_PRILBA, OBJ_VYB_ID_OBJ_VYB) values (8, 100);
insert into OBJ_VYBAVENI_PRILBA (PRILBA_ID_PRILBA, OBJ_VYB_ID_OBJ_VYB) values (11, 100);




insert into OBJ_VYBAVENI_SNB (OBJ_VYB_ID_OBJ_VYB, SNB_ID_SNB) values (1, 34);
insert into OBJ_VYBAVENI_SNB (OBJ_VYB_ID_OBJ_VYB, SNB_ID_SNB) values (2, 82);
insert into OBJ_VYBAVENI_SNB (OBJ_VYB_ID_OBJ_VYB, SNB_ID_SNB) values (3, 35);
insert into OBJ_VYBAVENI_SNB (OBJ_VYB_ID_OBJ_VYB, SNB_ID_SNB) values (4, 28);
insert into OBJ_VYBAVENI_SNB (OBJ_VYB_ID_OBJ_VYB, SNB_ID_SNB) values (5, 78);
insert into OBJ_VYBAVENI_SNB (OBJ_VYB_ID_OBJ_VYB, SNB_ID_SNB) values (6, 18);
insert into OBJ_VYBAVENI_SNB (OBJ_VYB_ID_OBJ_VYB, SNB_ID_SNB) values (7, 45);
insert into OBJ_VYBAVENI_SNB (OBJ_VYB_ID_OBJ_VYB, SNB_ID_SNB) values (8, 49);
insert into OBJ_VYBAVENI_SNB (OBJ_VYB_ID_OBJ_VYB, SNB_ID_SNB) values (9, 6);
insert into OBJ_VYBAVENI_SNB (OBJ_VYB_ID_OBJ_VYB, SNB_ID_SNB) values (10, 63);
insert into OBJ_VYBAVENI_SNB (OBJ_VYB_ID_OBJ_VYB, SNB_ID_SNB) values (11, 11);
insert into OBJ_VYBAVENI_SNB (OBJ_VYB_ID_OBJ_VYB, SNB_ID_SNB) values (12, 73);
insert into OBJ_VYBAVENI_SNB (OBJ_VYB_ID_OBJ_VYB, SNB_ID_SNB) values (13, 54);
insert into OBJ_VYBAVENI_SNB (OBJ_VYB_ID_OBJ_VYB, SNB_ID_SNB) values (14, 57);
insert into OBJ_VYBAVENI_SNB (OBJ_VYB_ID_OBJ_VYB, SNB_ID_SNB) values (15, 95);
insert into OBJ_VYBAVENI_SNB (OBJ_VYB_ID_OBJ_VYB, SNB_ID_SNB) values (16, 47);
insert into OBJ_VYBAVENI_SNB (OBJ_VYB_ID_OBJ_VYB, SNB_ID_SNB) values (17, 28);
insert into OBJ_VYBAVENI_SNB (OBJ_VYB_ID_OBJ_VYB, SNB_ID_SNB) values (18, 4);
insert into OBJ_VYBAVENI_SNB (OBJ_VYB_ID_OBJ_VYB, SNB_ID_SNB) values (19, 45);
insert into OBJ_VYBAVENI_SNB (OBJ_VYB_ID_OBJ_VYB, SNB_ID_SNB) values (20, 78);
insert into OBJ_VYBAVENI_SNB (OBJ_VYB_ID_OBJ_VYB, SNB_ID_SNB) values (21, 48);
insert into OBJ_VYBAVENI_SNB (OBJ_VYB_ID_OBJ_VYB, SNB_ID_SNB) values (22, 2);
insert into OBJ_VYBAVENI_SNB (OBJ_VYB_ID_OBJ_VYB, SNB_ID_SNB) values (23, 96);
insert into OBJ_VYBAVENI_SNB (OBJ_VYB_ID_OBJ_VYB, SNB_ID_SNB) values (24, 62);
insert into OBJ_VYBAVENI_SNB (OBJ_VYB_ID_OBJ_VYB, SNB_ID_SNB) values (25, 48);
insert into OBJ_VYBAVENI_SNB (OBJ_VYB_ID_OBJ_VYB, SNB_ID_SNB) values (26, 16);
insert into OBJ_VYBAVENI_SNB (OBJ_VYB_ID_OBJ_VYB, SNB_ID_SNB) values (27, 74);
insert into OBJ_VYBAVENI_SNB (OBJ_VYB_ID_OBJ_VYB, SNB_ID_SNB) values (28, 27);
insert into OBJ_VYBAVENI_SNB (OBJ_VYB_ID_OBJ_VYB, SNB_ID_SNB) values (29, 40);
insert into OBJ_VYBAVENI_SNB (OBJ_VYB_ID_OBJ_VYB, SNB_ID_SNB) values (30, 67);
insert into OBJ_VYBAVENI_SNB (OBJ_VYB_ID_OBJ_VYB, SNB_ID_SNB) values (31, 67);
insert into OBJ_VYBAVENI_SNB (OBJ_VYB_ID_OBJ_VYB, SNB_ID_SNB) values (32, 89);
insert into OBJ_VYBAVENI_SNB (OBJ_VYB_ID_OBJ_VYB, SNB_ID_SNB) values (33, 82);
insert into OBJ_VYBAVENI_SNB (OBJ_VYB_ID_OBJ_VYB, SNB_ID_SNB) values (34, 53);
insert into OBJ_VYBAVENI_SNB (OBJ_VYB_ID_OBJ_VYB, SNB_ID_SNB) values (35, 79);
insert into OBJ_VYBAVENI_SNB (OBJ_VYB_ID_OBJ_VYB, SNB_ID_SNB) values (36, 6);
insert into OBJ_VYBAVENI_SNB (OBJ_VYB_ID_OBJ_VYB, SNB_ID_SNB) values (37, 33);
insert into OBJ_VYBAVENI_SNB (OBJ_VYB_ID_OBJ_VYB, SNB_ID_SNB) values (38, 62);
insert into OBJ_VYBAVENI_SNB (OBJ_VYB_ID_OBJ_VYB, SNB_ID_SNB) values (39, 65);
insert into OBJ_VYBAVENI_SNB (OBJ_VYB_ID_OBJ_VYB, SNB_ID_SNB) values (40, 31);
insert into OBJ_VYBAVENI_SNB (OBJ_VYB_ID_OBJ_VYB, SNB_ID_SNB) values (41, 31);
insert into OBJ_VYBAVENI_SNB (OBJ_VYB_ID_OBJ_VYB, SNB_ID_SNB) values (42, 45);
insert into OBJ_VYBAVENI_SNB (OBJ_VYB_ID_OBJ_VYB, SNB_ID_SNB) values (43, 55);
insert into OBJ_VYBAVENI_SNB (OBJ_VYB_ID_OBJ_VYB, SNB_ID_SNB) values (44, 31);
insert into OBJ_VYBAVENI_SNB (OBJ_VYB_ID_OBJ_VYB, SNB_ID_SNB) values (45, 18);
insert into OBJ_VYBAVENI_SNB (OBJ_VYB_ID_OBJ_VYB, SNB_ID_SNB) values (46, 63);
insert into OBJ_VYBAVENI_SNB (OBJ_VYB_ID_OBJ_VYB, SNB_ID_SNB) values (47, 55);
insert into OBJ_VYBAVENI_SNB (OBJ_VYB_ID_OBJ_VYB, SNB_ID_SNB) values (48, 80);
insert into OBJ_VYBAVENI_SNB (OBJ_VYB_ID_OBJ_VYB, SNB_ID_SNB) values (49, 25);
insert into OBJ_VYBAVENI_SNB (OBJ_VYB_ID_OBJ_VYB, SNB_ID_SNB) values (50, 30);




insert into OBJ_VYBAVENI_SNB_BOTY (OBJ_VYB_ID_OBJ_VYB, SNB_BOTY_ID_SNB_BOTY) values (21, 93);
insert into OBJ_VYBAVENI_SNB_BOTY (OBJ_VYB_ID_OBJ_VYB, SNB_BOTY_ID_SNB_BOTY) values (22, 38);
insert into OBJ_VYBAVENI_SNB_BOTY (OBJ_VYB_ID_OBJ_VYB, SNB_BOTY_ID_SNB_BOTY) values (23, 7);
insert into OBJ_VYBAVENI_SNB_BOTY (OBJ_VYB_ID_OBJ_VYB, SNB_BOTY_ID_SNB_BOTY) values (24, 91);
insert into OBJ_VYBAVENI_SNB_BOTY (OBJ_VYB_ID_OBJ_VYB, SNB_BOTY_ID_SNB_BOTY) values (25, 65);
insert into OBJ_VYBAVENI_SNB_BOTY (OBJ_VYB_ID_OBJ_VYB, SNB_BOTY_ID_SNB_BOTY) values (26, 11);
insert into OBJ_VYBAVENI_SNB_BOTY (OBJ_VYB_ID_OBJ_VYB, SNB_BOTY_ID_SNB_BOTY) values (27, 79);
insert into OBJ_VYBAVENI_SNB_BOTY (OBJ_VYB_ID_OBJ_VYB, SNB_BOTY_ID_SNB_BOTY) values (28, 53);
insert into OBJ_VYBAVENI_SNB_BOTY (OBJ_VYB_ID_OBJ_VYB, SNB_BOTY_ID_SNB_BOTY) values (29, 28);
insert into OBJ_VYBAVENI_SNB_BOTY (OBJ_VYB_ID_OBJ_VYB, SNB_BOTY_ID_SNB_BOTY) values (30, 3);
insert into OBJ_VYBAVENI_SNB_BOTY (OBJ_VYB_ID_OBJ_VYB, SNB_BOTY_ID_SNB_BOTY) values (31, 87);
insert into OBJ_VYBAVENI_SNB_BOTY (OBJ_VYB_ID_OBJ_VYB, SNB_BOTY_ID_SNB_BOTY) values (32, 45);
insert into OBJ_VYBAVENI_SNB_BOTY (OBJ_VYB_ID_OBJ_VYB, SNB_BOTY_ID_SNB_BOTY) values (33, 43);
insert into OBJ_VYBAVENI_SNB_BOTY (OBJ_VYB_ID_OBJ_VYB, SNB_BOTY_ID_SNB_BOTY) values (34, 53);
insert into OBJ_VYBAVENI_SNB_BOTY (OBJ_VYB_ID_OBJ_VYB, SNB_BOTY_ID_SNB_BOTY) values (35, 82);
insert into OBJ_VYBAVENI_SNB_BOTY (OBJ_VYB_ID_OBJ_VYB, SNB_BOTY_ID_SNB_BOTY) values (36, 34);
insert into OBJ_VYBAVENI_SNB_BOTY (OBJ_VYB_ID_OBJ_VYB, SNB_BOTY_ID_SNB_BOTY) values (37, 55);
insert into OBJ_VYBAVENI_SNB_BOTY (OBJ_VYB_ID_OBJ_VYB, SNB_BOTY_ID_SNB_BOTY) values (38, 8);
insert into OBJ_VYBAVENI_SNB_BOTY (OBJ_VYB_ID_OBJ_VYB, SNB_BOTY_ID_SNB_BOTY) values (39, 99);
insert into OBJ_VYBAVENI_SNB_BOTY (OBJ_VYB_ID_OBJ_VYB, SNB_BOTY_ID_SNB_BOTY) values (40, 94);
insert into OBJ_VYBAVENI_SNB_BOTY (OBJ_VYB_ID_OBJ_VYB, SNB_BOTY_ID_SNB_BOTY) values (41, 12);
insert into OBJ_VYBAVENI_SNB_BOTY (OBJ_VYB_ID_OBJ_VYB, SNB_BOTY_ID_SNB_BOTY) values (42, 26);
insert into OBJ_VYBAVENI_SNB_BOTY (OBJ_VYB_ID_OBJ_VYB, SNB_BOTY_ID_SNB_BOTY) values (43, 12);
insert into OBJ_VYBAVENI_SNB_BOTY (OBJ_VYB_ID_OBJ_VYB, SNB_BOTY_ID_SNB_BOTY) values (44, 31);
insert into OBJ_VYBAVENI_SNB_BOTY (OBJ_VYB_ID_OBJ_VYB, SNB_BOTY_ID_SNB_BOTY) values (45, 92);
insert into OBJ_VYBAVENI_SNB_BOTY (OBJ_VYB_ID_OBJ_VYB, SNB_BOTY_ID_SNB_BOTY) values (46, 54);
insert into OBJ_VYBAVENI_SNB_BOTY (OBJ_VYB_ID_OBJ_VYB, SNB_BOTY_ID_SNB_BOTY) values (47, 41);
insert into OBJ_VYBAVENI_SNB_BOTY (OBJ_VYB_ID_OBJ_VYB, SNB_BOTY_ID_SNB_BOTY) values (48, 100);
insert into OBJ_VYBAVENI_SNB_BOTY (OBJ_VYB_ID_OBJ_VYB, SNB_BOTY_ID_SNB_BOTY) values (49, 5);
insert into OBJ_VYBAVENI_SNB_BOTY (OBJ_VYB_ID_OBJ_VYB, SNB_BOTY_ID_SNB_BOTY) values (50, 36);
insert into OBJ_VYBAVENI_SNB_BOTY (OBJ_VYB_ID_OBJ_VYB, SNB_BOTY_ID_SNB_BOTY) values (51, 97);
insert into OBJ_VYBAVENI_SNB_BOTY (OBJ_VYB_ID_OBJ_VYB, SNB_BOTY_ID_SNB_BOTY) values (52, 62);
insert into OBJ_VYBAVENI_SNB_BOTY (OBJ_VYB_ID_OBJ_VYB, SNB_BOTY_ID_SNB_BOTY) values (53, 36);
insert into OBJ_VYBAVENI_SNB_BOTY (OBJ_VYB_ID_OBJ_VYB, SNB_BOTY_ID_SNB_BOTY) values (54, 24);
insert into OBJ_VYBAVENI_SNB_BOTY (OBJ_VYB_ID_OBJ_VYB, SNB_BOTY_ID_SNB_BOTY) values (55, 29);
insert into OBJ_VYBAVENI_SNB_BOTY (OBJ_VYB_ID_OBJ_VYB, SNB_BOTY_ID_SNB_BOTY) values (56, 22);
insert into OBJ_VYBAVENI_SNB_BOTY (OBJ_VYB_ID_OBJ_VYB, SNB_BOTY_ID_SNB_BOTY) values (57, 73);
insert into OBJ_VYBAVENI_SNB_BOTY (OBJ_VYB_ID_OBJ_VYB, SNB_BOTY_ID_SNB_BOTY) values (58, 92);
insert into OBJ_VYBAVENI_SNB_BOTY (OBJ_VYB_ID_OBJ_VYB, SNB_BOTY_ID_SNB_BOTY) values (59, 14);
insert into OBJ_VYBAVENI_SNB_BOTY (OBJ_VYB_ID_OBJ_VYB, SNB_BOTY_ID_SNB_BOTY) values (60, 74);
insert into OBJ_VYBAVENI_SNB_BOTY (OBJ_VYB_ID_OBJ_VYB, SNB_BOTY_ID_SNB_BOTY) values (61, 89);
insert into OBJ_VYBAVENI_SNB_BOTY (OBJ_VYB_ID_OBJ_VYB, SNB_BOTY_ID_SNB_BOTY) values (62, 84);
insert into OBJ_VYBAVENI_SNB_BOTY (OBJ_VYB_ID_OBJ_VYB, SNB_BOTY_ID_SNB_BOTY) values (63, 60);
insert into OBJ_VYBAVENI_SNB_BOTY (OBJ_VYB_ID_OBJ_VYB, SNB_BOTY_ID_SNB_BOTY) values (64, 31);
insert into OBJ_VYBAVENI_SNB_BOTY (OBJ_VYB_ID_OBJ_VYB, SNB_BOTY_ID_SNB_BOTY) values (65, 18);
insert into OBJ_VYBAVENI_SNB_BOTY (OBJ_VYB_ID_OBJ_VYB, SNB_BOTY_ID_SNB_BOTY) values (66, 39);
insert into OBJ_VYBAVENI_SNB_BOTY (OBJ_VYB_ID_OBJ_VYB, SNB_BOTY_ID_SNB_BOTY) values (67, 58);
insert into OBJ_VYBAVENI_SNB_BOTY (OBJ_VYB_ID_OBJ_VYB, SNB_BOTY_ID_SNB_BOTY) values (68, 46);
insert into OBJ_VYBAVENI_SNB_BOTY (OBJ_VYB_ID_OBJ_VYB, SNB_BOTY_ID_SNB_BOTY) values (69, 4);
insert into OBJ_VYBAVENI_SNB_BOTY (OBJ_VYB_ID_OBJ_VYB, SNB_BOTY_ID_SNB_BOTY) values (70, 68);




insert into OBJEDNAVKA_VYBAVENI (ID_OBJEDNAVKA_VYBAVENI, DATUM_A_CAS_OD, DATUM_A_CAS_DO, CENA) values (1, TO_DATE('09.01.2019 09:00:00', 'dd.mm.yyyy hh24:mi:ss'), TO_DATE('12.01.2019 10:00:00', 'dd.mm.yyyy hh24:mi:ss'), '370');
insert into OBJEDNAVKA_VYBAVENI (ID_OBJEDNAVKA_VYBAVENI, DATUM_A_CAS_OD, DATUM_A_CAS_DO, CENA) values (2, TO_DATE('25.01.2019 08:00:00', 'dd.mm.yyyy hh24:mi:ss'), TO_DATE('28.01.2019 12:00:00', 'dd.mm.yyyy hh24:mi:ss'), '380');
insert into OBJEDNAVKA_VYBAVENI (ID_OBJEDNAVKA_VYBAVENI, DATUM_A_CAS_OD, DATUM_A_CAS_DO, CENA) values (3, TO_DATE('03.02.2019 09:00:00', 'dd.mm.yyyy hh24:mi:ss'), TO_DATE('06.02.2019 19:00:00', 'dd.mm.yyyy hh24:mi:ss'), '280');
insert into OBJEDNAVKA_VYBAVENI (ID_OBJEDNAVKA_VYBAVENI, DATUM_A_CAS_OD, DATUM_A_CAS_DO, CENA) values (4, TO_DATE('01.02.2019 09:00:00', 'dd.mm.yyyy hh24:mi:ss'), TO_DATE('04.02.2019 13:00:00', 'dd.mm.yyyy hh24:mi:ss'), '300');
insert into OBJEDNAVKA_VYBAVENI (ID_OBJEDNAVKA_VYBAVENI, DATUM_A_CAS_OD, DATUM_A_CAS_DO, CENA) values (5, TO_DATE('12.03.2019 09:00:00', 'dd.mm.yyyy hh24:mi:ss'), TO_DATE('15.03.2019 19:00:00', 'dd.mm.yyyy hh24:mi:ss'), '230');
insert into OBJEDNAVKA_VYBAVENI (ID_OBJEDNAVKA_VYBAVENI, DATUM_A_CAS_OD, DATUM_A_CAS_DO, CENA) values (6, TO_DATE('05.03.2019 09:00:00', 'dd.mm.yyyy hh24:mi:ss'), TO_DATE('08.03.2019 18:00:00', 'dd.mm.yyyy hh24:mi:ss'), '210');
insert into OBJEDNAVKA_VYBAVENI (ID_OBJEDNAVKA_VYBAVENI, DATUM_A_CAS_OD, DATUM_A_CAS_DO, CENA) values (7, TO_DATE('08.01.2019 08:00:00', 'dd.mm.yyyy hh24:mi:ss'), TO_DATE('11.01.2019 10:00:00', 'dd.mm.yyyy hh24:mi:ss'), '220');
insert into OBJEDNAVKA_VYBAVENI (ID_OBJEDNAVKA_VYBAVENI, DATUM_A_CAS_OD, DATUM_A_CAS_DO, CENA) values (8, TO_DATE('02.01.2019 08:00:00', 'dd.mm.yyyy hh24:mi:ss'), TO_DATE('05.01.2019 16:00:00', 'dd.mm.yyyy hh24:mi:ss'), '330');
insert into OBJEDNAVKA_VYBAVENI (ID_OBJEDNAVKA_VYBAVENI, DATUM_A_CAS_OD, DATUM_A_CAS_DO, CENA) values (9, TO_DATE('21.02.2019 08:00:00', 'dd.mm.yyyy hh24:mi:ss'), TO_DATE('24.02.2019 10:00:00', 'dd.mm.yyyy hh24:mi:ss'), '230');
insert into OBJEDNAVKA_VYBAVENI (ID_OBJEDNAVKA_VYBAVENI, DATUM_A_CAS_OD, DATUM_A_CAS_DO, CENA) values (10, TO_DATE('21.02.2019 09:00:00', 'dd.mm.yyyy hh24:mi:ss'), TO_DATE('24.02.2019 13:00:00', 'dd.mm.yyyy hh24:mi:ss'), '300');
insert into OBJEDNAVKA_VYBAVENI (ID_OBJEDNAVKA_VYBAVENI, DATUM_A_CAS_OD, DATUM_A_CAS_DO, CENA) values (11, TO_DATE('20.02.2019 09:00:00', 'dd.mm.yyyy hh24:mi:ss'), TO_DATE('23.02.2019 17:00:00', 'dd.mm.yyyy hh24:mi:ss'), 150);
insert into OBJEDNAVKA_VYBAVENI (ID_OBJEDNAVKA_VYBAVENI, DATUM_A_CAS_OD, DATUM_A_CAS_DO, CENA) values (12, TO_DATE('27.12.2018 09:00:00', 'dd.mm.yyyy hh24:mi:ss'), TO_DATE('30.12.2018 16:00:00', 'dd.mm.yyyy hh24:mi:ss'), '350');
insert into OBJEDNAVKA_VYBAVENI (ID_OBJEDNAVKA_VYBAVENI, DATUM_A_CAS_OD, DATUM_A_CAS_DO, CENA) values (13, TO_DATE('18.02.2019 08:00:00', 'dd.mm.yyyy hh24:mi:ss'), TO_DATE('21.02.2019 19:00:00', 'dd.mm.yyyy hh24:mi:ss'), 170);
insert into OBJEDNAVKA_VYBAVENI (ID_OBJEDNAVKA_VYBAVENI, DATUM_A_CAS_OD, DATUM_A_CAS_DO, CENA) values (14, TO_DATE('12.01.2019 08:00:00', 'dd.mm.yyyy hh24:mi:ss'), TO_DATE('15.01.2019 17:00:00', 'dd.mm.yyyy hh24:mi:ss'), '340');
insert into OBJEDNAVKA_VYBAVENI (ID_OBJEDNAVKA_VYBAVENI, DATUM_A_CAS_OD, DATUM_A_CAS_DO, CENA) values (15, TO_DATE('05.01.2019 09:00:00', 'dd.mm.yyyy hh24:mi:ss'), TO_DATE('08.01.2019 13:00:00', 'dd.mm.yyyy hh24:mi:ss'), 200);
insert into OBJEDNAVKA_VYBAVENI (ID_OBJEDNAVKA_VYBAVENI, DATUM_A_CAS_OD, DATUM_A_CAS_DO, CENA) values (16, TO_DATE('19.02.2019 08:00:00', 'dd.mm.yyyy hh24:mi:ss'), TO_DATE('22.02.2019 14:00:00', 'dd.mm.yyyy hh24:mi:ss'), '390');
insert into OBJEDNAVKA_VYBAVENI (ID_OBJEDNAVKA_VYBAVENI, DATUM_A_CAS_OD, DATUM_A_CAS_DO, CENA) values (17, TO_DATE('11.03.2019 08:00:00', 'dd.mm.yyyy hh24:mi:ss'), TO_DATE('14.03.2019 12:00:00', 'dd.mm.yyyy hh24:mi:ss'), '330');
insert into OBJEDNAVKA_VYBAVENI (ID_OBJEDNAVKA_VYBAVENI, DATUM_A_CAS_OD, DATUM_A_CAS_DO, CENA) values (18, TO_DATE('07.01.2019 08:00:00', 'dd.mm.yyyy hh24:mi:ss'), TO_DATE('10.01.2019 16:00:00', 'dd.mm.yyyy hh24:mi:ss'), '340');
insert into OBJEDNAVKA_VYBAVENI (ID_OBJEDNAVKA_VYBAVENI, DATUM_A_CAS_OD, DATUM_A_CAS_DO, CENA) values (19, TO_DATE('12.02.2019 08:00:00', 'dd.mm.yyyy hh24:mi:ss'), TO_DATE('15.02.2019 16:00:00', 'dd.mm.yyyy hh24:mi:ss'), '330');
insert into OBJEDNAVKA_VYBAVENI (ID_OBJEDNAVKA_VYBAVENI, DATUM_A_CAS_OD, DATUM_A_CAS_DO, CENA) values (20, TO_DATE('11.03.2019 08:00:00', 'dd.mm.yyyy hh24:mi:ss'), TO_DATE('14.03.2019 13:00:00', 'dd.mm.yyyy hh24:mi:ss'), '300');
insert into OBJEDNAVKA_VYBAVENI (ID_OBJEDNAVKA_VYBAVENI, DATUM_A_CAS_OD, DATUM_A_CAS_DO, CENA) values (21, TO_DATE('03.02.2019 09:00:00', 'dd.mm.yyyy hh24:mi:ss'), TO_DATE('06.02.2019 13:00:00', 'dd.mm.yyyy hh24:mi:ss'), '370');
insert into OBJEDNAVKA_VYBAVENI (ID_OBJEDNAVKA_VYBAVENI, DATUM_A_CAS_OD, DATUM_A_CAS_DO, CENA) values (22, TO_DATE('19.01.2019 09:00:00', 'dd.mm.yyyy hh24:mi:ss'), TO_DATE('22.01.2019 17:00:00', 'dd.mm.yyyy hh24:mi:ss'), 160);
insert into OBJEDNAVKA_VYBAVENI (ID_OBJEDNAVKA_VYBAVENI, DATUM_A_CAS_OD, DATUM_A_CAS_DO, CENA) values (23, TO_DATE('10.03.2019 09:00:00', 'dd.mm.yyyy hh24:mi:ss'), TO_DATE('13.03.2019 17:00:00', 'dd.mm.yyyy hh24:mi:ss'), '100');
insert into OBJEDNAVKA_VYBAVENI (ID_OBJEDNAVKA_VYBAVENI, DATUM_A_CAS_OD, DATUM_A_CAS_DO, CENA) values (24, TO_DATE('13.01.2019 09:00:00', 'dd.mm.yyyy hh24:mi:ss'), TO_DATE('16.01.2019 15:00:00', 'dd.mm.yyyy hh24:mi:ss'), 110);
insert into OBJEDNAVKA_VYBAVENI (ID_OBJEDNAVKA_VYBAVENI, DATUM_A_CAS_OD, DATUM_A_CAS_DO, CENA) values (25, TO_DATE('04.02.2019 09:00:00', 'dd.mm.yyyy hh24:mi:ss'), TO_DATE('07.02.2019 18:00:00', 'dd.mm.yyyy hh24:mi:ss'), '260');
insert into OBJEDNAVKA_VYBAVENI (ID_OBJEDNAVKA_VYBAVENI, DATUM_A_CAS_OD, DATUM_A_CAS_DO, CENA) values (26, TO_DATE('04.02.2019 09:00:00', 'dd.mm.yyyy hh24:mi:ss'), TO_DATE('07.02.2019 10:00:00', 'dd.mm.yyyy hh24:mi:ss'), '380');
insert into OBJEDNAVKA_VYBAVENI (ID_OBJEDNAVKA_VYBAVENI, DATUM_A_CAS_OD, DATUM_A_CAS_DO, CENA) values (27, TO_DATE('02.03.2019 09:00:00', 'dd.mm.yyyy hh24:mi:ss'), TO_DATE('05.03.2019 12:00:00', 'dd.mm.yyyy hh24:mi:ss'), '370');
insert into OBJEDNAVKA_VYBAVENI (ID_OBJEDNAVKA_VYBAVENI, DATUM_A_CAS_OD, DATUM_A_CAS_DO, CENA) values (28, TO_DATE('07.03.2019 09:00:00', 'dd.mm.yyyy hh24:mi:ss'), TO_DATE('10.03.2019 17:00:00', 'dd.mm.yyyy hh24:mi:ss'), 150);
insert into OBJEDNAVKA_VYBAVENI (ID_OBJEDNAVKA_VYBAVENI, DATUM_A_CAS_OD, DATUM_A_CAS_DO, CENA) values (29, TO_DATE('04.02.2019 08:00:00', 'dd.mm.yyyy hh24:mi:ss'), TO_DATE('07.02.2019 18:00:00', 'dd.mm.yyyy hh24:mi:ss'), '380');
insert into OBJEDNAVKA_VYBAVENI (ID_OBJEDNAVKA_VYBAVENI, DATUM_A_CAS_OD, DATUM_A_CAS_DO, CENA) values (30, TO_DATE('26.01.2019 08:00:00', 'dd.mm.yyyy hh24:mi:ss'), TO_DATE('29.01.2019 15:00:00', 'dd.mm.yyyy hh24:mi:ss'), '220');
insert into OBJEDNAVKA_VYBAVENI (ID_OBJEDNAVKA_VYBAVENI, DATUM_A_CAS_OD, DATUM_A_CAS_DO, CENA) values (31, TO_DATE('02.03.2019 09:00:00', 'dd.mm.yyyy hh24:mi:ss'), TO_DATE('05.03.2019 12:00:00', 'dd.mm.yyyy hh24:mi:ss'), 180);
insert into OBJEDNAVKA_VYBAVENI (ID_OBJEDNAVKA_VYBAVENI, DATUM_A_CAS_OD, DATUM_A_CAS_DO, CENA) values (32, TO_DATE('06.03.2019 09:00:00', 'dd.mm.yyyy hh24:mi:ss'), TO_DATE('09.03.2019 19:00:00', 'dd.mm.yyyy hh24:mi:ss'), '320');
insert into OBJEDNAVKA_VYBAVENI (ID_OBJEDNAVKA_VYBAVENI, DATUM_A_CAS_OD, DATUM_A_CAS_DO, CENA) values (33, TO_DATE('02.02.2019 09:00:00', 'dd.mm.yyyy hh24:mi:ss'), TO_DATE('05.02.2019 11:00:00', 'dd.mm.yyyy hh24:mi:ss'), '390');
insert into OBJEDNAVKA_VYBAVENI (ID_OBJEDNAVKA_VYBAVENI, DATUM_A_CAS_OD, DATUM_A_CAS_DO, CENA) values (34, TO_DATE('14.02.2019 09:00:00', 'dd.mm.yyyy hh24:mi:ss'), TO_DATE('17.02.2019 12:00:00', 'dd.mm.yyyy hh24:mi:ss'), '360');
insert into OBJEDNAVKA_VYBAVENI (ID_OBJEDNAVKA_VYBAVENI, DATUM_A_CAS_OD, DATUM_A_CAS_DO, CENA) values (35, TO_DATE('15.01.2019 08:00:00', 'dd.mm.yyyy hh24:mi:ss'), TO_DATE('18.01.2019 14:00:00', 'dd.mm.yyyy hh24:mi:ss'), '290');
insert into OBJEDNAVKA_VYBAVENI (ID_OBJEDNAVKA_VYBAVENI, DATUM_A_CAS_OD, DATUM_A_CAS_DO, CENA) values (36, TO_DATE('22.01.2019 09:00:00', 'dd.mm.yyyy hh24:mi:ss'), TO_DATE('25.01.2019 12:00:00', 'dd.mm.yyyy hh24:mi:ss'), 190);
insert into OBJEDNAVKA_VYBAVENI (ID_OBJEDNAVKA_VYBAVENI, DATUM_A_CAS_OD, DATUM_A_CAS_DO, CENA) values (37, TO_DATE('11.02.2019 09:00:00', 'dd.mm.yyyy hh24:mi:ss'), TO_DATE('14.02.2019 10:00:00', 'dd.mm.yyyy hh24:mi:ss'), '330');
insert into OBJEDNAVKA_VYBAVENI (ID_OBJEDNAVKA_VYBAVENI, DATUM_A_CAS_OD, DATUM_A_CAS_DO, CENA) values (38, TO_DATE('10.02.2019 09:00:00', 'dd.mm.yyyy hh24:mi:ss'), TO_DATE('13.02.2019 11:00:00', 'dd.mm.yyyy hh24:mi:ss'), '330');
insert into OBJEDNAVKA_VYBAVENI (ID_OBJEDNAVKA_VYBAVENI, DATUM_A_CAS_OD, DATUM_A_CAS_DO, CENA) values (39, TO_DATE('30.01.2019 08:00:00', 'dd.mm.yyyy hh24:mi:ss'), TO_DATE('02.02.2019 10:00:00', 'dd.mm.yyyy hh24:mi:ss'), '320');
insert into OBJEDNAVKA_VYBAVENI (ID_OBJEDNAVKA_VYBAVENI, DATUM_A_CAS_OD, DATUM_A_CAS_DO, CENA) values (40, TO_DATE('04.01.2019 09:00:00', 'dd.mm.yyyy hh24:mi:ss'), TO_DATE('07.01.2019 19:00:00', 'dd.mm.yyyy hh24:mi:ss'), '370');
insert into OBJEDNAVKA_VYBAVENI (ID_OBJEDNAVKA_VYBAVENI, DATUM_A_CAS_OD, DATUM_A_CAS_DO, CENA) values (41, TO_DATE('24.01.2019 08:00:00', 'dd.mm.yyyy hh24:mi:ss'), TO_DATE('27.01.2019 10:00:00', 'dd.mm.yyyy hh24:mi:ss'), 180);
insert into OBJEDNAVKA_VYBAVENI (ID_OBJEDNAVKA_VYBAVENI, DATUM_A_CAS_OD, DATUM_A_CAS_DO, CENA) values (42, TO_DATE('31.01.2019 08:00:00', 'dd.mm.yyyy hh24:mi:ss'), TO_DATE('03.02.2019 15:00:00', 'dd.mm.yyyy hh24:mi:ss'), '380');
insert into OBJEDNAVKA_VYBAVENI (ID_OBJEDNAVKA_VYBAVENI, DATUM_A_CAS_OD, DATUM_A_CAS_DO, CENA) values (43, TO_DATE('03.03.2019 09:00:00', 'dd.mm.yyyy hh24:mi:ss'), TO_DATE('06.03.2019 19:00:00', 'dd.mm.yyyy hh24:mi:ss'), '370');
insert into OBJEDNAVKA_VYBAVENI (ID_OBJEDNAVKA_VYBAVENI, DATUM_A_CAS_OD, DATUM_A_CAS_DO, CENA) values (44, TO_DATE('14.01.2019 08:00:00', 'dd.mm.yyyy hh24:mi:ss'), TO_DATE('17.01.2019 10:00:00', 'dd.mm.yyyy hh24:mi:ss'), '360');
insert into OBJEDNAVKA_VYBAVENI (ID_OBJEDNAVKA_VYBAVENI, DATUM_A_CAS_OD, DATUM_A_CAS_DO, CENA) values (45, TO_DATE('11.01.2019 09:00:00', 'dd.mm.yyyy hh24:mi:ss'), TO_DATE('14.01.2019 12:00:00', 'dd.mm.yyyy hh24:mi:ss'), 130);
insert into OBJEDNAVKA_VYBAVENI (ID_OBJEDNAVKA_VYBAVENI, DATUM_A_CAS_OD, DATUM_A_CAS_DO, CENA) values (46, TO_DATE('19.02.2019 08:00:00', 'dd.mm.yyyy hh24:mi:ss'), TO_DATE('22.02.2019 11:00:00', 'dd.mm.yyyy hh24:mi:ss'), '380');
insert into OBJEDNAVKA_VYBAVENI (ID_OBJEDNAVKA_VYBAVENI, DATUM_A_CAS_OD, DATUM_A_CAS_DO, CENA) values (47, TO_DATE('21.02.2019 09:00:00', 'dd.mm.yyyy hh24:mi:ss'), TO_DATE('24.02.2019 18:00:00', 'dd.mm.yyyy hh24:mi:ss'), 160);
insert into OBJEDNAVKA_VYBAVENI (ID_OBJEDNAVKA_VYBAVENI, DATUM_A_CAS_OD, DATUM_A_CAS_DO, CENA) values (48, TO_DATE('13.02.2019 08:00:00', 'dd.mm.yyyy hh24:mi:ss'), TO_DATE('16.02.2019 12:00:00', 'dd.mm.yyyy hh24:mi:ss'), '290');
insert into OBJEDNAVKA_VYBAVENI (ID_OBJEDNAVKA_VYBAVENI, DATUM_A_CAS_OD, DATUM_A_CAS_DO, CENA) values (49, TO_DATE('14.03.2019 09:00:00', 'dd.mm.yyyy hh24:mi:ss'), TO_DATE('17.03.2019 19:00:00', 'dd.mm.yyyy hh24:mi:ss'), 190);
insert into OBJEDNAVKA_VYBAVENI (ID_OBJEDNAVKA_VYBAVENI, DATUM_A_CAS_OD, DATUM_A_CAS_DO, CENA) values (50, TO_DATE('20.02.2019 08:00:00', 'dd.mm.yyyy hh24:mi:ss'), TO_DATE('23.02.2019 14:00:00', 'dd.mm.yyyy hh24:mi:ss'), '210');
insert into OBJEDNAVKA_VYBAVENI (ID_OBJEDNAVKA_VYBAVENI, DATUM_A_CAS_OD, DATUM_A_CAS_DO, CENA) values (51, TO_DATE('08.02.2019 09:00:00', 'dd.mm.yyyy hh24:mi:ss'), TO_DATE('11.02.2019 11:00:00', 'dd.mm.yyyy hh24:mi:ss'), '360');
insert into OBJEDNAVKA_VYBAVENI (ID_OBJEDNAVKA_VYBAVENI, DATUM_A_CAS_OD, DATUM_A_CAS_DO, CENA) values (52, TO_DATE('10.02.2019 09:00:00', 'dd.mm.yyyy hh24:mi:ss'), TO_DATE('13.02.2019 14:00:00', 'dd.mm.yyyy hh24:mi:ss'), 140);
insert into OBJEDNAVKA_VYBAVENI (ID_OBJEDNAVKA_VYBAVENI, DATUM_A_CAS_OD, DATUM_A_CAS_DO, CENA) values (53, TO_DATE('01.02.2019 08:00:00', 'dd.mm.yyyy hh24:mi:ss'), TO_DATE('04.02.2019 14:00:00', 'dd.mm.yyyy hh24:mi:ss'), '320');
insert into OBJEDNAVKA_VYBAVENI (ID_OBJEDNAVKA_VYBAVENI, DATUM_A_CAS_OD, DATUM_A_CAS_DO, CENA) values (54, TO_DATE('25.12.2018 08:00:00', 'dd.mm.yyyy hh24:mi:ss'), TO_DATE('28.12.2018 16:00:00', 'dd.mm.yyyy hh24:mi:ss'), '300');
insert into OBJEDNAVKA_VYBAVENI (ID_OBJEDNAVKA_VYBAVENI, DATUM_A_CAS_OD, DATUM_A_CAS_DO, CENA) values (55, TO_DATE('02.03.2019 08:00:00', 'dd.mm.yyyy hh24:mi:ss'), TO_DATE('05.03.2019 17:00:00', 'dd.mm.yyyy hh24:mi:ss'), '110');
insert into OBJEDNAVKA_VYBAVENI (ID_OBJEDNAVKA_VYBAVENI, DATUM_A_CAS_OD, DATUM_A_CAS_DO, CENA) values (56, TO_DATE('06.03.2019 09:00:00', 'dd.mm.yyyy hh24:mi:ss'), TO_DATE('09.03.2019 14:00:00', 'dd.mm.yyyy hh24:mi:ss'), '360');
insert into OBJEDNAVKA_VYBAVENI (ID_OBJEDNAVKA_VYBAVENI, DATUM_A_CAS_OD, DATUM_A_CAS_DO, CENA) values (57, TO_DATE('25.01.2019 08:00:00', 'dd.mm.yyyy hh24:mi:ss'), TO_DATE('28.01.2019 15:00:00', 'dd.mm.yyyy hh24:mi:ss'), '360');
insert into OBJEDNAVKA_VYBAVENI (ID_OBJEDNAVKA_VYBAVENI, DATUM_A_CAS_OD, DATUM_A_CAS_DO, CENA) values (58, TO_DATE('12.03.2019 08:00:00', 'dd.mm.yyyy hh24:mi:ss'), TO_DATE('15.03.2019 11:00:00', 'dd.mm.yyyy hh24:mi:ss'), '220');
insert into OBJEDNAVKA_VYBAVENI (ID_OBJEDNAVKA_VYBAVENI, DATUM_A_CAS_OD, DATUM_A_CAS_DO, CENA) values (59, TO_DATE('26.02.2019 09:00:00', 'dd.mm.yyyy hh24:mi:ss'), TO_DATE('01.03.2019 14:00:00', 'dd.mm.yyyy hh24:mi:ss'), '270');
insert into OBJEDNAVKA_VYBAVENI (ID_OBJEDNAVKA_VYBAVENI, DATUM_A_CAS_OD, DATUM_A_CAS_DO, CENA) values (60, TO_DATE('15.02.2019 08:00:00', 'dd.mm.yyyy hh24:mi:ss'), TO_DATE('18.02.2019 11:00:00', 'dd.mm.yyyy hh24:mi:ss'), '300');
insert into OBJEDNAVKA_VYBAVENI (ID_OBJEDNAVKA_VYBAVENI, DATUM_A_CAS_OD, DATUM_A_CAS_DO, CENA) values (61, TO_DATE('28.01.2019 09:00:00', 'dd.mm.yyyy hh24:mi:ss'), TO_DATE('31.01.2019 13:00:00', 'dd.mm.yyyy hh24:mi:ss'), '320');
insert into OBJEDNAVKA_VYBAVENI (ID_OBJEDNAVKA_VYBAVENI, DATUM_A_CAS_OD, DATUM_A_CAS_DO, CENA) values (62, TO_DATE('19.02.2019 09:00:00', 'dd.mm.yyyy hh24:mi:ss'), TO_DATE('22.02.2019 12:00:00', 'dd.mm.yyyy hh24:mi:ss'), '290');
insert into OBJEDNAVKA_VYBAVENI (ID_OBJEDNAVKA_VYBAVENI, DATUM_A_CAS_OD, DATUM_A_CAS_DO, CENA) values (63, TO_DATE('20.02.2019 08:00:00', 'dd.mm.yyyy hh24:mi:ss'), TO_DATE('23.02.2019 17:00:00', 'dd.mm.yyyy hh24:mi:ss'), 150);
insert into OBJEDNAVKA_VYBAVENI (ID_OBJEDNAVKA_VYBAVENI, DATUM_A_CAS_OD, DATUM_A_CAS_DO, CENA) values (64, TO_DATE('28.12.2018 08:00:00', 'dd.mm.yyyy hh24:mi:ss'), TO_DATE('31.12.2018 16:00:00', 'dd.mm.yyyy hh24:mi:ss'), '380');
insert into OBJEDNAVKA_VYBAVENI (ID_OBJEDNAVKA_VYBAVENI, DATUM_A_CAS_OD, DATUM_A_CAS_DO, CENA) values (65, TO_DATE('23.01.2019 08:00:00', 'dd.mm.yyyy hh24:mi:ss'), TO_DATE('26.01.2019 16:00:00', 'dd.mm.yyyy hh24:mi:ss'), '330');
insert into OBJEDNAVKA_VYBAVENI (ID_OBJEDNAVKA_VYBAVENI, DATUM_A_CAS_OD, DATUM_A_CAS_DO, CENA) values (66, TO_DATE('12.01.2019 09:00:00', 'dd.mm.yyyy hh24:mi:ss'), TO_DATE('15.01.2019 14:00:00', 'dd.mm.yyyy hh24:mi:ss'), '300');
insert into OBJEDNAVKA_VYBAVENI (ID_OBJEDNAVKA_VYBAVENI, DATUM_A_CAS_OD, DATUM_A_CAS_DO, CENA) values (67, TO_DATE('03.03.2019 09:00:00', 'dd.mm.yyyy hh24:mi:ss'), TO_DATE('06.03.2019 15:00:00', 'dd.mm.yyyy hh24:mi:ss'), '370');
insert into OBJEDNAVKA_VYBAVENI (ID_OBJEDNAVKA_VYBAVENI, DATUM_A_CAS_OD, DATUM_A_CAS_DO, CENA) values (68, TO_DATE('27.01.2019 08:00:00', 'dd.mm.yyyy hh24:mi:ss'), TO_DATE('30.01.2019 15:00:00', 'dd.mm.yyyy hh24:mi:ss'), '330');
insert into OBJEDNAVKA_VYBAVENI (ID_OBJEDNAVKA_VYBAVENI, DATUM_A_CAS_OD, DATUM_A_CAS_DO, CENA) values (69, TO_DATE('10.01.2019 09:00:00', 'dd.mm.yyyy hh24:mi:ss'), TO_DATE('13.01.2019 12:00:00', 'dd.mm.yyyy hh24:mi:ss'), '230');
insert into OBJEDNAVKA_VYBAVENI (ID_OBJEDNAVKA_VYBAVENI, DATUM_A_CAS_OD, DATUM_A_CAS_DO, CENA) values (70, TO_DATE('27.12.2018 08:00:00', 'dd.mm.yyyy hh24:mi:ss'), TO_DATE('30.12.2018 14:00:00', 'dd.mm.yyyy hh24:mi:ss'), 190);
insert into OBJEDNAVKA_VYBAVENI (ID_OBJEDNAVKA_VYBAVENI, DATUM_A_CAS_OD, DATUM_A_CAS_DO, CENA) values (71, TO_DATE('31.12.2018 09:00:00', 'dd.mm.yyyy hh24:mi:ss'), TO_DATE('03.01.2019 18:00:00', 'dd.mm.yyyy hh24:mi:ss'), 130);
insert into OBJEDNAVKA_VYBAVENI (ID_OBJEDNAVKA_VYBAVENI, DATUM_A_CAS_OD, DATUM_A_CAS_DO, CENA) values (72, TO_DATE('12.01.2019 09:00:00', 'dd.mm.yyyy hh24:mi:ss'), TO_DATE('15.01.2019 10:00:00', 'dd.mm.yyyy hh24:mi:ss'), '250');
insert into OBJEDNAVKA_VYBAVENI (ID_OBJEDNAVKA_VYBAVENI, DATUM_A_CAS_OD, DATUM_A_CAS_DO, CENA) values (73, TO_DATE('01.01.2019 09:00:00', 'dd.mm.yyyy hh24:mi:ss'), TO_DATE('04.01.2019 18:00:00', 'dd.mm.yyyy hh24:mi:ss'), '360');
insert into OBJEDNAVKA_VYBAVENI (ID_OBJEDNAVKA_VYBAVENI, DATUM_A_CAS_OD, DATUM_A_CAS_DO, CENA) values (74, TO_DATE('24.01.2019 08:00:00', 'dd.mm.yyyy hh24:mi:ss'), TO_DATE('27.01.2019 13:00:00', 'dd.mm.yyyy hh24:mi:ss'), '360');
insert into OBJEDNAVKA_VYBAVENI (ID_OBJEDNAVKA_VYBAVENI, DATUM_A_CAS_OD, DATUM_A_CAS_DO, CENA) values (75, TO_DATE('05.01.2019 09:00:00', 'dd.mm.yyyy hh24:mi:ss'), TO_DATE('08.01.2019 11:00:00', 'dd.mm.yyyy hh24:mi:ss'), '390');
insert into OBJEDNAVKA_VYBAVENI (ID_OBJEDNAVKA_VYBAVENI, DATUM_A_CAS_OD, DATUM_A_CAS_DO, CENA) values (76, TO_DATE('14.01.2019 08:00:00', 'dd.mm.yyyy hh24:mi:ss'), TO_DATE('17.01.2019 14:00:00', 'dd.mm.yyyy hh24:mi:ss'), '290');
insert into OBJEDNAVKA_VYBAVENI (ID_OBJEDNAVKA_VYBAVENI, DATUM_A_CAS_OD, DATUM_A_CAS_DO, CENA) values (77, TO_DATE('21.02.2019 08:00:00', 'dd.mm.yyyy hh24:mi:ss'), TO_DATE('24.02.2019 10:00:00', 'dd.mm.yyyy hh24:mi:ss'), '390');
insert into OBJEDNAVKA_VYBAVENI (ID_OBJEDNAVKA_VYBAVENI, DATUM_A_CAS_OD, DATUM_A_CAS_DO, CENA) values (78, TO_DATE('24.02.2019 09:00:00', 'dd.mm.yyyy hh24:mi:ss'), TO_DATE('27.02.2019 12:00:00', 'dd.mm.yyyy hh24:mi:ss'), '380');
insert into OBJEDNAVKA_VYBAVENI (ID_OBJEDNAVKA_VYBAVENI, DATUM_A_CAS_OD, DATUM_A_CAS_DO, CENA) values (79, TO_DATE('02.01.2019 09:00:00', 'dd.mm.yyyy hh24:mi:ss'), TO_DATE('05.01.2019 10:00:00', 'dd.mm.yyyy hh24:mi:ss'), '380');
insert into OBJEDNAVKA_VYBAVENI (ID_OBJEDNAVKA_VYBAVENI, DATUM_A_CAS_OD, DATUM_A_CAS_DO, CENA) values (80, TO_DATE('17.02.2019 09:00:00', 'dd.mm.yyyy hh24:mi:ss'), TO_DATE('20.02.2019 14:00:00', 'dd.mm.yyyy hh24:mi:ss'), '390');
insert into OBJEDNAVKA_VYBAVENI (ID_OBJEDNAVKA_VYBAVENI, DATUM_A_CAS_OD, DATUM_A_CAS_DO, CENA) values (81, TO_DATE('13.03.2019 08:00:00', 'dd.mm.yyyy hh24:mi:ss'), TO_DATE('16.03.2019 10:00:00', 'dd.mm.yyyy hh24:mi:ss'), '240');
insert into OBJEDNAVKA_VYBAVENI (ID_OBJEDNAVKA_VYBAVENI, DATUM_A_CAS_OD, DATUM_A_CAS_DO, CENA) values (82, TO_DATE('07.02.2019 09:00:00', 'dd.mm.yyyy hh24:mi:ss'), TO_DATE('10.02.2019 10:00:00', 'dd.mm.yyyy hh24:mi:ss'), '340');
insert into OBJEDNAVKA_VYBAVENI (ID_OBJEDNAVKA_VYBAVENI, DATUM_A_CAS_OD, DATUM_A_CAS_DO, CENA) values (83, TO_DATE('18.02.2019 09:00:00', 'dd.mm.yyyy hh24:mi:ss'), TO_DATE('21.02.2019 19:00:00', 'dd.mm.yyyy hh24:mi:ss'), '340');
insert into OBJEDNAVKA_VYBAVENI (ID_OBJEDNAVKA_VYBAVENI, DATUM_A_CAS_OD, DATUM_A_CAS_DO, CENA) values (84, TO_DATE('08.02.2019 08:00:00', 'dd.mm.yyyy hh24:mi:ss'), TO_DATE('11.02.2019 16:00:00', 'dd.mm.yyyy hh24:mi:ss'), '340');
insert into OBJEDNAVKA_VYBAVENI (ID_OBJEDNAVKA_VYBAVENI, DATUM_A_CAS_OD, DATUM_A_CAS_DO, CENA) values (85, TO_DATE('30.01.2019 08:00:00', 'dd.mm.yyyy hh24:mi:ss'), TO_DATE('02.02.2019 12:00:00', 'dd.mm.yyyy hh24:mi:ss'), '340');
insert into OBJEDNAVKA_VYBAVENI (ID_OBJEDNAVKA_VYBAVENI, DATUM_A_CAS_OD, DATUM_A_CAS_DO, CENA) values (86, TO_DATE('26.01.2019 08:00:00', 'dd.mm.yyyy hh24:mi:ss'), TO_DATE('29.01.2019 11:00:00', 'dd.mm.yyyy hh24:mi:ss'), 140);
insert into OBJEDNAVKA_VYBAVENI (ID_OBJEDNAVKA_VYBAVENI, DATUM_A_CAS_OD, DATUM_A_CAS_DO, CENA) values (87, TO_DATE('07.02.2019 08:00:00', 'dd.mm.yyyy hh24:mi:ss'), TO_DATE('10.02.2019 17:00:00', 'dd.mm.yyyy hh24:mi:ss'), '260');
insert into OBJEDNAVKA_VYBAVENI (ID_OBJEDNAVKA_VYBAVENI, DATUM_A_CAS_OD, DATUM_A_CAS_DO, CENA) values (88, TO_DATE('25.02.2019 08:00:00', 'dd.mm.yyyy hh24:mi:ss'), TO_DATE('28.02.2019 10:00:00', 'dd.mm.yyyy hh24:mi:ss'), 150);
insert into OBJEDNAVKA_VYBAVENI (ID_OBJEDNAVKA_VYBAVENI, DATUM_A_CAS_OD, DATUM_A_CAS_DO, CENA) values (89, TO_DATE('19.02.2019 08:00:00', 'dd.mm.yyyy hh24:mi:ss'), TO_DATE('22.02.2019 11:00:00', 'dd.mm.yyyy hh24:mi:ss'), '320');
insert into OBJEDNAVKA_VYBAVENI (ID_OBJEDNAVKA_VYBAVENI, DATUM_A_CAS_OD, DATUM_A_CAS_DO, CENA) values (90, TO_DATE('12.02.2019 08:00:00', 'dd.mm.yyyy hh24:mi:ss'), TO_DATE('15.02.2019 16:00:00', 'dd.mm.yyyy hh24:mi:ss'), 170);
insert into OBJEDNAVKA_VYBAVENI (ID_OBJEDNAVKA_VYBAVENI, DATUM_A_CAS_OD, DATUM_A_CAS_DO, CENA) values (91, TO_DATE('17.02.2019 09:00:00', 'dd.mm.yyyy hh24:mi:ss'), TO_DATE('20.02.2019 11:00:00', 'dd.mm.yyyy hh24:mi:ss'), '260');
insert into OBJEDNAVKA_VYBAVENI (ID_OBJEDNAVKA_VYBAVENI, DATUM_A_CAS_OD, DATUM_A_CAS_DO, CENA) values (92, TO_DATE('10.03.2019 08:00:00', 'dd.mm.yyyy hh24:mi:ss'), TO_DATE('13.03.2019 12:00:00', 'dd.mm.yyyy hh24:mi:ss'), '270');
insert into OBJEDNAVKA_VYBAVENI (ID_OBJEDNAVKA_VYBAVENI, DATUM_A_CAS_OD, DATUM_A_CAS_DO, CENA) values (93, TO_DATE('13.01.2019 08:00:00', 'dd.mm.yyyy hh24:mi:ss'), TO_DATE('16.01.2019 16:00:00', 'dd.mm.yyyy hh24:mi:ss'), 170);
insert into OBJEDNAVKA_VYBAVENI (ID_OBJEDNAVKA_VYBAVENI, DATUM_A_CAS_OD, DATUM_A_CAS_DO, CENA) values (94, TO_DATE('24.02.2019 09:00:00', 'dd.mm.yyyy hh24:mi:ss'), TO_DATE('27.02.2019 13:00:00', 'dd.mm.yyyy hh24:mi:ss'), '380');
insert into OBJEDNAVKA_VYBAVENI (ID_OBJEDNAVKA_VYBAVENI, DATUM_A_CAS_OD, DATUM_A_CAS_DO, CENA) values (95, TO_DATE('01.03.2019 08:00:00', 'dd.mm.yyyy hh24:mi:ss'), TO_DATE('04.03.2019 18:00:00', 'dd.mm.yyyy hh24:mi:ss'), '380');
insert into OBJEDNAVKA_VYBAVENI (ID_OBJEDNAVKA_VYBAVENI, DATUM_A_CAS_OD, DATUM_A_CAS_DO, CENA) values (96, TO_DATE('10.02.2019 08:00:00', 'dd.mm.yyyy hh24:mi:ss'), TO_DATE('13.02.2019 19:00:00', 'dd.mm.yyyy hh24:mi:ss'), '350');
insert into OBJEDNAVKA_VYBAVENI (ID_OBJEDNAVKA_VYBAVENI, DATUM_A_CAS_OD, DATUM_A_CAS_DO, CENA) values (97, TO_DATE('20.02.2019 08:00:00', 'dd.mm.yyyy hh24:mi:ss'), TO_DATE('23.02.2019 16:00:00', 'dd.mm.yyyy hh24:mi:ss'), '320');
insert into OBJEDNAVKA_VYBAVENI (ID_OBJEDNAVKA_VYBAVENI, DATUM_A_CAS_OD, DATUM_A_CAS_DO, CENA) values (98, TO_DATE('09.02.2019 09:00:00', 'dd.mm.yyyy hh24:mi:ss'), TO_DATE('12.02.2019 19:00:00', 'dd.mm.yyyy hh24:mi:ss'), '390');
insert into OBJEDNAVKA_VYBAVENI (ID_OBJEDNAVKA_VYBAVENI, DATUM_A_CAS_OD, DATUM_A_CAS_DO, CENA) values (99, TO_DATE('05.01.2019 08:00:00', 'dd.mm.yyyy hh24:mi:ss'), TO_DATE('08.01.2019 15:00:00', 'dd.mm.yyyy hh24:mi:ss'), '360');
insert into OBJEDNAVKA_VYBAVENI (ID_OBJEDNAVKA_VYBAVENI, DATUM_A_CAS_OD, DATUM_A_CAS_DO, CENA) values (100, TO_DATE('28.02.2019 09:00:00', 'dd.mm.yyyy hh24:mi:ss'), TO_DATE('03.03.2019 17:00:00', 'dd.mm.yyyy hh24:mi:ss'), '320');




insert into OBJEDNAVKA_VYUKY (ID_OBJEDNAVKA_VYUKY, PREDMET_VYUKY, UROVEN, ZAKAZNIK_ID_ZAKAZNIK) values (1, 'Snowboard', 'Zacatecnik', 90);
insert into OBJEDNAVKA_VYUKY (ID_OBJEDNAVKA_VYUKY, PREDMET_VYUKY, UROVEN, ZAKAZNIK_ID_ZAKAZNIK) values (2, 'Snowboard', 'Zacatecnik', 94);
insert into OBJEDNAVKA_VYUKY (ID_OBJEDNAVKA_VYUKY, PREDMET_VYUKY, UROVEN, ZAKAZNIK_ID_ZAKAZNIK) values (3, 'Snowboard', 'Zacatecnik', 10);
insert into OBJEDNAVKA_VYUKY (ID_OBJEDNAVKA_VYUKY, PREDMET_VYUKY, UROVEN, ZAKAZNIK_ID_ZAKAZNIK) values (4, 'Snowboard', 'Expert', 21);
insert into OBJEDNAVKA_VYUKY (ID_OBJEDNAVKA_VYUKY, PREDMET_VYUKY, UROVEN, ZAKAZNIK_ID_ZAKAZNIK) values (5, 'Lyze', 'Zacatecnik', 53);
insert into OBJEDNAVKA_VYUKY (ID_OBJEDNAVKA_VYUKY, PREDMET_VYUKY, UROVEN, ZAKAZNIK_ID_ZAKAZNIK) values (6, 'Snowboard', 'Zacatecnik', 77);
insert into OBJEDNAVKA_VYUKY (ID_OBJEDNAVKA_VYUKY, PREDMET_VYUKY, UROVEN, ZAKAZNIK_ID_ZAKAZNIK) values (7, 'Lyze', 'Zacatecnik', 93);
insert into OBJEDNAVKA_VYUKY (ID_OBJEDNAVKA_VYUKY, PREDMET_VYUKY, UROVEN, ZAKAZNIK_ID_ZAKAZNIK) values (8, 'Lyze', 'Zacatecnik', 33);
insert into OBJEDNAVKA_VYUKY (ID_OBJEDNAVKA_VYUKY, PREDMET_VYUKY, UROVEN, ZAKAZNIK_ID_ZAKAZNIK) values (9, 'Lyze', 'Zacatecnik', 17);
insert into OBJEDNAVKA_VYUKY (ID_OBJEDNAVKA_VYUKY, PREDMET_VYUKY, UROVEN, ZAKAZNIK_ID_ZAKAZNIK) values (10, 'Lyze', 'Zacatecnik', 67);
insert into OBJEDNAVKA_VYUKY (ID_OBJEDNAVKA_VYUKY, PREDMET_VYUKY, UROVEN, ZAKAZNIK_ID_ZAKAZNIK) values (11, 'Lyze', 'Zacatecnik', 20);
insert into OBJEDNAVKA_VYUKY (ID_OBJEDNAVKA_VYUKY, PREDMET_VYUKY, UROVEN, ZAKAZNIK_ID_ZAKAZNIK) values (12, 'Snowboard', 'Zacatecnik', 53);
insert into OBJEDNAVKA_VYUKY (ID_OBJEDNAVKA_VYUKY, PREDMET_VYUKY, UROVEN, ZAKAZNIK_ID_ZAKAZNIK) values (13, 'Lyze', 'Zacatecnik', 20);
insert into OBJEDNAVKA_VYUKY (ID_OBJEDNAVKA_VYUKY, PREDMET_VYUKY, UROVEN, ZAKAZNIK_ID_ZAKAZNIK) values (14, 'Lyze', 'Pokrocily', 90);
insert into OBJEDNAVKA_VYUKY (ID_OBJEDNAVKA_VYUKY, PREDMET_VYUKY, UROVEN, ZAKAZNIK_ID_ZAKAZNIK) values (15, 'Lyze', 'Zacatecnik', 25);
insert into OBJEDNAVKA_VYUKY (ID_OBJEDNAVKA_VYUKY, PREDMET_VYUKY, UROVEN, ZAKAZNIK_ID_ZAKAZNIK) values (16, 'Lyze', 'Zacatecnik', 54);
insert into OBJEDNAVKA_VYUKY (ID_OBJEDNAVKA_VYUKY, PREDMET_VYUKY, UROVEN, ZAKAZNIK_ID_ZAKAZNIK) values (17, 'Lyze', 'Zacatecnik', 88);
insert into OBJEDNAVKA_VYUKY (ID_OBJEDNAVKA_VYUKY, PREDMET_VYUKY, UROVEN, ZAKAZNIK_ID_ZAKAZNIK) values (18, 'Lyze', 'Zacatecnik', 56);
insert into OBJEDNAVKA_VYUKY (ID_OBJEDNAVKA_VYUKY, PREDMET_VYUKY, UROVEN, ZAKAZNIK_ID_ZAKAZNIK) values (19, 'Lyze', 'Zacatecnik', 91);
insert into OBJEDNAVKA_VYUKY (ID_OBJEDNAVKA_VYUKY, PREDMET_VYUKY, UROVEN, ZAKAZNIK_ID_ZAKAZNIK) values (20, 'Lyze', 'Pokrocily', 40);
insert into OBJEDNAVKA_VYUKY (ID_OBJEDNAVKA_VYUKY, PREDMET_VYUKY, UROVEN, ZAKAZNIK_ID_ZAKAZNIK) values (21, 'Lyze', 'Zacatecnik', 27);
insert into OBJEDNAVKA_VYUKY (ID_OBJEDNAVKA_VYUKY, PREDMET_VYUKY, UROVEN, ZAKAZNIK_ID_ZAKAZNIK) values (22, 'Lyze', 'Zacatecnik', 38);
insert into OBJEDNAVKA_VYUKY (ID_OBJEDNAVKA_VYUKY, PREDMET_VYUKY, UROVEN, ZAKAZNIK_ID_ZAKAZNIK) values (23, 'Lyze', 'Zacatecnik', 73);
insert into OBJEDNAVKA_VYUKY (ID_OBJEDNAVKA_VYUKY, PREDMET_VYUKY, UROVEN, ZAKAZNIK_ID_ZAKAZNIK) values (24, 'Lyze', 'Zacatecnik', 48);
insert into OBJEDNAVKA_VYUKY (ID_OBJEDNAVKA_VYUKY, PREDMET_VYUKY, UROVEN, ZAKAZNIK_ID_ZAKAZNIK) values (25, 'Lyze', 'Pokrocily', 69);
insert into OBJEDNAVKA_VYUKY (ID_OBJEDNAVKA_VYUKY, PREDMET_VYUKY, UROVEN, ZAKAZNIK_ID_ZAKAZNIK) values (26, 'Lyze', 'Zacatecnik', 24);
insert into OBJEDNAVKA_VYUKY (ID_OBJEDNAVKA_VYUKY, PREDMET_VYUKY, UROVEN, ZAKAZNIK_ID_ZAKAZNIK) values (27, 'Lyze', 'Zacatecnik', 79);
insert into OBJEDNAVKA_VYUKY (ID_OBJEDNAVKA_VYUKY, PREDMET_VYUKY, UROVEN, ZAKAZNIK_ID_ZAKAZNIK) values (28, 'Lyze', 'Zacatecnik', 7);
insert into OBJEDNAVKA_VYUKY (ID_OBJEDNAVKA_VYUKY, PREDMET_VYUKY, UROVEN, ZAKAZNIK_ID_ZAKAZNIK) values (29, 'Lyze', 'Expert', 88);
insert into OBJEDNAVKA_VYUKY (ID_OBJEDNAVKA_VYUKY, PREDMET_VYUKY, UROVEN, ZAKAZNIK_ID_ZAKAZNIK) values (30, 'Lyze', 'Zacatecnik', 2);
insert into OBJEDNAVKA_VYUKY (ID_OBJEDNAVKA_VYUKY, PREDMET_VYUKY, UROVEN, ZAKAZNIK_ID_ZAKAZNIK) values (31, 'Lyze', 'Zacatecnik', 100);
insert into OBJEDNAVKA_VYUKY (ID_OBJEDNAVKA_VYUKY, PREDMET_VYUKY, UROVEN, ZAKAZNIK_ID_ZAKAZNIK) values (32, 'Lyze', 'Zacatecnik', 86);
insert into OBJEDNAVKA_VYUKY (ID_OBJEDNAVKA_VYUKY, PREDMET_VYUKY, UROVEN, ZAKAZNIK_ID_ZAKAZNIK) values (33, 'Snowboard', 'Pokrocily', 36);
insert into OBJEDNAVKA_VYUKY (ID_OBJEDNAVKA_VYUKY, PREDMET_VYUKY, UROVEN, ZAKAZNIK_ID_ZAKAZNIK) values (34, 'Lyze', 'Pokrocily', 57);
insert into OBJEDNAVKA_VYUKY (ID_OBJEDNAVKA_VYUKY, PREDMET_VYUKY, UROVEN, ZAKAZNIK_ID_ZAKAZNIK) values (35, 'Lyze', 'Expert', 61);
insert into OBJEDNAVKA_VYUKY (ID_OBJEDNAVKA_VYUKY, PREDMET_VYUKY, UROVEN, ZAKAZNIK_ID_ZAKAZNIK) values (36, 'Lyze', 'Zacatecnik', 1);
insert into OBJEDNAVKA_VYUKY (ID_OBJEDNAVKA_VYUKY, PREDMET_VYUKY, UROVEN, ZAKAZNIK_ID_ZAKAZNIK) values (37, 'Lyze', 'Zacatecnik', 67);
insert into OBJEDNAVKA_VYUKY (ID_OBJEDNAVKA_VYUKY, PREDMET_VYUKY, UROVEN, ZAKAZNIK_ID_ZAKAZNIK) values (38, 'Lyze', 'Zacatecnik', 98);
insert into OBJEDNAVKA_VYUKY (ID_OBJEDNAVKA_VYUKY, PREDMET_VYUKY, UROVEN, ZAKAZNIK_ID_ZAKAZNIK) values (39, 'Lyze', 'Zacatecnik', 94);
insert into OBJEDNAVKA_VYUKY (ID_OBJEDNAVKA_VYUKY, PREDMET_VYUKY, UROVEN, ZAKAZNIK_ID_ZAKAZNIK) values (40, 'Lyze', 'Pokrocily', 96);
insert into OBJEDNAVKA_VYUKY (ID_OBJEDNAVKA_VYUKY, PREDMET_VYUKY, UROVEN, ZAKAZNIK_ID_ZAKAZNIK) values (41, 'Lyze', 'Expert', 53);
insert into OBJEDNAVKA_VYUKY (ID_OBJEDNAVKA_VYUKY, PREDMET_VYUKY, UROVEN, ZAKAZNIK_ID_ZAKAZNIK) values (42, 'Lyze', 'Zacatecnik', 80);
insert into OBJEDNAVKA_VYUKY (ID_OBJEDNAVKA_VYUKY, PREDMET_VYUKY, UROVEN, ZAKAZNIK_ID_ZAKAZNIK) values (43, 'Lyze', 'Pokrocily', 34);
insert into OBJEDNAVKA_VYUKY (ID_OBJEDNAVKA_VYUKY, PREDMET_VYUKY, UROVEN, ZAKAZNIK_ID_ZAKAZNIK) values (44, 'Lyze', 'Zacatecnik', 16);
insert into OBJEDNAVKA_VYUKY (ID_OBJEDNAVKA_VYUKY, PREDMET_VYUKY, UROVEN, ZAKAZNIK_ID_ZAKAZNIK) values (45, 'Lyze', 'Pokrocily', 78);
insert into OBJEDNAVKA_VYUKY (ID_OBJEDNAVKA_VYUKY, PREDMET_VYUKY, UROVEN, ZAKAZNIK_ID_ZAKAZNIK) values (46, 'Lyze', 'Zacatecnik', 12);
insert into OBJEDNAVKA_VYUKY (ID_OBJEDNAVKA_VYUKY, PREDMET_VYUKY, UROVEN, ZAKAZNIK_ID_ZAKAZNIK) values (47, 'Lyze', 'Zacatecnik', 44);
insert into OBJEDNAVKA_VYUKY (ID_OBJEDNAVKA_VYUKY, PREDMET_VYUKY, UROVEN, ZAKAZNIK_ID_ZAKAZNIK) values (48, 'Lyze', 'Zacatecnik', 74);
insert into OBJEDNAVKA_VYUKY (ID_OBJEDNAVKA_VYUKY, PREDMET_VYUKY, UROVEN, ZAKAZNIK_ID_ZAKAZNIK) values (49, 'Lyze', 'Zacatecnik', 67);
insert into OBJEDNAVKA_VYUKY (ID_OBJEDNAVKA_VYUKY, PREDMET_VYUKY, UROVEN, ZAKAZNIK_ID_ZAKAZNIK) values (50, 'Lyze', 'Expert', 50);
insert into OBJEDNAVKA_VYUKY (ID_OBJEDNAVKA_VYUKY, PREDMET_VYUKY, UROVEN, ZAKAZNIK_ID_ZAKAZNIK) values (51, 'Lyze', 'Zacatecnik', 85);
insert into OBJEDNAVKA_VYUKY (ID_OBJEDNAVKA_VYUKY, PREDMET_VYUKY, UROVEN, ZAKAZNIK_ID_ZAKAZNIK) values (52, 'Lyze', 'Zacatecnik', 96);
insert into OBJEDNAVKA_VYUKY (ID_OBJEDNAVKA_VYUKY, PREDMET_VYUKY, UROVEN, ZAKAZNIK_ID_ZAKAZNIK) values (53, 'Lyze', 'Zacatecnik', 83);
insert into OBJEDNAVKA_VYUKY (ID_OBJEDNAVKA_VYUKY, PREDMET_VYUKY, UROVEN, ZAKAZNIK_ID_ZAKAZNIK) values (54, 'Lyze', 'Zacatecnik', 65);
insert into OBJEDNAVKA_VYUKY (ID_OBJEDNAVKA_VYUKY, PREDMET_VYUKY, UROVEN, ZAKAZNIK_ID_ZAKAZNIK) values (55, 'Lyze', 'Zacatecnik', 11);
insert into OBJEDNAVKA_VYUKY (ID_OBJEDNAVKA_VYUKY, PREDMET_VYUKY, UROVEN, ZAKAZNIK_ID_ZAKAZNIK) values (56, 'Lyze', 'Zacatecnik', 79);
insert into OBJEDNAVKA_VYUKY (ID_OBJEDNAVKA_VYUKY, PREDMET_VYUKY, UROVEN, ZAKAZNIK_ID_ZAKAZNIK) values (57, 'Lyze', 'Pokrocily', 4);
insert into OBJEDNAVKA_VYUKY (ID_OBJEDNAVKA_VYUKY, PREDMET_VYUKY, UROVEN, ZAKAZNIK_ID_ZAKAZNIK) values (58, 'Snowboard', 'Expert', 19);
insert into OBJEDNAVKA_VYUKY (ID_OBJEDNAVKA_VYUKY, PREDMET_VYUKY, UROVEN, ZAKAZNIK_ID_ZAKAZNIK) values (59, 'Lyze', 'Zacatecnik', 96);
insert into OBJEDNAVKA_VYUKY (ID_OBJEDNAVKA_VYUKY, PREDMET_VYUKY, UROVEN, ZAKAZNIK_ID_ZAKAZNIK) values (60, 'Lyze', 'Zacatecnik', 20);
insert into OBJEDNAVKA_VYUKY (ID_OBJEDNAVKA_VYUKY, PREDMET_VYUKY, UROVEN, ZAKAZNIK_ID_ZAKAZNIK) values (61, 'Lyze', 'Zacatecnik', 89);
insert into OBJEDNAVKA_VYUKY (ID_OBJEDNAVKA_VYUKY, PREDMET_VYUKY, UROVEN, ZAKAZNIK_ID_ZAKAZNIK) values (62, 'Lyze', 'Zacatecnik', 81);
insert into OBJEDNAVKA_VYUKY (ID_OBJEDNAVKA_VYUKY, PREDMET_VYUKY, UROVEN, ZAKAZNIK_ID_ZAKAZNIK) values (63, 'Lyze', 'Pokrocily', 22);
insert into OBJEDNAVKA_VYUKY (ID_OBJEDNAVKA_VYUKY, PREDMET_VYUKY, UROVEN, ZAKAZNIK_ID_ZAKAZNIK) values (64, 'Lyze', 'Expert', 92);
insert into OBJEDNAVKA_VYUKY (ID_OBJEDNAVKA_VYUKY, PREDMET_VYUKY, UROVEN, ZAKAZNIK_ID_ZAKAZNIK) values (65, 'Lyze', 'Zacatecnik', 97);
insert into OBJEDNAVKA_VYUKY (ID_OBJEDNAVKA_VYUKY, PREDMET_VYUKY, UROVEN, ZAKAZNIK_ID_ZAKAZNIK) values (66, 'Lyze', 'Zacatecnik', 40);
insert into OBJEDNAVKA_VYUKY (ID_OBJEDNAVKA_VYUKY, PREDMET_VYUKY, UROVEN, ZAKAZNIK_ID_ZAKAZNIK) values (67, 'Lyze', 'Zacatecnik', 15);
insert into OBJEDNAVKA_VYUKY (ID_OBJEDNAVKA_VYUKY, PREDMET_VYUKY, UROVEN, ZAKAZNIK_ID_ZAKAZNIK) values (68, 'Lyze', 'Zacatecnik', 65);
insert into OBJEDNAVKA_VYUKY (ID_OBJEDNAVKA_VYUKY, PREDMET_VYUKY, UROVEN, ZAKAZNIK_ID_ZAKAZNIK) values (69, 'Lyze', 'Zacatecnik', 13);
insert into OBJEDNAVKA_VYUKY (ID_OBJEDNAVKA_VYUKY, PREDMET_VYUKY, UROVEN, ZAKAZNIK_ID_ZAKAZNIK) values (70, 'Lyze', 'Pokrocily', 5);
insert into OBJEDNAVKA_VYUKY (ID_OBJEDNAVKA_VYUKY, PREDMET_VYUKY, UROVEN, ZAKAZNIK_ID_ZAKAZNIK) values (71, 'Lyze', 'Zacatecnik', 3);
insert into OBJEDNAVKA_VYUKY (ID_OBJEDNAVKA_VYUKY, PREDMET_VYUKY, UROVEN, ZAKAZNIK_ID_ZAKAZNIK) values (72, 'Lyze', 'Zacatecnik', 80);
insert into OBJEDNAVKA_VYUKY (ID_OBJEDNAVKA_VYUKY, PREDMET_VYUKY, UROVEN, ZAKAZNIK_ID_ZAKAZNIK) values (73, 'Lyze', 'Pokrocily', 4);
insert into OBJEDNAVKA_VYUKY (ID_OBJEDNAVKA_VYUKY, PREDMET_VYUKY, UROVEN, ZAKAZNIK_ID_ZAKAZNIK) values (74, 'Lyze', 'Zacatecnik', 30);
insert into OBJEDNAVKA_VYUKY (ID_OBJEDNAVKA_VYUKY, PREDMET_VYUKY, UROVEN, ZAKAZNIK_ID_ZAKAZNIK) values (75, 'Lyze', 'Expert', 52);
insert into OBJEDNAVKA_VYUKY (ID_OBJEDNAVKA_VYUKY, PREDMET_VYUKY, UROVEN, ZAKAZNIK_ID_ZAKAZNIK) values (76, 'Lyze', 'Zacatecnik', 57);
insert into OBJEDNAVKA_VYUKY (ID_OBJEDNAVKA_VYUKY, PREDMET_VYUKY, UROVEN, ZAKAZNIK_ID_ZAKAZNIK) values (77, 'Snowboard', 'Zacatecnik', 99);
insert into OBJEDNAVKA_VYUKY (ID_OBJEDNAVKA_VYUKY, PREDMET_VYUKY, UROVEN, ZAKAZNIK_ID_ZAKAZNIK) values (78, 'Lyze', 'Zacatecnik', 97);
insert into OBJEDNAVKA_VYUKY (ID_OBJEDNAVKA_VYUKY, PREDMET_VYUKY, UROVEN, ZAKAZNIK_ID_ZAKAZNIK) values (79, 'Lyze', 'Zacatecnik', 92);
insert into OBJEDNAVKA_VYUKY (ID_OBJEDNAVKA_VYUKY, PREDMET_VYUKY, UROVEN, ZAKAZNIK_ID_ZAKAZNIK) values (80, 'Lyze', 'Zacatecnik', 25);
insert into OBJEDNAVKA_VYUKY (ID_OBJEDNAVKA_VYUKY, PREDMET_VYUKY, UROVEN, ZAKAZNIK_ID_ZAKAZNIK) values (81, 'Lyze', 'Zacatecnik', 59);
insert into OBJEDNAVKA_VYUKY (ID_OBJEDNAVKA_VYUKY, PREDMET_VYUKY, UROVEN, ZAKAZNIK_ID_ZAKAZNIK) values (82, 'Lyze', 'Zacatecnik', 89);
insert into OBJEDNAVKA_VYUKY (ID_OBJEDNAVKA_VYUKY, PREDMET_VYUKY, UROVEN, ZAKAZNIK_ID_ZAKAZNIK) values (83, 'Lyze', 'Pokrocily', 46);
insert into OBJEDNAVKA_VYUKY (ID_OBJEDNAVKA_VYUKY, PREDMET_VYUKY, UROVEN, ZAKAZNIK_ID_ZAKAZNIK) values (84, 'Snowboard', 'Zacatecnik', 96);
insert into OBJEDNAVKA_VYUKY (ID_OBJEDNAVKA_VYUKY, PREDMET_VYUKY, UROVEN, ZAKAZNIK_ID_ZAKAZNIK) values (85, 'Lyze', 'Zacatecnik', 56);
insert into OBJEDNAVKA_VYUKY (ID_OBJEDNAVKA_VYUKY, PREDMET_VYUKY, UROVEN, ZAKAZNIK_ID_ZAKAZNIK) values (86, 'Lyze', 'Zacatecnik', 87);
insert into OBJEDNAVKA_VYUKY (ID_OBJEDNAVKA_VYUKY, PREDMET_VYUKY, UROVEN, ZAKAZNIK_ID_ZAKAZNIK) values (87, 'Lyze', 'Zacatecnik', 79);
insert into OBJEDNAVKA_VYUKY (ID_OBJEDNAVKA_VYUKY, PREDMET_VYUKY, UROVEN, ZAKAZNIK_ID_ZAKAZNIK) values (88, 'Lyze', 'Pokrocily', 86);
insert into OBJEDNAVKA_VYUKY (ID_OBJEDNAVKA_VYUKY, PREDMET_VYUKY, UROVEN, ZAKAZNIK_ID_ZAKAZNIK) values (89, 'Lyze', 'Zacatecnik', 4);
insert into OBJEDNAVKA_VYUKY (ID_OBJEDNAVKA_VYUKY, PREDMET_VYUKY, UROVEN, ZAKAZNIK_ID_ZAKAZNIK) values (90, 'Lyze', 'Expert', 100);
insert into OBJEDNAVKA_VYUKY (ID_OBJEDNAVKA_VYUKY, PREDMET_VYUKY, UROVEN, ZAKAZNIK_ID_ZAKAZNIK) values (91, 'Lyze', 'Zacatecnik', 31);
insert into OBJEDNAVKA_VYUKY (ID_OBJEDNAVKA_VYUKY, PREDMET_VYUKY, UROVEN, ZAKAZNIK_ID_ZAKAZNIK) values (92, 'Lyze', 'Zacatecnik', 44);
insert into OBJEDNAVKA_VYUKY (ID_OBJEDNAVKA_VYUKY, PREDMET_VYUKY, UROVEN, ZAKAZNIK_ID_ZAKAZNIK) values (93, 'Lyze', 'Pokrocily', 16);
insert into OBJEDNAVKA_VYUKY (ID_OBJEDNAVKA_VYUKY, PREDMET_VYUKY, UROVEN, ZAKAZNIK_ID_ZAKAZNIK) values (94, 'Lyze', 'Zacatecnik', 47);
insert into OBJEDNAVKA_VYUKY (ID_OBJEDNAVKA_VYUKY, PREDMET_VYUKY, UROVEN, ZAKAZNIK_ID_ZAKAZNIK) values (95, 'Snowboard', 'Zacatecnik', 90);
insert into OBJEDNAVKA_VYUKY (ID_OBJEDNAVKA_VYUKY, PREDMET_VYUKY, UROVEN, ZAKAZNIK_ID_ZAKAZNIK) values (96, 'Lyze', 'Zacatecnik', 28);
insert into OBJEDNAVKA_VYUKY (ID_OBJEDNAVKA_VYUKY, PREDMET_VYUKY, UROVEN, ZAKAZNIK_ID_ZAKAZNIK) values (97, 'Lyze', 'Pokrocily', 37);
insert into OBJEDNAVKA_VYUKY (ID_OBJEDNAVKA_VYUKY, PREDMET_VYUKY, UROVEN, ZAKAZNIK_ID_ZAKAZNIK) values (98, 'Lyze', 'Zacatecnik', 44);
insert into OBJEDNAVKA_VYUKY (ID_OBJEDNAVKA_VYUKY, PREDMET_VYUKY, UROVEN, ZAKAZNIK_ID_ZAKAZNIK) values (99, 'Lyze', 'Expert', 56);
insert into OBJEDNAVKA_VYUKY (ID_OBJEDNAVKA_VYUKY, PREDMET_VYUKY, UROVEN, ZAKAZNIK_ID_ZAKAZNIK) values (100, 'Snowboard', 'Pokrocily', 60);





insert into PRILBA (ID_PRILBA, ZNACKA, OBVOD_HLAVY_MIN, OBVOD_HLAVY_MAX) values (1, 'Uvex', 45, 55);
insert into PRILBA (ID_PRILBA, ZNACKA, OBVOD_HLAVY_MIN, OBVOD_HLAVY_MAX) values (2, 'Uvex', 50, 60);
insert into PRILBA (ID_PRILBA, ZNACKA, OBVOD_HLAVY_MIN, OBVOD_HLAVY_MAX) values (3, 'Uvex', 40, 50);
insert into PRILBA (ID_PRILBA, ZNACKA, OBVOD_HLAVY_MIN, OBVOD_HLAVY_MAX) values (4, 'Uvex', 50, 60);
insert into PRILBA (ID_PRILBA, ZNACKA, OBVOD_HLAVY_MIN, OBVOD_HLAVY_MAX) values (5, 'Uvex', 50, 60);
insert into PRILBA (ID_PRILBA, ZNACKA, OBVOD_HLAVY_MIN, OBVOD_HLAVY_MAX) values (6, 'Uvex', 40, 50);
insert into PRILBA (ID_PRILBA, ZNACKA, OBVOD_HLAVY_MIN, OBVOD_HLAVY_MAX) values (7, 'Uvex', 45, 55);
insert into PRILBA (ID_PRILBA, ZNACKA, OBVOD_HLAVY_MIN, OBVOD_HLAVY_MAX) values (8, 'Uvex', 50, 60);
insert into PRILBA (ID_PRILBA, ZNACKA, OBVOD_HLAVY_MIN, OBVOD_HLAVY_MAX) values (9, 'Uvex', 45, 55);
insert into PRILBA (ID_PRILBA, ZNACKA, OBVOD_HLAVY_MIN, OBVOD_HLAVY_MAX) values (10, 'Uvex', 45, 55);
insert into PRILBA (ID_PRILBA, ZNACKA, OBVOD_HLAVY_MIN, OBVOD_HLAVY_MAX) values (11, 'Uvex', 50, 60);
insert into PRILBA (ID_PRILBA, ZNACKA, OBVOD_HLAVY_MIN, OBVOD_HLAVY_MAX) values (12, 'Uvex', 60, 70);
insert into PRILBA (ID_PRILBA, ZNACKA, OBVOD_HLAVY_MIN, OBVOD_HLAVY_MAX) values (13, 'Uvex', 45, 55);
insert into PRILBA (ID_PRILBA, ZNACKA, OBVOD_HLAVY_MIN, OBVOD_HLAVY_MAX) values (14, 'Uvex', 45, 55);
insert into PRILBA (ID_PRILBA, ZNACKA, OBVOD_HLAVY_MIN, OBVOD_HLAVY_MAX) values (15, 'Uvex', 45, 55);
insert into PRILBA (ID_PRILBA, ZNACKA, OBVOD_HLAVY_MIN, OBVOD_HLAVY_MAX) values (16, 'Uvex', 55, 65);
insert into PRILBA (ID_PRILBA, ZNACKA, OBVOD_HLAVY_MIN, OBVOD_HLAVY_MAX) values (17, 'Uvex', 45, 55);
insert into PRILBA (ID_PRILBA, ZNACKA, OBVOD_HLAVY_MIN, OBVOD_HLAVY_MAX) values (18, 'Uvex', 45, 55);
insert into PRILBA (ID_PRILBA, ZNACKA, OBVOD_HLAVY_MIN, OBVOD_HLAVY_MAX) values (19, 'Uvex', 45, 55);
insert into PRILBA (ID_PRILBA, ZNACKA, OBVOD_HLAVY_MIN, OBVOD_HLAVY_MAX) values (20, 'Uvex', 35, 45);
insert into PRILBA (ID_PRILBA, ZNACKA, OBVOD_HLAVY_MIN, OBVOD_HLAVY_MAX) values (21, 'Uvex', 45, 55);
insert into PRILBA (ID_PRILBA, ZNACKA, OBVOD_HLAVY_MIN, OBVOD_HLAVY_MAX) values (22, 'Uvex', 45, 55);
insert into PRILBA (ID_PRILBA, ZNACKA, OBVOD_HLAVY_MIN, OBVOD_HLAVY_MAX) values (23, 'Uvex', 55, 65);
insert into PRILBA (ID_PRILBA, ZNACKA, OBVOD_HLAVY_MIN, OBVOD_HLAVY_MAX) values (24, 'Uvex', 55, 65);
insert into PRILBA (ID_PRILBA, ZNACKA, OBVOD_HLAVY_MIN, OBVOD_HLAVY_MAX) values (25, 'Uvex', 55, 65);
insert into PRILBA (ID_PRILBA, ZNACKA, OBVOD_HLAVY_MIN, OBVOD_HLAVY_MAX) values (26, 'Uvex', 35, 45);
insert into PRILBA (ID_PRILBA, ZNACKA, OBVOD_HLAVY_MIN, OBVOD_HLAVY_MAX) values (27, 'Uvex', 55, 65);
insert into PRILBA (ID_PRILBA, ZNACKA, OBVOD_HLAVY_MIN, OBVOD_HLAVY_MAX) values (28, 'Uvex', 45, 55);
insert into PRILBA (ID_PRILBA, ZNACKA, OBVOD_HLAVY_MIN, OBVOD_HLAVY_MAX) values (29, 'Uvex', 55, 65);
insert into PRILBA (ID_PRILBA, ZNACKA, OBVOD_HLAVY_MIN, OBVOD_HLAVY_MAX) values (30, 'Uvex', 35, 45);
insert into PRILBA (ID_PRILBA, ZNACKA, OBVOD_HLAVY_MIN, OBVOD_HLAVY_MAX) values (31, 'Uvex', 45, 55);
insert into PRILBA (ID_PRILBA, ZNACKA, OBVOD_HLAVY_MIN, OBVOD_HLAVY_MAX) values (32, 'Uvex', 45, 55);
insert into PRILBA (ID_PRILBA, ZNACKA, OBVOD_HLAVY_MIN, OBVOD_HLAVY_MAX) values (33, 'Uvex', 40, 50);
insert into PRILBA (ID_PRILBA, ZNACKA, OBVOD_HLAVY_MIN, OBVOD_HLAVY_MAX) values (34, 'Uvex', 45, 55);
insert into PRILBA (ID_PRILBA, ZNACKA, OBVOD_HLAVY_MIN, OBVOD_HLAVY_MAX) values (35, 'Uvex', 55, 65);
insert into PRILBA (ID_PRILBA, ZNACKA, OBVOD_HLAVY_MIN, OBVOD_HLAVY_MAX) values (36, 'Uvex', 45, 55);
insert into PRILBA (ID_PRILBA, ZNACKA, OBVOD_HLAVY_MIN, OBVOD_HLAVY_MAX) values (37, 'Uvex', 55, 65);
insert into PRILBA (ID_PRILBA, ZNACKA, OBVOD_HLAVY_MIN, OBVOD_HLAVY_MAX) values (38, 'Uvex', 55, 65);
insert into PRILBA (ID_PRILBA, ZNACKA, OBVOD_HLAVY_MIN, OBVOD_HLAVY_MAX) values (39, 'Uvex', 45, 55);
insert into PRILBA (ID_PRILBA, ZNACKA, OBVOD_HLAVY_MIN, OBVOD_HLAVY_MAX) values (40, 'Uvex', 40, 50);
insert into PRILBA (ID_PRILBA, ZNACKA, OBVOD_HLAVY_MIN, OBVOD_HLAVY_MAX) values (41, 'Uvex', 45, 55);
insert into PRILBA (ID_PRILBA, ZNACKA, OBVOD_HLAVY_MIN, OBVOD_HLAVY_MAX) values (42, 'Uvex', 45, 55);
insert into PRILBA (ID_PRILBA, ZNACKA, OBVOD_HLAVY_MIN, OBVOD_HLAVY_MAX) values (43, 'Uvex', 35, 45);
insert into PRILBA (ID_PRILBA, ZNACKA, OBVOD_HLAVY_MIN, OBVOD_HLAVY_MAX) values (44, 'Uvex', 55, 65);
insert into PRILBA (ID_PRILBA, ZNACKA, OBVOD_HLAVY_MIN, OBVOD_HLAVY_MAX) values (45, 'Uvex', 35, 45);
insert into PRILBA (ID_PRILBA, ZNACKA, OBVOD_HLAVY_MIN, OBVOD_HLAVY_MAX) values (46, 'Uvex', 45, 55);
insert into PRILBA (ID_PRILBA, ZNACKA, OBVOD_HLAVY_MIN, OBVOD_HLAVY_MAX) values (47, 'Uvex', 40, 50);
insert into PRILBA (ID_PRILBA, ZNACKA, OBVOD_HLAVY_MIN, OBVOD_HLAVY_MAX) values (48, 'Uvex', 45, 55);
insert into PRILBA (ID_PRILBA, ZNACKA, OBVOD_HLAVY_MIN, OBVOD_HLAVY_MAX) values (49, 'Uvex', 40, 50);
insert into PRILBA (ID_PRILBA, ZNACKA, OBVOD_HLAVY_MIN, OBVOD_HLAVY_MAX) values (50, 'Uvex', 45, 55);
insert into PRILBA (ID_PRILBA, ZNACKA, OBVOD_HLAVY_MIN, OBVOD_HLAVY_MAX) values (51, 'Poc', 45, 55);
insert into PRILBA (ID_PRILBA, ZNACKA, OBVOD_HLAVY_MIN, OBVOD_HLAVY_MAX) values (52, 'Poc', 45, 55);
insert into PRILBA (ID_PRILBA, ZNACKA, OBVOD_HLAVY_MIN, OBVOD_HLAVY_MAX) values (53, 'Poc', 45, 55);
insert into PRILBA (ID_PRILBA, ZNACKA, OBVOD_HLAVY_MIN, OBVOD_HLAVY_MAX) values (54, 'Poc', 45, 55);
insert into PRILBA (ID_PRILBA, ZNACKA, OBVOD_HLAVY_MIN, OBVOD_HLAVY_MAX) values (55, 'Poc', 45, 55);
insert into PRILBA (ID_PRILBA, ZNACKA, OBVOD_HLAVY_MIN, OBVOD_HLAVY_MAX) values (56, 'Poc', 55, 65);
insert into PRILBA (ID_PRILBA, ZNACKA, OBVOD_HLAVY_MIN, OBVOD_HLAVY_MAX) values (57, 'Poc', 55, 65);
insert into PRILBA (ID_PRILBA, ZNACKA, OBVOD_HLAVY_MIN, OBVOD_HLAVY_MAX) values (58, 'Poc', 45, 55);
insert into PRILBA (ID_PRILBA, ZNACKA, OBVOD_HLAVY_MIN, OBVOD_HLAVY_MAX) values (59, 'Poc', 45, 55);
insert into PRILBA (ID_PRILBA, ZNACKA, OBVOD_HLAVY_MIN, OBVOD_HLAVY_MAX) values (60, 'Poc', 40, 50);
insert into PRILBA (ID_PRILBA, ZNACKA, OBVOD_HLAVY_MIN, OBVOD_HLAVY_MAX) values (61, 'Poc', 45, 55);
insert into PRILBA (ID_PRILBA, ZNACKA, OBVOD_HLAVY_MIN, OBVOD_HLAVY_MAX) values (62, 'Poc', 55, 65);
insert into PRILBA (ID_PRILBA, ZNACKA, OBVOD_HLAVY_MIN, OBVOD_HLAVY_MAX) values (63, 'Poc', 40, 50);
insert into PRILBA (ID_PRILBA, ZNACKA, OBVOD_HLAVY_MIN, OBVOD_HLAVY_MAX) values (64, 'Poc', 60, 70);
insert into PRILBA (ID_PRILBA, ZNACKA, OBVOD_HLAVY_MIN, OBVOD_HLAVY_MAX) values (65, 'Poc', 45, 55);
insert into PRILBA (ID_PRILBA, ZNACKA, OBVOD_HLAVY_MIN, OBVOD_HLAVY_MAX) values (66, 'Poc', 40, 50);
insert into PRILBA (ID_PRILBA, ZNACKA, OBVOD_HLAVY_MIN, OBVOD_HLAVY_MAX) values (67, 'Poc', 35, 45);
insert into PRILBA (ID_PRILBA, ZNACKA, OBVOD_HLAVY_MIN, OBVOD_HLAVY_MAX) values (68, 'Poc', 35, 45);
insert into PRILBA (ID_PRILBA, ZNACKA, OBVOD_HLAVY_MIN, OBVOD_HLAVY_MAX) values (69, 'Poc', 60, 70);
insert into PRILBA (ID_PRILBA, ZNACKA, OBVOD_HLAVY_MIN, OBVOD_HLAVY_MAX) values (70, 'Poc', 35, 45);
insert into PRILBA (ID_PRILBA, ZNACKA, OBVOD_HLAVY_MIN, OBVOD_HLAVY_MAX) values (71, 'Poc', 45, 55);
insert into PRILBA (ID_PRILBA, ZNACKA, OBVOD_HLAVY_MIN, OBVOD_HLAVY_MAX) values (72, 'Poc', 45, 55);
insert into PRILBA (ID_PRILBA, ZNACKA, OBVOD_HLAVY_MIN, OBVOD_HLAVY_MAX) values (73, 'Poc', 35, 45);
insert into PRILBA (ID_PRILBA, ZNACKA, OBVOD_HLAVY_MIN, OBVOD_HLAVY_MAX) values (74, 'Poc', 45, 55);
insert into PRILBA (ID_PRILBA, ZNACKA, OBVOD_HLAVY_MIN, OBVOD_HLAVY_MAX) values (75, 'Poc', 55, 65);
insert into PRILBA (ID_PRILBA, ZNACKA, OBVOD_HLAVY_MIN, OBVOD_HLAVY_MAX) values (76, 'Poc', 55, 65);
insert into PRILBA (ID_PRILBA, ZNACKA, OBVOD_HLAVY_MIN, OBVOD_HLAVY_MAX) values (77, 'Poc', 35, 45);
insert into PRILBA (ID_PRILBA, ZNACKA, OBVOD_HLAVY_MIN, OBVOD_HLAVY_MAX) values (78, 'Poc', 35, 45);
insert into PRILBA (ID_PRILBA, ZNACKA, OBVOD_HLAVY_MIN, OBVOD_HLAVY_MAX) values (79, 'Poc', 55, 65);
insert into PRILBA (ID_PRILBA, ZNACKA, OBVOD_HLAVY_MIN, OBVOD_HLAVY_MAX) values (80, 'Poc', 40, 50);
insert into PRILBA (ID_PRILBA, ZNACKA, OBVOD_HLAVY_MIN, OBVOD_HLAVY_MAX) values (81, 'Poc', 45, 55);
insert into PRILBA (ID_PRILBA, ZNACKA, OBVOD_HLAVY_MIN, OBVOD_HLAVY_MAX) values (82, 'Poc', 40, 50);
insert into PRILBA (ID_PRILBA, ZNACKA, OBVOD_HLAVY_MIN, OBVOD_HLAVY_MAX) values (83, 'Poc', 35, 45);
insert into PRILBA (ID_PRILBA, ZNACKA, OBVOD_HLAVY_MIN, OBVOD_HLAVY_MAX) values (84, 'Poc', 35, 45);
insert into PRILBA (ID_PRILBA, ZNACKA, OBVOD_HLAVY_MIN, OBVOD_HLAVY_MAX) values (85, 'Poc', 45, 55);
insert into PRILBA (ID_PRILBA, ZNACKA, OBVOD_HLAVY_MIN, OBVOD_HLAVY_MAX) values (86, 'Poc', 45, 55);
insert into PRILBA (ID_PRILBA, ZNACKA, OBVOD_HLAVY_MIN, OBVOD_HLAVY_MAX) values (87, 'Poc', 60, 70);
insert into PRILBA (ID_PRILBA, ZNACKA, OBVOD_HLAVY_MIN, OBVOD_HLAVY_MAX) values (88, 'Poc', 45, 55);
insert into PRILBA (ID_PRILBA, ZNACKA, OBVOD_HLAVY_MIN, OBVOD_HLAVY_MAX) values (89, 'Poc', 45, 55);
insert into PRILBA (ID_PRILBA, ZNACKA, OBVOD_HLAVY_MIN, OBVOD_HLAVY_MAX) values (90, 'Poc', 45, 55);
insert into PRILBA (ID_PRILBA, ZNACKA, OBVOD_HLAVY_MIN, OBVOD_HLAVY_MAX) values (91, 'Poc', 35, 45);
insert into PRILBA (ID_PRILBA, ZNACKA, OBVOD_HLAVY_MIN, OBVOD_HLAVY_MAX) values (92, 'Poc', 45, 55);
insert into PRILBA (ID_PRILBA, ZNACKA, OBVOD_HLAVY_MIN, OBVOD_HLAVY_MAX) values (93, 'Poc', 45, 55);
insert into PRILBA (ID_PRILBA, ZNACKA, OBVOD_HLAVY_MIN, OBVOD_HLAVY_MAX) values (94, 'Poc', 35, 45);
insert into PRILBA (ID_PRILBA, ZNACKA, OBVOD_HLAVY_MIN, OBVOD_HLAVY_MAX) values (95, 'Poc', 40, 50);
insert into PRILBA (ID_PRILBA, ZNACKA, OBVOD_HLAVY_MIN, OBVOD_HLAVY_MAX) values (96, 'Poc', 40, 50);
insert into PRILBA (ID_PRILBA, ZNACKA, OBVOD_HLAVY_MIN, OBVOD_HLAVY_MAX) values (97, 'Poc', 60, 70);
insert into PRILBA (ID_PRILBA, ZNACKA, OBVOD_HLAVY_MIN, OBVOD_HLAVY_MAX) values (98, 'Poc', 45, 55);
insert into PRILBA (ID_PRILBA, ZNACKA, OBVOD_HLAVY_MIN, OBVOD_HLAVY_MAX) values (99, 'Poc', 35, 45);
insert into PRILBA (ID_PRILBA, ZNACKA, OBVOD_HLAVY_MIN, OBVOD_HLAVY_MAX) values (100, 'Poc', 55, 65);




insert into SNOWBOARD (ID_SNOWBOARD, ZNACKA, MODEL, DELKA, TYP_PROHNUTI) values (1, 'Burton', '77JR', 155, 'C');
insert into SNOWBOARD (ID_SNOWBOARD, ZNACKA, MODEL, DELKA, TYP_PROHNUTI) values (2, 'Burton', '79JJ', 115, 'B');
insert into SNOWBOARD (ID_SNOWBOARD, ZNACKA, MODEL, DELKA, TYP_PROHNUTI) values (3, 'Burton', '98RR', 165, 'C');
insert into SNOWBOARD (ID_SNOWBOARD, ZNACKA, MODEL, DELKA, TYP_PROHNUTI) values (4, 'Burton', '79JJ', 175, 'B');
insert into SNOWBOARD (ID_SNOWBOARD, ZNACKA, MODEL, DELKA, TYP_PROHNUTI) values (5, 'Burton', '77JJ', 150, 'A');
insert into SNOWBOARD (ID_SNOWBOARD, ZNACKA, MODEL, DELKA, TYP_PROHNUTI) values (6, 'Burton', '77JJ', 140, 'A');
insert into SNOWBOARD (ID_SNOWBOARD, ZNACKA, MODEL, DELKA, TYP_PROHNUTI) values (7, 'Burton', '78TT', 155, 'C');
insert into SNOWBOARD (ID_SNOWBOARD, ZNACKA, MODEL, DELKA, TYP_PROHNUTI) values (8, 'Burton', '99TJ', 155, 'C');
insert into SNOWBOARD (ID_SNOWBOARD, ZNACKA, MODEL, DELKA, TYP_PROHNUTI) values (9, 'Burton', '89RJ', 120, 'C');
insert into SNOWBOARD (ID_SNOWBOARD, ZNACKA, MODEL, DELKA, TYP_PROHNUTI) values (10, 'Burton', '79TR', 125, 'C');
insert into SNOWBOARD (ID_SNOWBOARD, ZNACKA, MODEL, DELKA, TYP_PROHNUTI) values (11, 'Burton', '79JR', 155, 'B');
insert into SNOWBOARD (ID_SNOWBOARD, ZNACKA, MODEL, DELKA, TYP_PROHNUTI) values (12, 'Burton', '99TT', 170, 'A');
insert into SNOWBOARD (ID_SNOWBOARD, ZNACKA, MODEL, DELKA, TYP_PROHNUTI) values (13, 'Burton', '87JJ', 135, 'C');
insert into SNOWBOARD (ID_SNOWBOARD, ZNACKA, MODEL, DELKA, TYP_PROHNUTI) values (14, 'Burton', '79TT', 140, 'C');
insert into SNOWBOARD (ID_SNOWBOARD, ZNACKA, MODEL, DELKA, TYP_PROHNUTI) values (15, 'Burton', '77RJ', 170, 'C');
insert into SNOWBOARD (ID_SNOWBOARD, ZNACKA, MODEL, DELKA, TYP_PROHNUTI) values (16, 'Burton', '77TJ', 160, 'C');
insert into SNOWBOARD (ID_SNOWBOARD, ZNACKA, MODEL, DELKA, TYP_PROHNUTI) values (17, 'Burton', '97JT', 110, 'C');
insert into SNOWBOARD (ID_SNOWBOARD, ZNACKA, MODEL, DELKA, TYP_PROHNUTI) values (18, 'Burton', '88TJ', 165, 'A');
insert into SNOWBOARD (ID_SNOWBOARD, ZNACKA, MODEL, DELKA, TYP_PROHNUTI) values (19, 'Burton', '87RJ', 165, 'B');
insert into SNOWBOARD (ID_SNOWBOARD, ZNACKA, MODEL, DELKA, TYP_PROHNUTI) values (20, 'Burton', '97JJ', 175, 'B');
insert into SNOWBOARD (ID_SNOWBOARD, ZNACKA, MODEL, DELKA, TYP_PROHNUTI) values (21, 'Burton', '88RT', 140, 'A');
insert into SNOWBOARD (ID_SNOWBOARD, ZNACKA, MODEL, DELKA, TYP_PROHNUTI) values (22, 'Burton', '77RT', 120, 'A');
insert into SNOWBOARD (ID_SNOWBOARD, ZNACKA, MODEL, DELKA, TYP_PROHNUTI) values (23, 'Burton', '87JJ', 175, 'A');
insert into SNOWBOARD (ID_SNOWBOARD, ZNACKA, MODEL, DELKA, TYP_PROHNUTI) values (24, 'Burton', '97TJ', 115, 'C');
insert into SNOWBOARD (ID_SNOWBOARD, ZNACKA, MODEL, DELKA, TYP_PROHNUTI) values (25, 'Burton', '79RJ', 170, 'C');
insert into SNOWBOARD (ID_SNOWBOARD, ZNACKA, MODEL, DELKA, TYP_PROHNUTI) values (26, 'Burton', '79JJ', 165, 'C');
insert into SNOWBOARD (ID_SNOWBOARD, ZNACKA, MODEL, DELKA, TYP_PROHNUTI) values (27, 'Burton', '97JR', 120, 'C');
insert into SNOWBOARD (ID_SNOWBOARD, ZNACKA, MODEL, DELKA, TYP_PROHNUTI) values (28, 'Burton', '77TJ', 150, 'C');
insert into SNOWBOARD (ID_SNOWBOARD, ZNACKA, MODEL, DELKA, TYP_PROHNUTI) values (29, 'Burton', '87TJ', 100, 'B');
insert into SNOWBOARD (ID_SNOWBOARD, ZNACKA, MODEL, DELKA, TYP_PROHNUTI) values (30, 'Burton', '97JJ', 140, 'B');
insert into SNOWBOARD (ID_SNOWBOARD, ZNACKA, MODEL, DELKA, TYP_PROHNUTI) values (31, 'Burton', '88JJ', 105, 'C');
insert into SNOWBOARD (ID_SNOWBOARD, ZNACKA, MODEL, DELKA, TYP_PROHNUTI) values (32, 'Burton', '87JR', 145, 'C');
insert into SNOWBOARD (ID_SNOWBOARD, ZNACKA, MODEL, DELKA, TYP_PROHNUTI) values (33, 'Burton', '78RJ', 130, 'A');
insert into SNOWBOARD (ID_SNOWBOARD, ZNACKA, MODEL, DELKA, TYP_PROHNUTI) values (34, 'Burton', '87JT', 170, 'C');
insert into SNOWBOARD (ID_SNOWBOARD, ZNACKA, MODEL, DELKA, TYP_PROHNUTI) values (35, 'Burton', '97JJ', 155, 'A');
insert into SNOWBOARD (ID_SNOWBOARD, ZNACKA, MODEL, DELKA, TYP_PROHNUTI) values (36, 'Burton', '79JT', 125, 'A');
insert into SNOWBOARD (ID_SNOWBOARD, ZNACKA, MODEL, DELKA, TYP_PROHNUTI) values (37, 'Burton', '87JT', 175, 'A');
insert into SNOWBOARD (ID_SNOWBOARD, ZNACKA, MODEL, DELKA, TYP_PROHNUTI) values (38, 'Burton', '79RJ', 140, 'C');
insert into SNOWBOARD (ID_SNOWBOARD, ZNACKA, MODEL, DELKA, TYP_PROHNUTI) values (39, 'Burton', '78RT', 100, 'C');
insert into SNOWBOARD (ID_SNOWBOARD, ZNACKA, MODEL, DELKA, TYP_PROHNUTI) values (40, 'Burton', '97JT', 100, 'B');
insert into SNOWBOARD (ID_SNOWBOARD, ZNACKA, MODEL, DELKA, TYP_PROHNUTI) values (41, 'Burton', '87JJ', 155, 'C');
insert into SNOWBOARD (ID_SNOWBOARD, ZNACKA, MODEL, DELKA, TYP_PROHNUTI) values (42, 'Burton', '79JJ', 180, 'C');
insert into SNOWBOARD (ID_SNOWBOARD, ZNACKA, MODEL, DELKA, TYP_PROHNUTI) values (43, 'Burton', '78JJ', 165, 'B');
insert into SNOWBOARD (ID_SNOWBOARD, ZNACKA, MODEL, DELKA, TYP_PROHNUTI) values (44, 'Burton', '97RJ', 105, 'C');
insert into SNOWBOARD (ID_SNOWBOARD, ZNACKA, MODEL, DELKA, TYP_PROHNUTI) values (45, 'Burton', '99RR', 150, 'B');
insert into SNOWBOARD (ID_SNOWBOARD, ZNACKA, MODEL, DELKA, TYP_PROHNUTI) values (46, 'Burton', '79JJ', 150, 'C');
insert into SNOWBOARD (ID_SNOWBOARD, ZNACKA, MODEL, DELKA, TYP_PROHNUTI) values (47, 'Burton', '78RT', 110, 'A');
insert into SNOWBOARD (ID_SNOWBOARD, ZNACKA, MODEL, DELKA, TYP_PROHNUTI) values (48, 'Burton', '89RT', 110, 'A');
insert into SNOWBOARD (ID_SNOWBOARD, ZNACKA, MODEL, DELKA, TYP_PROHNUTI) values (49, 'Burton', '77RT', 140, 'C');
insert into SNOWBOARD (ID_SNOWBOARD, ZNACKA, MODEL, DELKA, TYP_PROHNUTI) values (50, 'Burton', '87TT', 175, 'B');
insert into SNOWBOARD (ID_SNOWBOARD, ZNACKA, MODEL, DELKA, TYP_PROHNUTI) values (51, 'Nitro', '79IN', 150, 'C');
insert into SNOWBOARD (ID_SNOWBOARD, ZNACKA, MODEL, DELKA, TYP_PROHNUTI) values (52, 'Nitro', '77TT', 130, 'A');
insert into SNOWBOARD (ID_SNOWBOARD, ZNACKA, MODEL, DELKA, TYP_PROHNUTI) values (53, 'Nitro', '99NI', 130, 'C');
insert into SNOWBOARD (ID_SNOWBOARD, ZNACKA, MODEL, DELKA, TYP_PROHNUTI) values (54, 'Nitro', '78TT', 135, 'A');
insert into SNOWBOARD (ID_SNOWBOARD, ZNACKA, MODEL, DELKA, TYP_PROHNUTI) values (55, 'Nitro', '89NT', 115, 'C');
insert into SNOWBOARD (ID_SNOWBOARD, ZNACKA, MODEL, DELKA, TYP_PROHNUTI) values (56, 'Nitro', '98TN', 140, 'C');
insert into SNOWBOARD (ID_SNOWBOARD, ZNACKA, MODEL, DELKA, TYP_PROHNUTI) values (57, 'Nitro', '78IT', 175, 'B');
insert into SNOWBOARD (ID_SNOWBOARD, ZNACKA, MODEL, DELKA, TYP_PROHNUTI) values (58, 'Nitro', '77IT', 120, 'B');
insert into SNOWBOARD (ID_SNOWBOARD, ZNACKA, MODEL, DELKA, TYP_PROHNUTI) values (59, 'Nitro', '77IN', 145, 'C');
insert into SNOWBOARD (ID_SNOWBOARD, ZNACKA, MODEL, DELKA, TYP_PROHNUTI) values (60, 'Nitro', '77TT', 165, 'A');
insert into SNOWBOARD (ID_SNOWBOARD, ZNACKA, MODEL, DELKA, TYP_PROHNUTI) values (61, 'Nitro', '97TN', 140, 'C');
insert into SNOWBOARD (ID_SNOWBOARD, ZNACKA, MODEL, DELKA, TYP_PROHNUTI) values (62, 'Nitro', '78NT', 140, 'C');
insert into SNOWBOARD (ID_SNOWBOARD, ZNACKA, MODEL, DELKA, TYP_PROHNUTI) values (63, 'Nitro', '77TI', 160, 'C');
insert into SNOWBOARD (ID_SNOWBOARD, ZNACKA, MODEL, DELKA, TYP_PROHNUTI) values (64, 'Nitro', '77IT', 100, 'C');
insert into SNOWBOARD (ID_SNOWBOARD, ZNACKA, MODEL, DELKA, TYP_PROHNUTI) values (65, 'Nitro', '79NT', 170, 'C');
insert into SNOWBOARD (ID_SNOWBOARD, ZNACKA, MODEL, DELKA, TYP_PROHNUTI) values (66, 'Nitro', '77TT', 145, 'C');
insert into SNOWBOARD (ID_SNOWBOARD, ZNACKA, MODEL, DELKA, TYP_PROHNUTI) values (67, 'Nitro', '77TN', 105, 'B');
insert into SNOWBOARD (ID_SNOWBOARD, ZNACKA, MODEL, DELKA, TYP_PROHNUTI) values (68, 'Nitro', '79TI', 165, 'C');
insert into SNOWBOARD (ID_SNOWBOARD, ZNACKA, MODEL, DELKA, TYP_PROHNUTI) values (69, 'Nitro', '87TN', 165, 'A');
insert into SNOWBOARD (ID_SNOWBOARD, ZNACKA, MODEL, DELKA, TYP_PROHNUTI) values (70, 'Nitro', '79IN', 160, 'A');
insert into SNOWBOARD (ID_SNOWBOARD, ZNACKA, MODEL, DELKA, TYP_PROHNUTI) values (71, 'Nitro', '87NN', 165, 'C');
insert into SNOWBOARD (ID_SNOWBOARD, ZNACKA, MODEL, DELKA, TYP_PROHNUTI) values (72, 'Nitro', '97TI', 160, 'B');
insert into SNOWBOARD (ID_SNOWBOARD, ZNACKA, MODEL, DELKA, TYP_PROHNUTI) values (73, 'Nitro', '77TT', 145, 'C');
insert into SNOWBOARD (ID_SNOWBOARD, ZNACKA, MODEL, DELKA, TYP_PROHNUTI) values (74, 'Nitro', '97TT', 115, 'C');
insert into SNOWBOARD (ID_SNOWBOARD, ZNACKA, MODEL, DELKA, TYP_PROHNUTI) values (75, 'Nitro', '77TI', 150, 'C');
insert into SNOWBOARD (ID_SNOWBOARD, ZNACKA, MODEL, DELKA, TYP_PROHNUTI) values (76, 'Nitro', '79NN', 105, 'C');
insert into SNOWBOARD (ID_SNOWBOARD, ZNACKA, MODEL, DELKA, TYP_PROHNUTI) values (77, 'Nitro', '78NI', 135, 'A');
insert into SNOWBOARD (ID_SNOWBOARD, ZNACKA, MODEL, DELKA, TYP_PROHNUTI) values (78, 'Nitro', '99TI', 135, 'C');
insert into SNOWBOARD (ID_SNOWBOARD, ZNACKA, MODEL, DELKA, TYP_PROHNUTI) values (79, 'Nitro', '97NT', 100, 'C');
insert into SNOWBOARD (ID_SNOWBOARD, ZNACKA, MODEL, DELKA, TYP_PROHNUTI) values (80, 'Nitro', '77IN', 180, 'C');
insert into SNOWBOARD (ID_SNOWBOARD, ZNACKA, MODEL, DELKA, TYP_PROHNUTI) values (81, 'Nitro', '77NT', 100, 'C');
insert into SNOWBOARD (ID_SNOWBOARD, ZNACKA, MODEL, DELKA, TYP_PROHNUTI) values (82, 'Nitro', '97II', 105, 'B');
insert into SNOWBOARD (ID_SNOWBOARD, ZNACKA, MODEL, DELKA, TYP_PROHNUTI) values (83, 'Nitro', '77TI', 115, 'C');
insert into SNOWBOARD (ID_SNOWBOARD, ZNACKA, MODEL, DELKA, TYP_PROHNUTI) values (84, 'Nitro', '78TI', 115, 'C');
insert into SNOWBOARD (ID_SNOWBOARD, ZNACKA, MODEL, DELKA, TYP_PROHNUTI) values (85, 'Nitro', '77TT', 175, 'B');
insert into SNOWBOARD (ID_SNOWBOARD, ZNACKA, MODEL, DELKA, TYP_PROHNUTI) values (86, 'Nitro', '77TI', 170, 'C');
insert into SNOWBOARD (ID_SNOWBOARD, ZNACKA, MODEL, DELKA, TYP_PROHNUTI) values (87, 'Nitro', '87TI', 170, 'C');
insert into SNOWBOARD (ID_SNOWBOARD, ZNACKA, MODEL, DELKA, TYP_PROHNUTI) values (88, 'Nitro', '77TN', 145, 'C');
insert into SNOWBOARD (ID_SNOWBOARD, ZNACKA, MODEL, DELKA, TYP_PROHNUTI) values (89, 'Nitro', '89NT', 150, 'B');
insert into SNOWBOARD (ID_SNOWBOARD, ZNACKA, MODEL, DELKA, TYP_PROHNUTI) values (90, 'Nitro', '87TT', 120, 'C');
insert into SNOWBOARD (ID_SNOWBOARD, ZNACKA, MODEL, DELKA, TYP_PROHNUTI) values (91, 'Nitro', '79IT', 150, 'C');
insert into SNOWBOARD (ID_SNOWBOARD, ZNACKA, MODEL, DELKA, TYP_PROHNUTI) values (92, 'Nitro', '79TT', 160, 'B');
insert into SNOWBOARD (ID_SNOWBOARD, ZNACKA, MODEL, DELKA, TYP_PROHNUTI) values (93, 'Nitro', '89IN', 105, 'C');
insert into SNOWBOARD (ID_SNOWBOARD, ZNACKA, MODEL, DELKA, TYP_PROHNUTI) values (94, 'Nitro', '97TN', 100, 'C');
insert into SNOWBOARD (ID_SNOWBOARD, ZNACKA, MODEL, DELKA, TYP_PROHNUTI) values (95, 'Nitro', '78TN', 175, 'A');
insert into SNOWBOARD (ID_SNOWBOARD, ZNACKA, MODEL, DELKA, TYP_PROHNUTI) values (96, 'Nitro', '99TI', 110, 'C');
insert into SNOWBOARD (ID_SNOWBOARD, ZNACKA, MODEL, DELKA, TYP_PROHNUTI) values (97, 'Nitro', '78TN', 110, 'B');
insert into SNOWBOARD (ID_SNOWBOARD, ZNACKA, MODEL, DELKA, TYP_PROHNUTI) values (98, 'Nitro', '77NT', 140, 'C');
insert into SNOWBOARD (ID_SNOWBOARD, ZNACKA, MODEL, DELKA, TYP_PROHNUTI) values (99, 'Nitro', '78II', 105, 'B');
insert into SNOWBOARD (ID_SNOWBOARD, ZNACKA, MODEL, DELKA, TYP_PROHNUTI) values (100, 'Nitro', '87IT', 120, 'B');




insert into SNOWBOARDOVE_BOTY (ID_SNOWBOARDOVE_BOTY, ZNACKA, MODEL, VELIKOST) values (1, 'Adidas', '64398BKT', 37);
insert into SNOWBOARDOVE_BOTY (ID_SNOWBOARDOVE_BOTY, ZNACKA, MODEL, VELIKOST) values (2, 'Adidas', '33249RTM', 33);
insert into SNOWBOARDOVE_BOTY (ID_SNOWBOARDOVE_BOTY, ZNACKA, MODEL, VELIKOST) values (3, 'Adidas', '57594ZER', 36);
insert into SNOWBOARDOVE_BOTY (ID_SNOWBOARDOVE_BOTY, ZNACKA, MODEL, VELIKOST) values (4, 'Adidas', '77403FPX', 39);
insert into SNOWBOARDOVE_BOTY (ID_SNOWBOARDOVE_BOTY, ZNACKA, MODEL, VELIKOST) values (5, 'Adidas', '39300HRE', 42);
insert into SNOWBOARDOVE_BOTY (ID_SNOWBOARDOVE_BOTY, ZNACKA, MODEL, VELIKOST) values (6, 'Adidas', '34716LSP', 31);
insert into SNOWBOARDOVE_BOTY (ID_SNOWBOARDOVE_BOTY, ZNACKA, MODEL, VELIKOST) values (7, 'Adidas', '49959BXN', 37);
insert into SNOWBOARDOVE_BOTY (ID_SNOWBOARDOVE_BOTY, ZNACKA, MODEL, VELIKOST) values (8, 'Adidas', '45440OHE', 30);
insert into SNOWBOARDOVE_BOTY (ID_SNOWBOARDOVE_BOTY, ZNACKA, MODEL, VELIKOST) values (9, 'Adidas', '08047SXQ', 35);
insert into SNOWBOARDOVE_BOTY (ID_SNOWBOARDOVE_BOTY, ZNACKA, MODEL, VELIKOST) values (10, 'Adidas', '44299REI', 43);
insert into SNOWBOARDOVE_BOTY (ID_SNOWBOARDOVE_BOTY, ZNACKA, MODEL, VELIKOST) values (11, 'Adidas', '16137LYB', 33);
insert into SNOWBOARDOVE_BOTY (ID_SNOWBOARDOVE_BOTY, ZNACKA, MODEL, VELIKOST) values (12, 'Adidas', '37469OMQ', 43);
insert into SNOWBOARDOVE_BOTY (ID_SNOWBOARDOVE_BOTY, ZNACKA, MODEL, VELIKOST) values (13, 'Adidas', '67316DWI', 33);
insert into SNOWBOARDOVE_BOTY (ID_SNOWBOARDOVE_BOTY, ZNACKA, MODEL, VELIKOST) values (14, 'Adidas', '60581RLU', 44);
insert into SNOWBOARDOVE_BOTY (ID_SNOWBOARDOVE_BOTY, ZNACKA, MODEL, VELIKOST) values (15, 'Adidas', '82493UWV', 44);
insert into SNOWBOARDOVE_BOTY (ID_SNOWBOARDOVE_BOTY, ZNACKA, MODEL, VELIKOST) values (16, 'Adidas', '28891RLV', 42);
insert into SNOWBOARDOVE_BOTY (ID_SNOWBOARDOVE_BOTY, ZNACKA, MODEL, VELIKOST) values (17, 'Adidas', '99417ORE', 45);
insert into SNOWBOARDOVE_BOTY (ID_SNOWBOARDOVE_BOTY, ZNACKA, MODEL, VELIKOST) values (18, 'Adidas', '02844NTG', 44);
insert into SNOWBOARDOVE_BOTY (ID_SNOWBOARDOVE_BOTY, ZNACKA, MODEL, VELIKOST) values (19, 'Adidas', '63307HDE', 39);
insert into SNOWBOARDOVE_BOTY (ID_SNOWBOARDOVE_BOTY, ZNACKA, MODEL, VELIKOST) values (20, 'Adidas', '77150GRZ', 36);
insert into SNOWBOARDOVE_BOTY (ID_SNOWBOARDOVE_BOTY, ZNACKA, MODEL, VELIKOST) values (21, 'Adidas', '47504BFQ', 36);
insert into SNOWBOARDOVE_BOTY (ID_SNOWBOARDOVE_BOTY, ZNACKA, MODEL, VELIKOST) values (22, 'Adidas', '87167XMY', 33);
insert into SNOWBOARDOVE_BOTY (ID_SNOWBOARDOVE_BOTY, ZNACKA, MODEL, VELIKOST) values (23, 'Adidas', '53036RBM', 33);
insert into SNOWBOARDOVE_BOTY (ID_SNOWBOARDOVE_BOTY, ZNACKA, MODEL, VELIKOST) values (24, 'Adidas', '92927PXB', 30);
insert into SNOWBOARDOVE_BOTY (ID_SNOWBOARDOVE_BOTY, ZNACKA, MODEL, VELIKOST) values (25, 'Adidas', '67042QND', 41);
insert into SNOWBOARDOVE_BOTY (ID_SNOWBOARDOVE_BOTY, ZNACKA, MODEL, VELIKOST) values (26, 'Adidas', '76813VDW', 37);
insert into SNOWBOARDOVE_BOTY (ID_SNOWBOARDOVE_BOTY, ZNACKA, MODEL, VELIKOST) values (27, 'Adidas', '32188ZVY', 36);
insert into SNOWBOARDOVE_BOTY (ID_SNOWBOARDOVE_BOTY, ZNACKA, MODEL, VELIKOST) values (28, 'Adidas', '45172BKJ', 40);
insert into SNOWBOARDOVE_BOTY (ID_SNOWBOARDOVE_BOTY, ZNACKA, MODEL, VELIKOST) values (29, 'Adidas', '01884VST', 41);
insert into SNOWBOARDOVE_BOTY (ID_SNOWBOARDOVE_BOTY, ZNACKA, MODEL, VELIKOST) values (30, 'Adidas', '05517ZHE', 33);
insert into SNOWBOARDOVE_BOTY (ID_SNOWBOARDOVE_BOTY, ZNACKA, MODEL, VELIKOST) values (31, 'Adidas', '60115OIY', 45);
insert into SNOWBOARDOVE_BOTY (ID_SNOWBOARDOVE_BOTY, ZNACKA, MODEL, VELIKOST) values (32, 'Adidas', '93642VBW', 33);
insert into SNOWBOARDOVE_BOTY (ID_SNOWBOARDOVE_BOTY, ZNACKA, MODEL, VELIKOST) values (33, 'Adidas', '39217YMF', 38);
insert into SNOWBOARDOVE_BOTY (ID_SNOWBOARDOVE_BOTY, ZNACKA, MODEL, VELIKOST) values (34, 'Adidas', '18077JCW', 39);
insert into SNOWBOARDOVE_BOTY (ID_SNOWBOARDOVE_BOTY, ZNACKA, MODEL, VELIKOST) values (35, 'Adidas', '71731YNH', 41);
insert into SNOWBOARDOVE_BOTY (ID_SNOWBOARDOVE_BOTY, ZNACKA, MODEL, VELIKOST) values (36, 'Adidas', '83470UKD', 42);
insert into SNOWBOARDOVE_BOTY (ID_SNOWBOARDOVE_BOTY, ZNACKA, MODEL, VELIKOST) values (37, 'Adidas', '03028XTG', 40);
insert into SNOWBOARDOVE_BOTY (ID_SNOWBOARDOVE_BOTY, ZNACKA, MODEL, VELIKOST) values (38, 'Adidas', '78865AVO', 42);
insert into SNOWBOARDOVE_BOTY (ID_SNOWBOARDOVE_BOTY, ZNACKA, MODEL, VELIKOST) values (39, 'Adidas', '34829AJS', 41);
insert into SNOWBOARDOVE_BOTY (ID_SNOWBOARDOVE_BOTY, ZNACKA, MODEL, VELIKOST) values (40, 'Adidas', '05953KUS', 35);
insert into SNOWBOARDOVE_BOTY (ID_SNOWBOARDOVE_BOTY, ZNACKA, MODEL, VELIKOST) values (41, 'Adidas', '47413UKF', 34);
insert into SNOWBOARDOVE_BOTY (ID_SNOWBOARDOVE_BOTY, ZNACKA, MODEL, VELIKOST) values (42, 'Adidas', '93275PFD', 36);
insert into SNOWBOARDOVE_BOTY (ID_SNOWBOARDOVE_BOTY, ZNACKA, MODEL, VELIKOST) values (43, 'Adidas', '79045ORE', 33);
insert into SNOWBOARDOVE_BOTY (ID_SNOWBOARDOVE_BOTY, ZNACKA, MODEL, VELIKOST) values (44, 'Adidas', '31090OWC', 36);
insert into SNOWBOARDOVE_BOTY (ID_SNOWBOARDOVE_BOTY, ZNACKA, MODEL, VELIKOST) values (45, 'Adidas', '82542VLR', 43);
insert into SNOWBOARDOVE_BOTY (ID_SNOWBOARDOVE_BOTY, ZNACKA, MODEL, VELIKOST) values (46, 'Adidas', '88018DBS', 44);
insert into SNOWBOARDOVE_BOTY (ID_SNOWBOARDOVE_BOTY, ZNACKA, MODEL, VELIKOST) values (47, 'Adidas', '24167WSO', 34);
insert into SNOWBOARDOVE_BOTY (ID_SNOWBOARDOVE_BOTY, ZNACKA, MODEL, VELIKOST) values (48, 'Adidas', '77697ZAY', 34);
insert into SNOWBOARDOVE_BOTY (ID_SNOWBOARDOVE_BOTY, ZNACKA, MODEL, VELIKOST) values (49, 'Adidas', '75576DQT', 35);
insert into SNOWBOARDOVE_BOTY (ID_SNOWBOARDOVE_BOTY, ZNACKA, MODEL, VELIKOST) values (50, 'Adidas', '81112MEF', 33);
insert into SNOWBOARDOVE_BOTY (ID_SNOWBOARDOVE_BOTY, ZNACKA, MODEL, VELIKOST) values (51, 'Burton', '78996WXY', 30);
insert into SNOWBOARDOVE_BOTY (ID_SNOWBOARDOVE_BOTY, ZNACKA, MODEL, VELIKOST) values (52, 'Burton', '49561EUJ', 42);
insert into SNOWBOARDOVE_BOTY (ID_SNOWBOARDOVE_BOTY, ZNACKA, MODEL, VELIKOST) values (53, 'Burton', '68635WDT', 31);
insert into SNOWBOARDOVE_BOTY (ID_SNOWBOARDOVE_BOTY, ZNACKA, MODEL, VELIKOST) values (54, 'Burton', '65910YSN', 41);
insert into SNOWBOARDOVE_BOTY (ID_SNOWBOARDOVE_BOTY, ZNACKA, MODEL, VELIKOST) values (55, 'Burton', '03866TOA', 40);
insert into SNOWBOARDOVE_BOTY (ID_SNOWBOARDOVE_BOTY, ZNACKA, MODEL, VELIKOST) values (56, 'Burton', '70134IUN', 39);
insert into SNOWBOARDOVE_BOTY (ID_SNOWBOARDOVE_BOTY, ZNACKA, MODEL, VELIKOST) values (57, 'Burton', '08468DBJ', 34);
insert into SNOWBOARDOVE_BOTY (ID_SNOWBOARDOVE_BOTY, ZNACKA, MODEL, VELIKOST) values (58, 'Burton', '72644RHV', 35);
insert into SNOWBOARDOVE_BOTY (ID_SNOWBOARDOVE_BOTY, ZNACKA, MODEL, VELIKOST) values (59, 'Burton', '14505PSE', 44);
insert into SNOWBOARDOVE_BOTY (ID_SNOWBOARDOVE_BOTY, ZNACKA, MODEL, VELIKOST) values (60, 'Burton', '99046MKU', 33);
insert into SNOWBOARDOVE_BOTY (ID_SNOWBOARDOVE_BOTY, ZNACKA, MODEL, VELIKOST) values (61, 'Burton', '14749GQV', 34);
insert into SNOWBOARDOVE_BOTY (ID_SNOWBOARDOVE_BOTY, ZNACKA, MODEL, VELIKOST) values (62, 'Burton', '55589HOL', 44);
insert into SNOWBOARDOVE_BOTY (ID_SNOWBOARDOVE_BOTY, ZNACKA, MODEL, VELIKOST) values (63, 'Burton', '82336OKW', 44);
insert into SNOWBOARDOVE_BOTY (ID_SNOWBOARDOVE_BOTY, ZNACKA, MODEL, VELIKOST) values (64, 'Burton', '14838JTH', 32);
insert into SNOWBOARDOVE_BOTY (ID_SNOWBOARDOVE_BOTY, ZNACKA, MODEL, VELIKOST) values (65, 'Burton', '30553CJW', 38);
insert into SNOWBOARDOVE_BOTY (ID_SNOWBOARDOVE_BOTY, ZNACKA, MODEL, VELIKOST) values (66, 'Burton', '07368PYL', 35);
insert into SNOWBOARDOVE_BOTY (ID_SNOWBOARDOVE_BOTY, ZNACKA, MODEL, VELIKOST) values (67, 'Burton', '71942SBG', 32);
insert into SNOWBOARDOVE_BOTY (ID_SNOWBOARDOVE_BOTY, ZNACKA, MODEL, VELIKOST) values (68, 'Burton', '11491DSO', 41);
insert into SNOWBOARDOVE_BOTY (ID_SNOWBOARDOVE_BOTY, ZNACKA, MODEL, VELIKOST) values (69, 'Burton', '75536BDY', 35);
insert into SNOWBOARDOVE_BOTY (ID_SNOWBOARDOVE_BOTY, ZNACKA, MODEL, VELIKOST) values (70, 'Burton', '59503ROY', 36);
insert into SNOWBOARDOVE_BOTY (ID_SNOWBOARDOVE_BOTY, ZNACKA, MODEL, VELIKOST) values (71, 'Burton', '50035DMC', 35);
insert into SNOWBOARDOVE_BOTY (ID_SNOWBOARDOVE_BOTY, ZNACKA, MODEL, VELIKOST) values (72, 'Burton', '84056IQD', 43);
insert into SNOWBOARDOVE_BOTY (ID_SNOWBOARDOVE_BOTY, ZNACKA, MODEL, VELIKOST) values (73, 'Burton', '25479SDV', 44);
insert into SNOWBOARDOVE_BOTY (ID_SNOWBOARDOVE_BOTY, ZNACKA, MODEL, VELIKOST) values (74, 'Burton', '69278WKX', 37);
insert into SNOWBOARDOVE_BOTY (ID_SNOWBOARDOVE_BOTY, ZNACKA, MODEL, VELIKOST) values (75, 'Burton', '73573ZFT', 37);
insert into SNOWBOARDOVE_BOTY (ID_SNOWBOARDOVE_BOTY, ZNACKA, MODEL, VELIKOST) values (76, 'Burton', '77089VAF', 42);
insert into SNOWBOARDOVE_BOTY (ID_SNOWBOARDOVE_BOTY, ZNACKA, MODEL, VELIKOST) values (77, 'Burton', '27198AQH', 45);
insert into SNOWBOARDOVE_BOTY (ID_SNOWBOARDOVE_BOTY, ZNACKA, MODEL, VELIKOST) values (78, 'Burton', '20058BJI', 41);
insert into SNOWBOARDOVE_BOTY (ID_SNOWBOARDOVE_BOTY, ZNACKA, MODEL, VELIKOST) values (79, 'Burton', '79410SKO', 30);
insert into SNOWBOARDOVE_BOTY (ID_SNOWBOARDOVE_BOTY, ZNACKA, MODEL, VELIKOST) values (80, 'Burton', '36345HKV', 30);
insert into SNOWBOARDOVE_BOTY (ID_SNOWBOARDOVE_BOTY, ZNACKA, MODEL, VELIKOST) values (81, 'Burton', '38004VZI', 35);
insert into SNOWBOARDOVE_BOTY (ID_SNOWBOARDOVE_BOTY, ZNACKA, MODEL, VELIKOST) values (82, 'Burton', '11385KJM', 36);
insert into SNOWBOARDOVE_BOTY (ID_SNOWBOARDOVE_BOTY, ZNACKA, MODEL, VELIKOST) values (83, 'Burton', '02357ZDB', 43);
insert into SNOWBOARDOVE_BOTY (ID_SNOWBOARDOVE_BOTY, ZNACKA, MODEL, VELIKOST) values (84, 'Burton', '76511OZY', 39);
insert into SNOWBOARDOVE_BOTY (ID_SNOWBOARDOVE_BOTY, ZNACKA, MODEL, VELIKOST) values (85, 'Burton', '14744VLM', 43);
insert into SNOWBOARDOVE_BOTY (ID_SNOWBOARDOVE_BOTY, ZNACKA, MODEL, VELIKOST) values (86, 'Burton', '19222HZI', 40);
insert into SNOWBOARDOVE_BOTY (ID_SNOWBOARDOVE_BOTY, ZNACKA, MODEL, VELIKOST) values (87, 'Burton', '04672YTC', 38);
insert into SNOWBOARDOVE_BOTY (ID_SNOWBOARDOVE_BOTY, ZNACKA, MODEL, VELIKOST) values (88, 'Burton', '30937BEM', 42);
insert into SNOWBOARDOVE_BOTY (ID_SNOWBOARDOVE_BOTY, ZNACKA, MODEL, VELIKOST) values (89, 'Burton', '34334ZOP', 34);
insert into SNOWBOARDOVE_BOTY (ID_SNOWBOARDOVE_BOTY, ZNACKA, MODEL, VELIKOST) values (90, 'Burton', '26270TKA', 34);
insert into SNOWBOARDOVE_BOTY (ID_SNOWBOARDOVE_BOTY, ZNACKA, MODEL, VELIKOST) values (91, 'Burton', '78679RXV', 40);
insert into SNOWBOARDOVE_BOTY (ID_SNOWBOARDOVE_BOTY, ZNACKA, MODEL, VELIKOST) values (92, 'Burton', '91102EUF', 33);
insert into SNOWBOARDOVE_BOTY (ID_SNOWBOARDOVE_BOTY, ZNACKA, MODEL, VELIKOST) values (93, 'Burton', '08143YXT', 43);
insert into SNOWBOARDOVE_BOTY (ID_SNOWBOARDOVE_BOTY, ZNACKA, MODEL, VELIKOST) values (94, 'Burton', '91886OLQ', 32);
insert into SNOWBOARDOVE_BOTY (ID_SNOWBOARDOVE_BOTY, ZNACKA, MODEL, VELIKOST) values (95, 'Burton', '07502SQX', 37);
insert into SNOWBOARDOVE_BOTY (ID_SNOWBOARDOVE_BOTY, ZNACKA, MODEL, VELIKOST) values (96, 'Burton', '78604JCH', 42);
insert into SNOWBOARDOVE_BOTY (ID_SNOWBOARDOVE_BOTY, ZNACKA, MODEL, VELIKOST) values (97, 'Burton', '65443MRI', 32);
insert into SNOWBOARDOVE_BOTY (ID_SNOWBOARDOVE_BOTY, ZNACKA, MODEL, VELIKOST) values (98, 'Burton', '24544SED', 41);
insert into SNOWBOARDOVE_BOTY (ID_SNOWBOARDOVE_BOTY, ZNACKA, MODEL, VELIKOST) values (99, 'Burton', '75478FLV', 34);
insert into SNOWBOARDOVE_BOTY (ID_SNOWBOARDOVE_BOTY, ZNACKA, MODEL, VELIKOST) values (100, 'Burton', '99591RSF', 30);






insert into ZAKAZNIK (ID_ZAKAZNIK, JMENO, PRIJMENI, TELEFON, EMAIL, ADRESA_ID_ADRESA) values (1, 'Antonia', 'Mayow', '999665841', 'amayow0@free.fr', 24);
insert into ZAKAZNIK (ID_ZAKAZNIK, JMENO, PRIJMENI, TELEFON, EMAIL, ADRESA_ID_ADRESA) values (2, 'Benson', 'Evensden', '980439545', 'bevensden1@mayoclinic.com', 56);
insert into ZAKAZNIK (ID_ZAKAZNIK, JMENO, PRIJMENI, TELEFON, EMAIL, ADRESA_ID_ADRESA) values (3, 'Fidole', 'Buntine', '718314396', 'fbuntine2@nifty.com', 87);
insert into ZAKAZNIK (ID_ZAKAZNIK, JMENO, PRIJMENI, TELEFON, EMAIL, ADRESA_ID_ADRESA) values (4, 'Juanita', 'Miranda', '834460877', 'jmiranda3@wikimedia.org', 30);
insert into ZAKAZNIK (ID_ZAKAZNIK, JMENO, PRIJMENI, TELEFON, EMAIL, ADRESA_ID_ADRESA) values (5, 'Carilyn', 'Ofener', '529079974', 'cofener4@sciencedaily.com', 36);
insert into ZAKAZNIK (ID_ZAKAZNIK, JMENO, PRIJMENI, TELEFON, EMAIL, ADRESA_ID_ADRESA) values (6, 'Roxane', 'Weeks', '469566192', 'rweeks5@japanpost.jp', 99);
insert into ZAKAZNIK (ID_ZAKAZNIK, JMENO, PRIJMENI, TELEFON, EMAIL, ADRESA_ID_ADRESA) values (7, 'Torr', 'Furmage', '845037767', 'tfurmage6@wiley.com', 71);
insert into ZAKAZNIK (ID_ZAKAZNIK, JMENO, PRIJMENI, TELEFON, EMAIL, ADRESA_ID_ADRESA) values (8, 'Pamella', 'Llewellen', '951344546', 'pllewellen7@sina.com.cn', 48);
insert into ZAKAZNIK (ID_ZAKAZNIK, JMENO, PRIJMENI, TELEFON, EMAIL, ADRESA_ID_ADRESA) values (9, 'Ninetta', 'Dingle', '031306219', 'ndingle8@microsoft.com', 6);
insert into ZAKAZNIK (ID_ZAKAZNIK, JMENO, PRIJMENI, TELEFON, EMAIL, ADRESA_ID_ADRESA) values (10, 'Brit', 'Ratlee', '721095310', 'bratlee9@moonfruit.com', 67);
insert into ZAKAZNIK (ID_ZAKAZNIK, JMENO, PRIJMENI, TELEFON, EMAIL, ADRESA_ID_ADRESA) values (11, 'Vittorio', 'Jeves', '461985067', 'vjevesa@webnode.com', 14);
insert into ZAKAZNIK (ID_ZAKAZNIK, JMENO, PRIJMENI, TELEFON, EMAIL, ADRESA_ID_ADRESA) values (12, 'Falito', 'Caselli', '728333267', 'fcasellib@uol.com.br', 27);
insert into ZAKAZNIK (ID_ZAKAZNIK, JMENO, PRIJMENI, TELEFON, EMAIL, ADRESA_ID_ADRESA) values (13, 'Rupert', 'Wroth', '101268372', 'rwrothc@seattletimes.com', 94);
insert into ZAKAZNIK (ID_ZAKAZNIK, JMENO, PRIJMENI, TELEFON, EMAIL, ADRESA_ID_ADRESA) values (14, 'Anne-corinne', 'Caughan', '663085670', 'acaughand@eventbrite.com', 30);
insert into ZAKAZNIK (ID_ZAKAZNIK, JMENO, PRIJMENI, TELEFON, EMAIL, ADRESA_ID_ADRESA) values (15, 'Mignonne', 'Swaffield', '817415555', 'mswaffielde@multiply.com', 9);
insert into ZAKAZNIK (ID_ZAKAZNIK, JMENO, PRIJMENI, TELEFON, EMAIL, ADRESA_ID_ADRESA) values (16, 'Gabie', 'Piotrkowski', '118798270', 'gpiotrkowskif@businessweek.com', 89);
insert into ZAKAZNIK (ID_ZAKAZNIK, JMENO, PRIJMENI, TELEFON, EMAIL, ADRESA_ID_ADRESA) values (17, 'Tailor', 'Coiley', '037183269', 'tcoileyg@google.fr', 60);
insert into ZAKAZNIK (ID_ZAKAZNIK, JMENO, PRIJMENI, TELEFON, EMAIL, ADRESA_ID_ADRESA) values (18, 'Brod', 'Colmore', '235162111', 'bcolmoreh@java.com', 86);
insert into ZAKAZNIK (ID_ZAKAZNIK, JMENO, PRIJMENI, TELEFON, EMAIL, ADRESA_ID_ADRESA) values (19, 'Jakob', 'Terlinden', '126913238', 'jterlindeni@studiopress.com', 32);
insert into ZAKAZNIK (ID_ZAKAZNIK, JMENO, PRIJMENI, TELEFON, EMAIL, ADRESA_ID_ADRESA) values (20, 'Blinni', 'Jayme', '820004757', 'bjaymej@adobe.com', 17);
insert into ZAKAZNIK (ID_ZAKAZNIK, JMENO, PRIJMENI, TELEFON, EMAIL, ADRESA_ID_ADRESA) values (21, 'Freddie', 'Pescott', '629991065', 'fpescottk@usa.gov', 54);
insert into ZAKAZNIK (ID_ZAKAZNIK, JMENO, PRIJMENI, TELEFON, EMAIL, ADRESA_ID_ADRESA) values (22, 'Dorolice', 'Wilsher', '425188215', 'dwilsherl@comsenz.com', 16);
insert into ZAKAZNIK (ID_ZAKAZNIK, JMENO, PRIJMENI, TELEFON, EMAIL, ADRESA_ID_ADRESA) values (23, 'Elfrieda', 'Stirzaker', '817659343', 'estirzakerm@vkontakte.ru', 67);
insert into ZAKAZNIK (ID_ZAKAZNIK, JMENO, PRIJMENI, TELEFON, EMAIL, ADRESA_ID_ADRESA) values (24, 'Maegan', 'Dobson', '362782298', 'mdobsonn@php.net', 22);
insert into ZAKAZNIK (ID_ZAKAZNIK, JMENO, PRIJMENI, TELEFON, EMAIL, ADRESA_ID_ADRESA) values (25, 'Genna', 'Kettlestringes', '944662255', 'gkettlestringeso@pinterest.com', 87);
insert into ZAKAZNIK (ID_ZAKAZNIK, JMENO, PRIJMENI, TELEFON, EMAIL, ADRESA_ID_ADRESA) values (26, 'Kelly', 'Tatnell', '321568160', 'ktatnellp@home.pl', 19);
insert into ZAKAZNIK (ID_ZAKAZNIK, JMENO, PRIJMENI, TELEFON, EMAIL, ADRESA_ID_ADRESA) values (27, 'Marion', 'Keneford', '804248566', 'mkenefordq@baidu.com', 32);
insert into ZAKAZNIK (ID_ZAKAZNIK, JMENO, PRIJMENI, TELEFON, EMAIL, ADRESA_ID_ADRESA) values (28, 'Morie', 'Burgh', '009973115', 'mburghr@miibeian.gov.cn', 14);
insert into ZAKAZNIK (ID_ZAKAZNIK, JMENO, PRIJMENI, TELEFON, EMAIL, ADRESA_ID_ADRESA) values (29, 'Patten', 'Wherrett', '002772319', 'pwherretts@macromedia.com', 53);
insert into ZAKAZNIK (ID_ZAKAZNIK, JMENO, PRIJMENI, TELEFON, EMAIL, ADRESA_ID_ADRESA) values (30, 'Staci', 'Skerman', '513683411', 'sskermant@ihg.com', 4);
insert into ZAKAZNIK (ID_ZAKAZNIK, JMENO, PRIJMENI, TELEFON, EMAIL, ADRESA_ID_ADRESA) values (31, 'Bart', 'Adnams', '761294593', 'badnamsu@vimeo.com', 89);
insert into ZAKAZNIK (ID_ZAKAZNIK, JMENO, PRIJMENI, TELEFON, EMAIL, ADRESA_ID_ADRESA) values (32, 'Glenn', 'Bourne', '873677357', 'gbournev@g.co', 26);
insert into ZAKAZNIK (ID_ZAKAZNIK, JMENO, PRIJMENI, TELEFON, EMAIL, ADRESA_ID_ADRESA) values (33, 'Bekki', 'Pallas', '819602417', 'bpallasw@pcworld.com', 48);
insert into ZAKAZNIK (ID_ZAKAZNIK, JMENO, PRIJMENI, TELEFON, EMAIL, ADRESA_ID_ADRESA) values (34, 'Morse', 'Samwaye', '718783551', 'msamwayex@tinyurl.com', 91);
insert into ZAKAZNIK (ID_ZAKAZNIK, JMENO, PRIJMENI, TELEFON, EMAIL, ADRESA_ID_ADRESA) values (35, 'Britt', 'Strand', '639723645', 'bstrandy@cdbaby.com', 68);
insert into ZAKAZNIK (ID_ZAKAZNIK, JMENO, PRIJMENI, TELEFON, EMAIL, ADRESA_ID_ADRESA) values (36, 'Wilmer', 'Slany', '436954147', 'wslanyz@japanpost.jp', 28);
insert into ZAKAZNIK (ID_ZAKAZNIK, JMENO, PRIJMENI, TELEFON, EMAIL, ADRESA_ID_ADRESA) values (37, 'Artus', 'Badrick', '620115659', 'abadrick10@1688.com', 5);
insert into ZAKAZNIK (ID_ZAKAZNIK, JMENO, PRIJMENI, TELEFON, EMAIL, ADRESA_ID_ADRESA) values (38, 'Langsdon', 'Rowledge', '225697656', 'lrowledge11@ft.com', 97);
insert into ZAKAZNIK (ID_ZAKAZNIK, JMENO, PRIJMENI, TELEFON, EMAIL, ADRESA_ID_ADRESA) values (39, 'Novelia', 'Cool', '767859388', 'ncool12@walmart.com', 7);
insert into ZAKAZNIK (ID_ZAKAZNIK, JMENO, PRIJMENI, TELEFON, EMAIL, ADRESA_ID_ADRESA) values (40, 'Karney', 'Boxe', '715562360', 'kboxe13@wisc.edu', 46);
insert into ZAKAZNIK (ID_ZAKAZNIK, JMENO, PRIJMENI, TELEFON, EMAIL, ADRESA_ID_ADRESA) values (41, 'Patten', 'Mattisson', '101857273', 'pmattisson14@npr.org', 21);
insert into ZAKAZNIK (ID_ZAKAZNIK, JMENO, PRIJMENI, TELEFON, EMAIL, ADRESA_ID_ADRESA) values (42, 'Hubert', 'Mellor', '161537449', 'hmellor15@webmd.com', 35);
insert into ZAKAZNIK (ID_ZAKAZNIK, JMENO, PRIJMENI, TELEFON, EMAIL, ADRESA_ID_ADRESA) values (43, 'Moyna', 'Raymont', '697963694', 'mraymont16@jimdo.com', 42);
insert into ZAKAZNIK (ID_ZAKAZNIK, JMENO, PRIJMENI, TELEFON, EMAIL, ADRESA_ID_ADRESA) values (44, 'Yvor', 'Dundendale', '239344798', 'ydundendale17@jimdo.com', 49);
insert into ZAKAZNIK (ID_ZAKAZNIK, JMENO, PRIJMENI, TELEFON, EMAIL, ADRESA_ID_ADRESA) values (45, 'Cozmo', 'Grumell', '673560585', 'cgrumell18@reddit.com', 69);
insert into ZAKAZNIK (ID_ZAKAZNIK, JMENO, PRIJMENI, TELEFON, EMAIL, ADRESA_ID_ADRESA) values (46, 'Denise', 'St Ange', '888844094', 'dstange19@mapy.cz', 83);
insert into ZAKAZNIK (ID_ZAKAZNIK, JMENO, PRIJMENI, TELEFON, EMAIL, ADRESA_ID_ADRESA) values (47, 'Fredek', 'Luttgert', '321453384', 'fluttgert1a@fc2.com', 97);
insert into ZAKAZNIK (ID_ZAKAZNIK, JMENO, PRIJMENI, TELEFON, EMAIL, ADRESA_ID_ADRESA) values (48, 'Bel', 'Spraggon', '212710762', 'bspraggon1b@webmd.com', 34);
insert into ZAKAZNIK (ID_ZAKAZNIK, JMENO, PRIJMENI, TELEFON, EMAIL, ADRESA_ID_ADRESA) values (49, 'Marmaduke', 'Metcalfe', '452185810', 'mmetcalfe1c@wp.com', 64);
insert into ZAKAZNIK (ID_ZAKAZNIK, JMENO, PRIJMENI, TELEFON, EMAIL, ADRESA_ID_ADRESA) values (50, 'Lucy', 'Itzhak', '939313772', 'litzhak1d@utexas.edu', 38);
insert into ZAKAZNIK (ID_ZAKAZNIK, JMENO, PRIJMENI, TELEFON, EMAIL, ADRESA_ID_ADRESA) values (51, 'Emilio', 'Trouncer', '287230659', 'etrouncer1e@google.com.br', 38);
insert into ZAKAZNIK (ID_ZAKAZNIK, JMENO, PRIJMENI, TELEFON, EMAIL, ADRESA_ID_ADRESA) values (52, 'Tiffani', 'Hassent', '833704865', 'thassent1f@ft.com', 100);
insert into ZAKAZNIK (ID_ZAKAZNIK, JMENO, PRIJMENI, TELEFON, EMAIL, ADRESA_ID_ADRESA) values (53, 'Ker', 'Furney', '113681176', 'kfurney1g@smh.com.au', 43);
insert into ZAKAZNIK (ID_ZAKAZNIK, JMENO, PRIJMENI, TELEFON, EMAIL, ADRESA_ID_ADRESA) values (54, 'Moise', 'Maginn', '943251867', 'mmaginn1h@ucsd.edu', 5);
insert into ZAKAZNIK (ID_ZAKAZNIK, JMENO, PRIJMENI, TELEFON, EMAIL, ADRESA_ID_ADRESA) values (55, 'Les', 'Lyosik', '706613812', 'llyosik1i@sitemeter.com', 18);
insert into ZAKAZNIK (ID_ZAKAZNIK, JMENO, PRIJMENI, TELEFON, EMAIL, ADRESA_ID_ADRESA) values (56, 'Helen-elizabeth', 'Mathevet', '658957793', 'hmathevet1j@indiegogo.com', 66);
insert into ZAKAZNIK (ID_ZAKAZNIK, JMENO, PRIJMENI, TELEFON, EMAIL, ADRESA_ID_ADRESA) values (57, 'Sheela', 'Marien', '044126198', 'smarien1k@meetup.com', 87);
insert into ZAKAZNIK (ID_ZAKAZNIK, JMENO, PRIJMENI, TELEFON, EMAIL, ADRESA_ID_ADRESA) values (58, 'Maddy', 'Kermode', '137281697', 'mkermode1l@wikispaces.com', 18);
insert into ZAKAZNIK (ID_ZAKAZNIK, JMENO, PRIJMENI, TELEFON, EMAIL, ADRESA_ID_ADRESA) values (59, 'Anne', 'Willingale', '633607507', 'awillingale1m@dailymotion.com', 28);
insert into ZAKAZNIK (ID_ZAKAZNIK, JMENO, PRIJMENI, TELEFON, EMAIL, ADRESA_ID_ADRESA) values (60, 'Jessie', 'Purselow', '056796409', 'jpurselow1n@telegraph.co.uk', 73);
insert into ZAKAZNIK (ID_ZAKAZNIK, JMENO, PRIJMENI, TELEFON, EMAIL, ADRESA_ID_ADRESA) values (61, 'Clint', 'Lancley', '314900917', 'clancley1o@lulu.com', 50);
insert into ZAKAZNIK (ID_ZAKAZNIK, JMENO, PRIJMENI, TELEFON, EMAIL, ADRESA_ID_ADRESA) values (62, 'Woodman', 'Vampouille', '259532798', 'wvampouille1p@nbcnews.com', 32);
insert into ZAKAZNIK (ID_ZAKAZNIK, JMENO, PRIJMENI, TELEFON, EMAIL, ADRESA_ID_ADRESA) values (63, 'Rutter', 'Tonn', '865220227', 'rtonn1q@bandcamp.com', 10);
insert into ZAKAZNIK (ID_ZAKAZNIK, JMENO, PRIJMENI, TELEFON, EMAIL, ADRESA_ID_ADRESA) values (64, 'Zolly', 'Antushev', '364345305', 'zantushev1r@microsoft.com', 5);
insert into ZAKAZNIK (ID_ZAKAZNIK, JMENO, PRIJMENI, TELEFON, EMAIL, ADRESA_ID_ADRESA) values (65, 'Kennie', 'Cawson', '345065795', 'kcawson1s@163.com', 54);
insert into ZAKAZNIK (ID_ZAKAZNIK, JMENO, PRIJMENI, TELEFON, EMAIL, ADRESA_ID_ADRESA) values (66, 'Nobie', 'Dorcey', '231339386', 'ndorcey1t@comsenz.com', 79);
insert into ZAKAZNIK (ID_ZAKAZNIK, JMENO, PRIJMENI, TELEFON, EMAIL, ADRESA_ID_ADRESA) values (67, 'Simmonds', 'McNae', '557287634', 'smcnae1u@phoca.cz', 54);
insert into ZAKAZNIK (ID_ZAKAZNIK, JMENO, PRIJMENI, TELEFON, EMAIL, ADRESA_ID_ADRESA) values (68, 'Banky', 'Bohlens', '747416687', 'bbohlens1v@sbwire.com', 80);
insert into ZAKAZNIK (ID_ZAKAZNIK, JMENO, PRIJMENI, TELEFON, EMAIL, ADRESA_ID_ADRESA) values (69, 'Travers', 'Lowthorpe', '696435579', 'tlowthorpe1w@soup.io', 29);
insert into ZAKAZNIK (ID_ZAKAZNIK, JMENO, PRIJMENI, TELEFON, EMAIL, ADRESA_ID_ADRESA) values (70, 'Toby', 'McGhie', '502294264', 'tmcghie1x@indiegogo.com', 11);
insert into ZAKAZNIK (ID_ZAKAZNIK, JMENO, PRIJMENI, TELEFON, EMAIL, ADRESA_ID_ADRESA) values (71, 'Sawyere', 'Ortzen', '446037529', 'sortzen1y@cafepress.com', 6);
insert into ZAKAZNIK (ID_ZAKAZNIK, JMENO, PRIJMENI, TELEFON, EMAIL, ADRESA_ID_ADRESA) values (72, 'Mahmud', 'Marchelli', '049314845', 'mmarchelli1z@blogger.com', 83);
insert into ZAKAZNIK (ID_ZAKAZNIK, JMENO, PRIJMENI, TELEFON, EMAIL, ADRESA_ID_ADRESA) values (73, 'Pail', 'Balston', '020648900', 'pbalston20@jimdo.com', 97);
insert into ZAKAZNIK (ID_ZAKAZNIK, JMENO, PRIJMENI, TELEFON, EMAIL, ADRESA_ID_ADRESA) values (74, 'Reine', 'Coronado', '357196765', 'rcoronado21@time.com', 56);
insert into ZAKAZNIK (ID_ZAKAZNIK, JMENO, PRIJMENI, TELEFON, EMAIL, ADRESA_ID_ADRESA) values (75, 'Brose', 'McQuaid', '562709350', 'bmcquaid22@sciencedirect.com', 50);
insert into ZAKAZNIK (ID_ZAKAZNIK, JMENO, PRIJMENI, TELEFON, EMAIL, ADRESA_ID_ADRESA) values (76, 'Maddy', 'McFater', '442712174', 'mmcfater23@twitter.com', 97);
insert into ZAKAZNIK (ID_ZAKAZNIK, JMENO, PRIJMENI, TELEFON, EMAIL, ADRESA_ID_ADRESA) values (77, 'Rianon', 'Swateridge', '447066439', 'rswateridge24@miitbeian.gov.cn', 55);
insert into ZAKAZNIK (ID_ZAKAZNIK, JMENO, PRIJMENI, TELEFON, EMAIL, ADRESA_ID_ADRESA) values (78, 'Jacques', 'Whiston', '660093239', 'jwhiston25@parallels.com', 94);
insert into ZAKAZNIK (ID_ZAKAZNIK, JMENO, PRIJMENI, TELEFON, EMAIL, ADRESA_ID_ADRESA) values (79, 'Bryanty', 'Parlatt', '775203062', 'bparlatt26@list-manage.com', 96);
insert into ZAKAZNIK (ID_ZAKAZNIK, JMENO, PRIJMENI, TELEFON, EMAIL, ADRESA_ID_ADRESA) values (80, 'Frederico', 'Wattam', '767818202', 'fwattam27@dagondesign.com', 53);
insert into ZAKAZNIK (ID_ZAKAZNIK, JMENO, PRIJMENI, TELEFON, EMAIL, ADRESA_ID_ADRESA) values (81, 'Xylina', 'Ingledow', '184963228', 'xingledow28@live.com', 69);
insert into ZAKAZNIK (ID_ZAKAZNIK, JMENO, PRIJMENI, TELEFON, EMAIL, ADRESA_ID_ADRESA) values (82, 'Kizzie', 'Hinz', '859750224', 'khinz29@deliciousdays.com', 56);
insert into ZAKAZNIK (ID_ZAKAZNIK, JMENO, PRIJMENI, TELEFON, EMAIL, ADRESA_ID_ADRESA) values (83, 'Cathlene', 'Grunwall', '020544115', 'cgrunwall2a@fema.gov', 53);
insert into ZAKAZNIK (ID_ZAKAZNIK, JMENO, PRIJMENI, TELEFON, EMAIL, ADRESA_ID_ADRESA) values (84, 'Maurene', 'Waddell', '235265237', 'mwaddell2b@arstechnica.com', 96);
insert into ZAKAZNIK (ID_ZAKAZNIK, JMENO, PRIJMENI, TELEFON, EMAIL, ADRESA_ID_ADRESA) values (85, 'Katharina', 'Wetherell', '551333074', 'kwetherell2c@home.pl', 95);
insert into ZAKAZNIK (ID_ZAKAZNIK, JMENO, PRIJMENI, TELEFON, EMAIL, ADRESA_ID_ADRESA) values (86, 'Luciana', 'Steeples', '081522332', 'lsteeples2d@bing.com', 3);
insert into ZAKAZNIK (ID_ZAKAZNIK, JMENO, PRIJMENI, TELEFON, EMAIL, ADRESA_ID_ADRESA) values (87, 'Loretta', 'Imeson', '814566793', 'limeson2e@nyu.edu', 80);
insert into ZAKAZNIK (ID_ZAKAZNIK, JMENO, PRIJMENI, TELEFON, EMAIL, ADRESA_ID_ADRESA) values (88, 'Joela', 'Spoors', '435540931', 'jspoors2f@mit.edu', 45);
insert into ZAKAZNIK (ID_ZAKAZNIK, JMENO, PRIJMENI, TELEFON, EMAIL, ADRESA_ID_ADRESA) values (89, 'Spence', 'Birkenhead', '990140612', 'sbirkenhead2g@ovh.net', 58);
insert into ZAKAZNIK (ID_ZAKAZNIK, JMENO, PRIJMENI, TELEFON, EMAIL, ADRESA_ID_ADRESA) values (90, 'Gavra', 'Timothy', '111336825', 'gtimothy2h@sitemeter.com', 55);
insert into ZAKAZNIK (ID_ZAKAZNIK, JMENO, PRIJMENI, TELEFON, EMAIL, ADRESA_ID_ADRESA) values (91, 'Sarine', 'Hassin', '047476736', 'shassin2i@addthis.com', 49);
insert into ZAKAZNIK (ID_ZAKAZNIK, JMENO, PRIJMENI, TELEFON, EMAIL, ADRESA_ID_ADRESA) values (92, 'Christel', 'Matfield', '364205081', 'cmatfield2j@sitemeter.com', 14);
insert into ZAKAZNIK (ID_ZAKAZNIK, JMENO, PRIJMENI, TELEFON, EMAIL, ADRESA_ID_ADRESA) values (93, 'Yvon', 'Domino', '622044218', 'ydomino2k@sbwire.com', 99);
insert into ZAKAZNIK (ID_ZAKAZNIK, JMENO, PRIJMENI, TELEFON, EMAIL, ADRESA_ID_ADRESA) values (94, 'Fancie', 'Owenson', '813026274', 'fowenson2l@posterous.com', 70);
insert into ZAKAZNIK (ID_ZAKAZNIK, JMENO, PRIJMENI, TELEFON, EMAIL, ADRESA_ID_ADRESA) values (95, 'Maddy', 'Dewing', '191077799', 'mdewing2m@alexa.com', 56);
insert into ZAKAZNIK (ID_ZAKAZNIK, JMENO, PRIJMENI, TELEFON, EMAIL, ADRESA_ID_ADRESA) values (96, 'Ty', 'Ellice', '217753470', 'tellice2n@privacy.gov.au', 32);
insert into ZAKAZNIK (ID_ZAKAZNIK, JMENO, PRIJMENI, TELEFON, EMAIL, ADRESA_ID_ADRESA) values (97, 'Rabi', 'Ricciardo', '526389283', 'rricciardo2o@nydailynews.com', 64);
insert into ZAKAZNIK (ID_ZAKAZNIK, JMENO, PRIJMENI, TELEFON, EMAIL, ADRESA_ID_ADRESA) values (98, 'Onofredo', 'Twohig', '325706430', 'otwohig2p@netlog.com', 29);
insert into ZAKAZNIK (ID_ZAKAZNIK, JMENO, PRIJMENI, TELEFON, EMAIL, ADRESA_ID_ADRESA) values (99, 'Kat', 'Wort', '413175640', 'kwort2q@flickr.com', 12);
insert into ZAKAZNIK (ID_ZAKAZNIK, JMENO, PRIJMENI, TELEFON, EMAIL, ADRESA_ID_ADRESA) values (100, 'Adey', 'Laing', '317543135', 'alaing2r@cam.ac.uk', 10);










commit;


prompt #----------------------#
prompt #- Zapnout cizi klice -#
prompt #----------------------#

exec ZAPNI_CIZI_KLICE;

prompt #------------------------------#
prompt #- Statistiky a pocty zaznamu -#
prompt #------------------------------#

begin
  -- naplnme hodnoty do sloupce NUM_ROWS v pohledu USER_TABLES (metadata v datovm slovnku)
  DBMS_STATS.GATHER_SCHEMA_STATS(ownname => user, estimate_percent => 100);
end;
/

