<?xml version = '1.0' encoding = 'UTF-8'?>
<FKArc class="oracle.dbtools.crest.model.design.relational.FKArc" directorySegmentName="seg_0" id="982F6943-2EF7-F652-35FD-E535F38F4F1D" name="FKArc_2">
<createdBy>matej</createdBy>
<createdTime>2019-05-06 11:56:16 UTC</createdTime>
<ownerDesignName>hokus-pokus</ownerDesignName>
<mandatory>false</mandatory>
<reverseArc>true</reverseArc>
<table>49B893E8-78FB-6C2B-8D2A-ACA87981A911</table>
<discriminatorColumn>7EEF3FEF-0D62-6CD0-5F09-3A043CBB11D8</discriminatorColumn>
<fkeys>
<fkeyID>A69D2FD6-BCA8-C0AF-3A83-054045924C26</fkeyID>
<fkeyID>54B2E909-85B6-08EF-F283-FAE06D9023BC</fkeyID>
</fkeys>
</FKArc>