<?xml version = '1.0' encoding = 'UTF-8'?>
<relationalModel class="oracle.dbtools.crest.model.design.relational.RelationalDesign" name="Relational_1" id="FBF20B30-9321-B662-7B69-6FD3905EEF16" mainViewID="A0281D50-FA99-D92C-63AE-6407063FA413">
<createdBy>matej</createdBy>
<createdTime>2019-05-02 20:42:22 UTC</createdTime>
<ownerDesignName>nova_verze_semestralky</ownerDesignName>
<shouldBeOpen>false</shouldBeOpen>
<selectedRDBMSSite>32076570-2523-435C-2E92-BF29817DFF70</selectedRDBMSSite>
</relationalModel>