<?xml version = '1.0' encoding = 'UTF-8'?>
<Entity class="oracle.dbtools.crest.model.design.logical.Entity" directorySegmentName="seg_0" id="4EB31787-B11C-1437-A22D-B06DDCB2C338" name="ADRESA">
<createdBy>matej</createdBy>
<createdTime>2019-05-02 20:52:58 UTC</createdTime>
<ownerDesignName>nova_verze_semestralky</ownerDesignName>
<engineerTo>
<item key="FBF20B30-9321-B662-7B69-6FD3905EEF16" value="true"/>
</engineerTo>
<adequatelyNormalized>NO</adequatelyNormalized>
<expectedVolumes>0</expectedVolumes>
<fwdEngineeringStrategyName>Single Table</fwdEngineeringStrategyName>
<growthPercent>0</growthPercent>
<growthType>Year</growthType>
<maxVolumes>9999999</maxVolumes>
<minVolumes>0</minVolumes>
<normalForm>Third</normalForm>
<attributes itemClass="oracle.dbtools.crest.model.design.logical.Attribute">
<Attribute name="ID_ADRESA" id="A054ECE7-67D1-B1FD-A136-BFD42DF244A8">
<createdBy>matej</createdBy>
<createdTime>2019-05-02 20:53:05 UTC</createdTime>
<ownerDesignName>nova_verze_semestralky</ownerDesignName>
<engineerTo>
<item key="FBF20B30-9321-B662-7B69-6FD3905EEF16" value="true"/>
</engineerTo>
<useDomainConstraints>false</useDomainConstraints>
<use>1</use>
<logicalDatatype>LOGDT011</logicalDatatype>
<ownDataTypeParameters>,,</ownDataTypeParameters>
</Attribute>
<Attribute name="ULICE" id="FCF7DC78-36C6-C9C5-1DE3-B507D58C171F">
<createdBy>matej</createdBy>
<createdTime>2019-05-02 20:53:13 UTC</createdTime>
<ownerDesignName>nova_verze_semestralky</ownerDesignName>
<engineerTo>
<item key="FBF20B30-9321-B662-7B69-6FD3905EEF16" value="true"/>
</engineerTo>
<nullsAllowed>true</nullsAllowed>
<useDomainConstraints>false</useDomainConstraints>
<use>1</use>
<logicalDatatype>LOGDT024</logicalDatatype>
<dataTypeSize>80</dataTypeSize>
<ownDataTypeParameters>80,,</ownDataTypeParameters>
</Attribute>
<Attribute name="CISLO_POPISNE" id="65125B0C-6F02-9422-EBDE-935F0171AAB6">
<createdBy>matej</createdBy>
<createdTime>2019-05-02 20:53:25 UTC</createdTime>
<ownerDesignName>nova_verze_semestralky</ownerDesignName>
<engineerTo>
<item key="FBF20B30-9321-B662-7B69-6FD3905EEF16" value="true"/>
</engineerTo>
<useDomainConstraints>false</useDomainConstraints>
<use>1</use>
<logicalDatatype>LOGDT011</logicalDatatype>
<ownDataTypeParameters>,,</ownDataTypeParameters>
</Attribute>
<Attribute name="OBEC" id="58A5AB11-C475-3FD8-D06E-B21FDB06BC8A">
<createdBy>matej</createdBy>
<createdTime>2019-05-02 20:53:40 UTC</createdTime>
<ownerDesignName>nova_verze_semestralky</ownerDesignName>
<engineerTo>
<item key="FBF20B30-9321-B662-7B69-6FD3905EEF16" value="true"/>
</engineerTo>
<useDomainConstraints>false</useDomainConstraints>
<use>1</use>
<logicalDatatype>LOGDT024</logicalDatatype>
<dataTypeSize>80</dataTypeSize>
<ownDataTypeParameters>80,,</ownDataTypeParameters>
</Attribute>
<Attribute name="PSC" id="9B7497D5-89E9-8FA7-C6C0-2D37C8697B4B">
<createdBy>matej</createdBy>
<createdTime>2019-05-02 20:54:00 UTC</createdTime>
<ownerDesignName>nova_verze_semestralky</ownerDesignName>
<engineerTo>
<item key="FBF20B30-9321-B662-7B69-6FD3905EEF16" value="true"/>
</engineerTo>
<useDomainConstraints>false</useDomainConstraints>
<use>1</use>
<logicalDatatype>LOGDT011</logicalDatatype>
<ownDataTypeParameters>,,</ownDataTypeParameters>
</Attribute>
</attributes>
<identifiers itemClass="oracle.dbtools.crest.model.design.logical.CandidateKey">
<identifier id="4A167A42-2BD0-ECC9-1090-7B3EBE0C9B7B" name="ADRESA PK">
<createdBy>matej</createdBy>
<createdTime>2019-05-02 20:53:12 UTC</createdTime>
<ownerDesignName>nova_verze_semestralky</ownerDesignName>
<shouldEngineer>false</shouldEngineer>
<engineerTo>
<item key="FBF20B30-9321-B662-7B69-6FD3905EEF16" value="false"/>
</engineerTo>
<pk>true</pk>
<usedAttributes>
<attributeRef>A054ECE7-67D1-B1FD-A136-BFD42DF244A8</attributeRef>
</usedAttributes>
</identifier>
</identifiers>
</Entity>