<?xml version = '1.0' encoding = 'UTF-8'?>
<Entity class="oracle.dbtools.crest.model.design.logical.Entity" directorySegmentName="seg_0" id="59DED074-1D2C-7126-829C-9CCC46FB8813" name="ZAKAZNIK">
<createdBy>matej</createdBy>
<createdTime>2019-05-02 20:56:57 UTC</createdTime>
<ownerDesignName>nova_verze_semestralky</ownerDesignName>
<engineerTo>
<item key="FBF20B30-9321-B662-7B69-6FD3905EEF16" value="true"/>
</engineerTo>
<adequatelyNormalized>NO</adequatelyNormalized>
<expectedVolumes>0</expectedVolumes>
<fwdEngineeringStrategyName>Single Table</fwdEngineeringStrategyName>
<growthPercent>0</growthPercent>
<growthType>Year</growthType>
<maxVolumes>9999999</maxVolumes>
<minVolumes>0</minVolumes>
<normalForm>Third</normalForm>
<attributes itemClass="oracle.dbtools.crest.model.design.logical.Attribute">
<Attribute name="ID_ZAKAZNIK" id="DD765508-F530-ED65-5E92-8C4BEA8D193D">
<createdBy>matej</createdBy>
<createdTime>2019-05-02 20:57:04 UTC</createdTime>
<ownerDesignName>nova_verze_semestralky</ownerDesignName>
<engineerTo>
<item key="FBF20B30-9321-B662-7B69-6FD3905EEF16" value="true"/>
</engineerTo>
<useDomainConstraints>false</useDomainConstraints>
<use>1</use>
<logicalDatatype>LOGDT011</logicalDatatype>
<ownDataTypeParameters>,,</ownDataTypeParameters>
</Attribute>
<Attribute name="JMENO" id="3C217C89-C221-2D1F-BFDC-FEE301E07EB7">
<createdBy>matej</createdBy>
<createdTime>2019-05-02 20:57:14 UTC</createdTime>
<ownerDesignName>nova_verze_semestralky</ownerDesignName>
<engineerTo>
<item key="FBF20B30-9321-B662-7B69-6FD3905EEF16" value="true"/>
</engineerTo>
<useDomainConstraints>false</useDomainConstraints>
<use>1</use>
<logicalDatatype>LOGDT024</logicalDatatype>
<dataTypeSize>80</dataTypeSize>
<ownDataTypeParameters>80,,</ownDataTypeParameters>
</Attribute>
<Attribute name="PRIJMENI" id="818FD320-02E1-8642-84C9-59D17841991E">
<createdBy>matej</createdBy>
<createdTime>2019-05-02 20:57:22 UTC</createdTime>
<ownerDesignName>nova_verze_semestralky</ownerDesignName>
<engineerTo>
<item key="FBF20B30-9321-B662-7B69-6FD3905EEF16" value="true"/>
</engineerTo>
<useDomainConstraints>false</useDomainConstraints>
<use>1</use>
<logicalDatatype>LOGDT024</logicalDatatype>
<dataTypeSize>80</dataTypeSize>
<ownDataTypeParameters>80,,</ownDataTypeParameters>
</Attribute>
<Attribute name="TELEFON" id="FAA825BA-FD95-E87F-EF31-F8E8A1BE1B0C">
<createdBy>matej</createdBy>
<createdTime>2019-05-02 20:57:31 UTC</createdTime>
<ownerDesignName>nova_verze_semestralky</ownerDesignName>
<engineerTo>
<item key="FBF20B30-9321-B662-7B69-6FD3905EEF16" value="true"/>
</engineerTo>
<useDomainConstraints>false</useDomainConstraints>
<use>1</use>
<logicalDatatype>LOGDT024</logicalDatatype>
<dataTypeSize>80</dataTypeSize>
<ownDataTypeParameters>80,,</ownDataTypeParameters>
</Attribute>
<Attribute name="EMAIL" id="F1A89254-B49D-9392-9AC0-B74A0FF9F109">
<createdBy>matej</createdBy>
<createdTime>2019-05-02 20:57:46 UTC</createdTime>
<ownerDesignName>nova_verze_semestralky</ownerDesignName>
<engineerTo>
<item key="FBF20B30-9321-B662-7B69-6FD3905EEF16" value="true"/>
</engineerTo>
<nullsAllowed>true</nullsAllowed>
<useDomainConstraints>false</useDomainConstraints>
<use>1</use>
<logicalDatatype>LOGDT024</logicalDatatype>
<dataTypeSize>80</dataTypeSize>
<ownDataTypeParameters>80,,</ownDataTypeParameters>
</Attribute>
<Attribute name="ID_ADRESA" id="85AE91F2-F766-9B28-9682-2FAAA419C6AA">
<createdBy>matej</createdBy>
<createdTime>2019-05-02 20:58:27 UTC</createdTime>
<generatorID>68A0BB93-B6D0-4C0B-6188-CE3CD3EEC4F5</generatorID>
<ownerDesignName>nova_verze_semestralky</ownerDesignName>
<engineerTo>
<item key="FBF20B30-9321-B662-7B69-6FD3905EEF16" value="true"/>
</engineerTo>
<referedAttribute>A054ECE7-67D1-B1FD-A136-BFD42DF244A8</referedAttribute>
<useDomainConstraints>false</useDomainConstraints>
<use>1</use>
<logicalDatatype>LOGDT011</logicalDatatype>
<ownDataTypeParameters>,,</ownDataTypeParameters>
</Attribute>
</attributes>
<identifiers itemClass="oracle.dbtools.crest.model.design.logical.CandidateKey">
<identifier id="0EB306EC-A694-E54A-1219-F5F5BFABB788" name="ZAKAZNIK PK">
<createdBy>matej</createdBy>
<createdTime>2019-05-02 20:57:11 UTC</createdTime>
<ownerDesignName>nova_verze_semestralky</ownerDesignName>
<shouldEngineer>false</shouldEngineer>
<engineerTo>
<item key="FBF20B30-9321-B662-7B69-6FD3905EEF16" value="false"/>
</engineerTo>
<pk>true</pk>
<usedAttributes>
<attributeRef>DD765508-F530-ED65-5E92-8C4BEA8D193D</attributeRef>
</usedAttributes>
</identifier>
</identifiers>
</Entity>