<?xml version = '1.0' encoding = 'UTF-8'?>
<Entity class="oracle.dbtools.crest.model.design.logical.Entity" directorySegmentName="seg_0" id="600055BD-9764-185A-E977-C3492411C255" name="INSTRUKTOR">
<createdBy>matej</createdBy>
<createdTime>2019-05-03 10:18:41 UTC</createdTime>
<ownerDesignName>nova_verze_semestralky</ownerDesignName>
<engineerTo>
<item key="FBF20B30-9321-B662-7B69-6FD3905EEF16" value="true"/>
</engineerTo>
<adequatelyNormalized>NO</adequatelyNormalized>
<expectedVolumes>0</expectedVolumes>
<fwdEngineeringStrategyName>Single Table</fwdEngineeringStrategyName>
<growthPercent>0</growthPercent>
<growthType>Year</growthType>
<hierarchicalParent>97E292E8-BE5A-EBBF-DF3A-0F54EC48CBF2</hierarchicalParent>
<maxVolumes>9999999</maxVolumes>
<minVolumes>0</minVolumes>
<normalForm>Third</normalForm>
<attributes itemClass="oracle.dbtools.crest.model.design.logical.Attribute">
<Attribute name="CO_UCI" id="379DCE91-302C-7C38-5823-13AAC1AC6E61">
<createdBy>matej</createdBy>
<createdTime>2019-05-03 10:18:49 UTC</createdTime>
<ownerDesignName>nova_verze_semestralky</ownerDesignName>
<engineerTo>
<item key="FBF20B30-9321-B662-7B69-6FD3905EEF16" value="true"/>
</engineerTo>
<useDomainConstraints>false</useDomainConstraints>
<use>1</use>
<logicalDatatype>LOGDT024</logicalDatatype>
<dataTypeSize>80</dataTypeSize>
<ownDataTypeParameters>80,,</ownDataTypeParameters>
</Attribute>
<Attribute name="UROVEN_KURZU" id="F6A66AC9-B467-E3B2-C70F-A3D05078BDC1">
<createdBy>matej</createdBy>
<createdTime>2019-05-03 10:18:58 UTC</createdTime>
<ownerDesignName>nova_verze_semestralky</ownerDesignName>
<engineerTo>
<item key="FBF20B30-9321-B662-7B69-6FD3905EEF16" value="true"/>
</engineerTo>
<useDomainConstraints>false</useDomainConstraints>
<use>1</use>
<logicalDatatype>LOGDT024</logicalDatatype>
<dataTypeSize>80</dataTypeSize>
<ownDataTypeParameters>80,,</ownDataTypeParameters>
</Attribute>
<Attribute name="VELIKOST_MUNDURU" id="B3058456-ED12-6A42-526D-FFE641E673F6">
<createdBy>matej</createdBy>
<createdTime>2019-05-03 10:19:09 UTC</createdTime>
<ownerDesignName>nova_verze_semestralky</ownerDesignName>
<engineerTo>
<item key="FBF20B30-9321-B662-7B69-6FD3905EEF16" value="true"/>
</engineerTo>
<useDomainConstraints>false</useDomainConstraints>
<use>1</use>
<logicalDatatype>LOGDT024</logicalDatatype>
<dataTypeSize>80</dataTypeSize>
<ownDataTypeParameters>80,,</ownDataTypeParameters>
</Attribute>
</attributes>
</Entity>