<?xml version = '1.0' encoding = 'UTF-8'?>
<Entity class="oracle.dbtools.crest.model.design.logical.Entity" directorySegmentName="seg_0" id="80AAA932-5601-1251-B6C5-805A59012D61" name="OBJEDNAVKA_VYUKY">
<createdBy>matej</createdBy>
<createdTime>2019-05-02 20:59:14 UTC</createdTime>
<ownerDesignName>nova_verze_semestralky</ownerDesignName>
<engineerTo>
<item key="FBF20B30-9321-B662-7B69-6FD3905EEF16" value="true"/>
</engineerTo>
<adequatelyNormalized>NO</adequatelyNormalized>
<expectedVolumes>0</expectedVolumes>
<fwdEngineeringStrategyName>Single Table</fwdEngineeringStrategyName>
<growthPercent>0</growthPercent>
<growthType>Year</growthType>
<maxVolumes>9999999</maxVolumes>
<minVolumes>0</minVolumes>
<normalForm>Third</normalForm>
<attributes itemClass="oracle.dbtools.crest.model.design.logical.Attribute">
<Attribute name="ID_OBJEDNAVKA_VYUKY" id="C60DB961-3FF0-4310-3872-B45A61CA1F1E">
<createdBy>matej</createdBy>
<createdTime>2019-05-02 20:59:22 UTC</createdTime>
<ownerDesignName>nova_verze_semestralky</ownerDesignName>
<engineerTo>
<item key="FBF20B30-9321-B662-7B69-6FD3905EEF16" value="true"/>
</engineerTo>
<useDomainConstraints>false</useDomainConstraints>
<use>1</use>
<logicalDatatype>LOGDT011</logicalDatatype>
<ownDataTypeParameters>,,</ownDataTypeParameters>
</Attribute>
<Attribute name="PREDMET_VYUKY" id="6701D3D4-5CF1-4530-DC52-7744B94BDEBE">
<createdBy>matej</createdBy>
<createdTime>2019-05-02 20:59:36 UTC</createdTime>
<ownerDesignName>nova_verze_semestralky</ownerDesignName>
<engineerTo>
<item key="FBF20B30-9321-B662-7B69-6FD3905EEF16" value="true"/>
</engineerTo>
<useDomainConstraints>false</useDomainConstraints>
<use>1</use>
<logicalDatatype>LOGDT024</logicalDatatype>
<dataTypeSize>80</dataTypeSize>
<ownDataTypeParameters>80,,</ownDataTypeParameters>
</Attribute>
<Attribute name="UROVEN" id="56253466-E050-09A9-FD9A-CD31295E8F15">
<createdBy>matej</createdBy>
<createdTime>2019-05-02 20:59:45 UTC</createdTime>
<ownerDesignName>nova_verze_semestralky</ownerDesignName>
<engineerTo>
<item key="FBF20B30-9321-B662-7B69-6FD3905EEF16" value="true"/>
</engineerTo>
<useDomainConstraints>false</useDomainConstraints>
<use>1</use>
<logicalDatatype>LOGDT024</logicalDatatype>
<dataTypeSize>80</dataTypeSize>
<ownDataTypeParameters>80,,</ownDataTypeParameters>
</Attribute>
<Attribute name="ID_ZAKAZNIK" id="8D6CB00C-B59C-E7F1-4838-F888819B0B33">
<createdBy>matej</createdBy>
<createdTime>2019-05-02 21:00:20 UTC</createdTime>
<generatorID>C2ABA625-836E-5882-B5DA-31C31AB341FF</generatorID>
<ownerDesignName>nova_verze_semestralky</ownerDesignName>
<engineerTo>
<item key="FBF20B30-9321-B662-7B69-6FD3905EEF16" value="true"/>
</engineerTo>
<referedAttribute>DD765508-F530-ED65-5E92-8C4BEA8D193D</referedAttribute>
<useDomainConstraints>false</useDomainConstraints>
<use>1</use>
<logicalDatatype>LOGDT011</logicalDatatype>
<ownDataTypeParameters>,,</ownDataTypeParameters>
</Attribute>
</attributes>
<identifiers itemClass="oracle.dbtools.crest.model.design.logical.CandidateKey">
<identifier id="97C15602-C8FA-1D18-4E49-C349F37F7843" name="OBJEDNAVKA_VYUKY PK">
<createdBy>matej</createdBy>
<createdTime>2019-05-02 20:59:33 UTC</createdTime>
<ownerDesignName>nova_verze_semestralky</ownerDesignName>
<engineerTo>
<item key="FBF20B30-9321-B662-7B69-6FD3905EEF16" value="true"/>
</engineerTo>
<pk>true</pk>
<usedAttributes>
<attributeRef>C60DB961-3FF0-4310-3872-B45A61CA1F1E</attributeRef>
</usedAttributes>
</identifier>
</identifiers>
</Entity>