<?xml version = '1.0' encoding = 'UTF-8'?>
<Entity class="oracle.dbtools.crest.model.design.logical.Entity" directorySegmentName="seg_0" id="8E61F0E6-019E-E94E-37A5-0AACFE6F0859" name="BOUDAR">
<createdBy>matej</createdBy>
<createdTime>2019-05-03 10:17:33 UTC</createdTime>
<ownerDesignName>nova_verze_semestralky</ownerDesignName>
<engineerTo>
<item key="FBF20B30-9321-B662-7B69-6FD3905EEF16" value="true"/>
</engineerTo>
<adequatelyNormalized>NO</adequatelyNormalized>
<expectedVolumes>0</expectedVolumes>
<fwdEngineeringStrategyName>Single Table</fwdEngineeringStrategyName>
<growthPercent>0</growthPercent>
<growthType>Year</growthType>
<hierarchicalParent>97E292E8-BE5A-EBBF-DF3A-0F54EC48CBF2</hierarchicalParent>
<maxVolumes>9999999</maxVolumes>
<minVolumes>0</minVolumes>
<normalForm>Third</normalForm>
<attributes itemClass="oracle.dbtools.crest.model.design.logical.Attribute">
<Attribute name="PRACOVNI_ZARAZENI" id="19F9B683-2C21-7116-EC83-9F053D45992E">
<createdBy>matej</createdBy>
<createdTime>2019-05-03 10:17:44 UTC</createdTime>
<ownerDesignName>nova_verze_semestralky</ownerDesignName>
<engineerTo>
<item key="FBF20B30-9321-B662-7B69-6FD3905EEF16" value="true"/>
</engineerTo>
<useDomainConstraints>false</useDomainConstraints>
<use>1</use>
<logicalDatatype>LOGDT024</logicalDatatype>
<dataTypeSize>80</dataTypeSize>
<ownDataTypeParameters>80,,</ownDataTypeParameters>
</Attribute>
<Attribute name="ZODPOVEDNOST_ZA_OBJEDNAVKY" id="693BA948-3214-4773-D14A-9A003611CD21">
<createdBy>matej</createdBy>
<createdTime>2019-05-03 10:17:58 UTC</createdTime>
<ownerDesignName>nova_verze_semestralky</ownerDesignName>
<engineerTo>
<item key="FBF20B30-9321-B662-7B69-6FD3905EEF16" value="true"/>
</engineerTo>
<useDomainConstraints>false</useDomainConstraints>
<use>1</use>
<logicalDatatype>LOGDT006</logicalDatatype>
<dataTypeSize>1</dataTypeSize>
<ownDataTypeParameters>1,,</ownDataTypeParameters>
</Attribute>
<Attribute name="ZODPOVEDNOST_ZA_PENIZE" id="ED98B13C-1A31-CD7D-E920-D2E378290A05">
<createdBy>matej</createdBy>
<createdTime>2019-05-03 10:18:14 UTC</createdTime>
<ownerDesignName>nova_verze_semestralky</ownerDesignName>
<engineerTo>
<item key="FBF20B30-9321-B662-7B69-6FD3905EEF16" value="true"/>
</engineerTo>
<useDomainConstraints>false</useDomainConstraints>
<use>1</use>
<logicalDatatype>LOGDT006</logicalDatatype>
<dataTypeSize>1</dataTypeSize>
<ownDataTypeParameters>1,,</ownDataTypeParameters>
</Attribute>
</attributes>
</Entity>