<?xml version = '1.0' encoding = 'UTF-8'?>
<Entity class="oracle.dbtools.crest.model.design.logical.Entity" directorySegmentName="seg_0" id="97E292E8-BE5A-EBBF-DF3A-0F54EC48CBF2" name="ZAMESTNANEC">
<createdBy>matej</createdBy>
<createdTime>2019-05-03 10:15:40 UTC</createdTime>
<ownerDesignName>hokus-pokus</ownerDesignName>
<engineerTo>
<item key="FBF20B30-9321-B662-7B69-6FD3905EEF16" value="true"/>
</engineerTo>
<adequatelyNormalized>NO</adequatelyNormalized>
<expectedVolumes>0</expectedVolumes>
<fwdEngineeringStrategyName>Single Table</fwdEngineeringStrategyName>
<growthPercent>0</growthPercent>
<growthType>Year</growthType>
<maxVolumes>9999999</maxVolumes>
<minVolumes>0</minVolumes>
<normalForm>Third</normalForm>
<generateDiscrimColumn>true</generateDiscrimColumn>
<attributes itemClass="oracle.dbtools.crest.model.design.logical.Attribute">
<Attribute name="ID_ZAMESTNANEC" id="9CF6C40F-DE29-BAD4-08E0-109A69E2107D">
<createdBy>matej</createdBy>
<createdTime>2019-05-03 10:15:52 UTC</createdTime>
<ownerDesignName>hokus-pokus</ownerDesignName>
<engineerTo>
<item key="FBF20B30-9321-B662-7B69-6FD3905EEF16" value="true"/>
</engineerTo>
<useDomainConstraints>false</useDomainConstraints>
<use>1</use>
<logicalDatatype>LOGDT011</logicalDatatype>
<ownDataTypeParameters>,,</ownDataTypeParameters>
</Attribute>
<Attribute name="JMENO" id="9EDADF01-76E1-CA0A-1BAA-D2B03D027DF5">
<createdBy>matej</createdBy>
<createdTime>2019-05-03 10:16:10 UTC</createdTime>
<ownerDesignName>hokus-pokus</ownerDesignName>
<engineerTo>
<item key="FBF20B30-9321-B662-7B69-6FD3905EEF16" value="true"/>
</engineerTo>
<useDomainConstraints>false</useDomainConstraints>
<use>1</use>
<logicalDatatype>LOGDT024</logicalDatatype>
<dataTypeSize>80</dataTypeSize>
<ownDataTypeParameters>80,,</ownDataTypeParameters>
</Attribute>
<Attribute name="PRIJMENI" id="A64AD07C-3312-1D4D-18A2-80901111BFA9">
<createdBy>matej</createdBy>
<createdTime>2019-05-03 10:16:22 UTC</createdTime>
<ownerDesignName>hokus-pokus</ownerDesignName>
<engineerTo>
<item key="FBF20B30-9321-B662-7B69-6FD3905EEF16" value="true"/>
</engineerTo>
<useDomainConstraints>false</useDomainConstraints>
<use>1</use>
<logicalDatatype>LOGDT024</logicalDatatype>
<dataTypeSize>80</dataTypeSize>
<ownDataTypeParameters>80,,</ownDataTypeParameters>
</Attribute>
<Attribute name="TELEFON" id="F46F5258-C1B9-BD06-2300-01E1C918F879">
<createdBy>matej</createdBy>
<createdTime>2019-05-03 10:16:35 UTC</createdTime>
<ownerDesignName>hokus-pokus</ownerDesignName>
<engineerTo>
<item key="FBF20B30-9321-B662-7B69-6FD3905EEF16" value="true"/>
</engineerTo>
<useDomainConstraints>false</useDomainConstraints>
<use>1</use>
<logicalDatatype>LOGDT024</logicalDatatype>
<dataTypeSize>80</dataTypeSize>
<ownDataTypeParameters>80,,</ownDataTypeParameters>
</Attribute>
<Attribute name="EMAIL" id="5C654AC7-09DA-E419-A70E-8C31B216B4F4">
<createdBy>matej</createdBy>
<createdTime>2019-05-03 10:17:07 UTC</createdTime>
<ownerDesignName>hokus-pokus</ownerDesignName>
<engineerTo>
<item key="FBF20B30-9321-B662-7B69-6FD3905EEF16" value="true"/>
</engineerTo>
<useDomainConstraints>false</useDomainConstraints>
<use>1</use>
<logicalDatatype>LOGDT024</logicalDatatype>
<dataTypeSize>80</dataTypeSize>
<ownDataTypeParameters>80,,</ownDataTypeParameters>
</Attribute>
<Attribute name="DATUM_NASTUPU" id="B22C795C-F73B-9B1E-27CA-27F8DAFC147F">
<createdBy>matej</createdBy>
<createdTime>2019-05-03 10:17:17 UTC</createdTime>
<ownerDesignName>hokus-pokus</ownerDesignName>
<engineerTo>
<item key="FBF20B30-9321-B662-7B69-6FD3905EEF16" value="true"/>
</engineerTo>
<useDomainConstraints>false</useDomainConstraints>
<use>1</use>
<logicalDatatype>LOGDT007</logicalDatatype>
<ownDataTypeParameters>,,</ownDataTypeParameters>
</Attribute>
<Attribute name="PLAT" id="48077048-258E-D011-872E-7DC5957F8511">
<createdBy>matej</createdBy>
<createdTime>2019-05-03 13:29:15 UTC</createdTime>
<ownerDesignName>hokus-pokus</ownerDesignName>
<engineerTo>
<item key="FBF20B30-9321-B662-7B69-6FD3905EEF16" value="true"/>
</engineerTo>
<useDomainConstraints>false</useDomainConstraints>
<use>1</use>
<logicalDatatype>LOGDT011</logicalDatatype>
<ownDataTypeParameters>,,</ownDataTypeParameters>
</Attribute>
<Attribute name="ID_ADRESA" id="BA51F6CC-E299-6BC1-AF27-FC5782529334">
<createdBy>matej</createdBy>
<createdTime>2019-05-03 10:20:33 UTC</createdTime>
<generatorID>2973FA41-F88A-DCB4-C77A-3C511BF4105D</generatorID>
<ownerDesignName>hokus-pokus</ownerDesignName>
<engineerTo>
<item key="FBF20B30-9321-B662-7B69-6FD3905EEF16" value="true"/>
</engineerTo>
<referedAttribute>A054ECE7-67D1-B1FD-A136-BFD42DF244A8</referedAttribute>
<useDomainConstraints>false</useDomainConstraints>
<use>1</use>
<logicalDatatype>LOGDT011</logicalDatatype>
<ownDataTypeParameters>,,</ownDataTypeParameters>
</Attribute>
</attributes>
<identifiers itemClass="oracle.dbtools.crest.model.design.logical.CandidateKey">
<identifier id="53CFD8FF-BF97-2272-6D33-44BDFC882A7B" name="ZAMESTNANEC PK">
<createdBy>matej</createdBy>
<createdTime>2019-05-03 10:16:09 UTC</createdTime>
<ownerDesignName>hokus-pokus</ownerDesignName>
<engineerTo>
<item key="FBF20B30-9321-B662-7B69-6FD3905EEF16" value="true"/>
</engineerTo>
<pk>true</pk>
<usedAttributes>
<attributeRef>9CF6C40F-DE29-BAD4-08E0-109A69E2107D</attributeRef>
</usedAttributes>
</identifier>
</identifiers>
</Entity>