<?xml version = '1.0' encoding = 'UTF-8'?>
<Entity class="oracle.dbtools.crest.model.design.logical.Entity" directorySegmentName="seg_0" id="F2FFA0BE-1053-9711-D29A-D0B4AA130D3A" name="HODINA_VYUKY">
<createdBy>matej</createdBy>
<createdTime>2019-05-02 21:01:44 UTC</createdTime>
<ownerDesignName>nova_verze_semestralky</ownerDesignName>
<engineerTo>
<item key="FBF20B30-9321-B662-7B69-6FD3905EEF16" value="true"/>
</engineerTo>
<adequatelyNormalized>NO</adequatelyNormalized>
<expectedVolumes>0</expectedVolumes>
<fwdEngineeringStrategyName>Single Table</fwdEngineeringStrategyName>
<growthPercent>0</growthPercent>
<growthType>Year</growthType>
<maxVolumes>9999999</maxVolumes>
<minVolumes>0</minVolumes>
<normalForm>Third</normalForm>
<attributes itemClass="oracle.dbtools.crest.model.design.logical.Attribute">
<Attribute name="ID_HODINA_VYUKY" id="3A4ABEFA-8E19-BE6D-EA22-DD32D8FEC4B7">
<createdBy>matej</createdBy>
<createdTime>2019-05-02 21:01:51 UTC</createdTime>
<ownerDesignName>nova_verze_semestralky</ownerDesignName>
<engineerTo>
<item key="FBF20B30-9321-B662-7B69-6FD3905EEF16" value="true"/>
</engineerTo>
<useDomainConstraints>false</useDomainConstraints>
<use>1</use>
<logicalDatatype>LOGDT011</logicalDatatype>
<ownDataTypeParameters>,,</ownDataTypeParameters>
</Attribute>
<Attribute name="DATUM" id="F12262CE-769E-815C-4138-B19A3F97F39A">
<createdBy>matej</createdBy>
<createdTime>2019-05-02 21:02:00 UTC</createdTime>
<ownerDesignName>nova_verze_semestralky</ownerDesignName>
<engineerTo>
<item key="FBF20B30-9321-B662-7B69-6FD3905EEF16" value="true"/>
</engineerTo>
<useDomainConstraints>false</useDomainConstraints>
<use>1</use>
<logicalDatatype>LOGDT007</logicalDatatype>
<ownDataTypeParameters>,,</ownDataTypeParameters>
</Attribute>
<Attribute name="OD" id="8DC09488-931D-820A-427F-A605C55D9662">
<createdBy>matej</createdBy>
<createdTime>2019-05-02 21:02:09 UTC</createdTime>
<ownerDesignName>nova_verze_semestralky</ownerDesignName>
<engineerTo>
<item key="FBF20B30-9321-B662-7B69-6FD3905EEF16" value="true"/>
</engineerTo>
<useDomainConstraints>false</useDomainConstraints>
<use>1</use>
<logicalDatatype>LOGDT024</logicalDatatype>
<dataTypeSize>80</dataTypeSize>
<ownDataTypeParameters>80,,</ownDataTypeParameters>
</Attribute>
<Attribute name="DO" id="6A8BE460-F5AC-D5B0-E26C-5FD2D5FB6593">
<createdBy>matej</createdBy>
<createdTime>2019-05-02 21:03:15 UTC</createdTime>
<ownerDesignName>nova_verze_semestralky</ownerDesignName>
<engineerTo>
<item key="FBF20B30-9321-B662-7B69-6FD3905EEF16" value="true"/>
</engineerTo>
<useDomainConstraints>false</useDomainConstraints>
<use>1</use>
<logicalDatatype>LOGDT024</logicalDatatype>
<dataTypeSize>80</dataTypeSize>
<ownDataTypeParameters>80,,</ownDataTypeParameters>
</Attribute>
<Attribute name="CENA" id="379CA52D-C665-AD55-BDB8-279AB34D106A">
<createdBy>matej</createdBy>
<createdTime>2019-05-02 21:03:30 UTC</createdTime>
<ownerDesignName>nova_verze_semestralky</ownerDesignName>
<engineerTo>
<item key="FBF20B30-9321-B662-7B69-6FD3905EEF16" value="true"/>
</engineerTo>
<useDomainConstraints>false</useDomainConstraints>
<use>1</use>
<logicalDatatype>LOGDT011</logicalDatatype>
<ownDataTypeParameters>,,</ownDataTypeParameters>
</Attribute>
<Attribute name="ID_OBJEDNAVKA_VYUKY" id="2CCDDCAF-AD26-9898-04DA-6F5B854F76C5">
<createdBy>matej</createdBy>
<createdTime>2019-05-02 21:03:49 UTC</createdTime>
<generatorID>18AC3865-7FC4-22B1-1D7E-43EA4ACB93A3</generatorID>
<ownerDesignName>nova_verze_semestralky</ownerDesignName>
<engineerTo>
<item key="FBF20B30-9321-B662-7B69-6FD3905EEF16" value="true"/>
</engineerTo>
<referedAttribute>C60DB961-3FF0-4310-3872-B45A61CA1F1E</referedAttribute>
<useDomainConstraints>false</useDomainConstraints>
<use>1</use>
<logicalDatatype>LOGDT011</logicalDatatype>
<ownDataTypeParameters>,,</ownDataTypeParameters>
</Attribute>
</attributes>
<identifiers itemClass="oracle.dbtools.crest.model.design.logical.CandidateKey">
<identifier id="D9BD1C0D-093C-1474-E746-F0E77D22388B" name="HODINA_VYUKY PK">
<createdBy>matej</createdBy>
<createdTime>2019-05-02 21:01:58 UTC</createdTime>
<ownerDesignName>nova_verze_semestralky</ownerDesignName>
<shouldEngineer>false</shouldEngineer>
<engineerTo>
<item key="FBF20B30-9321-B662-7B69-6FD3905EEF16" value="false"/>
</engineerTo>
<pk>true</pk>
<usedAttributes>
<attributeRef>3A4ABEFA-8E19-BE6D-EA22-DD32D8FEC4B7</attributeRef>
<attributeRef>2CCDDCAF-AD26-9898-04DA-6F5B854F76C5</attributeRef>
</usedAttributes>
</identifier>
</identifiers>
</Entity>