<?xml version = '1.0' encoding = 'UTF-8'?>
<Relation class="oracle.dbtools.crest.model.design.logical.Relation" name="OBJEDNAVKA_HODINA" directorySegmentName="seg_0" id="18AC3865-7FC4-22B1-1D7E-43EA4ACB93A3">
<createdBy>matej</createdBy>
<createdTime>2019-05-02 21:03:49 UTC</createdTime>
<ownerDesignName>nova_verze_semestralky</ownerDesignName>
<engineerTo>
<item key="FBF20B30-9321-B662-7B69-6FD3905EEF16" value="true"/>
</engineerTo>
<sourcePk>97C15602-C8FA-1D18-4E49-C349F37F7843</sourcePk>
<identifying>true</identifying>
<nameOnSource>zahrnuje</nameOnSource>
<optionalSource>false</optionalSource>
<optionalTarget>false</optionalTarget>
<sourceCardinality>1</sourceCardinality>
<sourceEntity>80AAA932-5601-1251-B6C5-805A59012D61</sourceEntity>
<targetCardinalityString>*</targetCardinalityString>
<targetEntity>F2FFA0BE-1053-9711-D29A-D0B4AA130D3A</targetEntity>
<transferable>true</transferable>
<deleteRule>NO ACTION</deleteRule>
</Relation>