<?xml version = '1.0' encoding = 'UTF-8'?>
<Relation class="oracle.dbtools.crest.model.design.logical.Relation" name="ZAMESTNANEC_ADRESA" directorySegmentName="seg_0" id="2973FA41-F88A-DCB4-C77A-3C511BF4105D">
<createdBy>matej</createdBy>
<createdTime>2019-05-03 10:20:33 UTC</createdTime>
<ownerDesignName>nova_verze_semestralky</ownerDesignName>
<engineerTo>
<item key="FBF20B30-9321-B662-7B69-6FD3905EEF16" value="true"/>
</engineerTo>
<sourcePk>4A167A42-2BD0-ECC9-1090-7B3EBE0C9B7B</sourcePk>
<identifying>false</identifying>
<nameOnTarget>bydli na</nameOnTarget>
<optionalSource>true</optionalSource>
<optionalTarget>false</optionalTarget>
<sourceCardinality>1</sourceCardinality>
<sourceEntity>4EB31787-B11C-1437-A22D-B06DDCB2C338</sourceEntity>
<targetCardinalityString>*</targetCardinalityString>
<targetEntity>97E292E8-BE5A-EBBF-DF3A-0F54EC48CBF2</targetEntity>
<transferable>true</transferable>
<deleteRule>NO ACTION</deleteRule>
</Relation>