<?xml version = '1.0' encoding = 'UTF-8'?>
<Relation class="oracle.dbtools.crest.model.design.logical.Relation" name="OBJ_VYBAVENI_LYZE" directorySegmentName="seg_0" id="4DF8FE91-ECDF-FFF5-1899-196D19553486">
<createdBy>matej</createdBy>
<createdTime>2019-05-02 21:27:15 UTC</createdTime>
<ownerDesignName>nova_verze_semestralky</ownerDesignName>
<engineerTo>
<item key="FBF20B30-9321-B662-7B69-6FD3905EEF16" value="true"/>
</engineerTo>
<identifying>false</identifying>
<nameOnSource>zahrnuje</nameOnSource>
<nameOnTarget>jsou pujceny</nameOnTarget>
<optionalSource>true</optionalSource>
<optionalTarget>true</optionalTarget>
<sourceCardinality>*</sourceCardinality>
<sourceEntity>FCCEC763-012C-6184-636F-08708A1EF20F</sourceEntity>
<targetCardinalityString>*</targetCardinalityString>
<targetEntity>2A23D33B-67FF-2AFA-1D9A-627795A40E48</targetEntity>
<transferable>true</transferable>
<deleteRule>NO ACTION</deleteRule>
</Relation>