<?xml version = '1.0' encoding = 'UTF-8'?>
<Relation class="oracle.dbtools.crest.model.design.logical.Relation" name="INSTRUKTOR_HODINA" directorySegmentName="seg_0" id="61A1CB80-F3DC-81B6-B1DB-9B9E7554782A">
<createdBy>matej</createdBy>
<createdTime>2019-05-03 10:21:00 UTC</createdTime>
<ownerDesignName>nova_verze_semestralky</ownerDesignName>
<engineerTo>
<item key="FBF20B30-9321-B662-7B69-6FD3905EEF16" value="true"/>
</engineerTo>
<identifying>false</identifying>
<nameOnSource>uci</nameOnSource>
<nameOnTarget>je vyucovana</nameOnTarget>
<optionalSource>true</optionalSource>
<optionalTarget>false</optionalTarget>
<sourceCardinality>*</sourceCardinality>
<sourceEntity>600055BD-9764-185A-E977-C3492411C255</sourceEntity>
<targetCardinalityString>*</targetCardinalityString>
<targetEntity>F2FFA0BE-1053-9711-D29A-D0B4AA130D3A</targetEntity>
<transferable>true</transferable>
<deleteRule>NO ACTION</deleteRule>
</Relation>