<?xml version = '1.0' encoding = 'UTF-8'?>
<Relation class="oracle.dbtools.crest.model.design.logical.Relation" name="ADRESA_ZAKAZNIK" directorySegmentName="seg_0" id="68A0BB93-B6D0-4C0B-6188-CE3CD3EEC4F5">
<createdBy>matej</createdBy>
<createdTime>2019-05-02 20:58:27 UTC</createdTime>
<ownerDesignName>nova_verze_semestralky</ownerDesignName>
<engineerTo>
<item key="FBF20B30-9321-B662-7B69-6FD3905EEF16" value="true"/>
</engineerTo>
<sourcePk>4A167A42-2BD0-ECC9-1090-7B3EBE0C9B7B</sourcePk>
<identifying>false</identifying>
<nameOnTarget>bydli na</nameOnTarget>
<optionalSource>true</optionalSource>
<optionalTarget>false</optionalTarget>
<sourceCardinality>1</sourceCardinality>
<sourceEntity>4EB31787-B11C-1437-A22D-B06DDCB2C338</sourceEntity>
<targetCardinalityString>*</targetCardinalityString>
<targetEntity>59DED074-1D2C-7126-829C-9CCC46FB8813</targetEntity>
<transferable>true</transferable>
<deleteRule>NO ACTION</deleteRule>
</Relation>