<?xml version = '1.0' encoding = 'UTF-8'?>
<Relation class="oracle.dbtools.crest.model.design.logical.Relation" name="OBJ_VYBAVENI_HULKY" directorySegmentName="seg_0" id="8FEDBDC3-1D4B-B641-A951-50A829EC24C6">
<createdBy>matej</createdBy>
<createdTime>2019-05-02 21:25:30 UTC</createdTime>
<ownerDesignName>nova_verze_semestralky</ownerDesignName>
<engineerTo>
<item key="FBF20B30-9321-B662-7B69-6FD3905EEF16" value="true"/>
</engineerTo>
<identifying>false</identifying>
<nameOnSource>zahrnuje</nameOnSource>
<nameOnTarget>jsou pujceny</nameOnTarget>
<optionalSource>true</optionalSource>
<optionalTarget>true</optionalTarget>
<sourceCardinality>*</sourceCardinality>
<sourceEntity>FCCEC763-012C-6184-636F-08708A1EF20F</sourceEntity>
<targetCardinalityString>*</targetCardinalityString>
<targetEntity>7779D923-DFBA-49CF-DE96-B5E5AD14BD4B</targetEntity>
<transferable>true</transferable>
<deleteRule>NO ACTION</deleteRule>
</Relation>