<?xml version = '1.0' encoding = 'UTF-8'?>
<Relation class="oracle.dbtools.crest.model.design.logical.Relation" name="ZAKAZNIK_DITE" directorySegmentName="seg_0" id="9C4378D8-E404-C39A-C9CB-83C34F0171C5">
<createdBy>matej</createdBy>
<createdTime>2019-05-02 21:10:43 UTC</createdTime>
<ownerDesignName>nova_verze_semestralky</ownerDesignName>
<engineerTo>
<item key="FBF20B30-9321-B662-7B69-6FD3905EEF16" value="true"/>
</engineerTo>
<sourcePk>0EB306EC-A694-E54A-1219-F5F5BFABB788</sourcePk>
<identifying>true</identifying>
<nameOnTarget>patri k</nameOnTarget>
<optionalSource>true</optionalSource>
<optionalTarget>false</optionalTarget>
<sourceCardinality>1</sourceCardinality>
<sourceEntity>59DED074-1D2C-7126-829C-9CCC46FB8813</sourceEntity>
<targetCardinalityString>*</targetCardinalityString>
<targetEntity>5F7361CF-0D67-089B-58EE-832D5BF0DF2E</targetEntity>
<transferable>true</transferable>
<deleteRule>NO ACTION</deleteRule>
</Relation>