<?xml version = '1.0' encoding = 'UTF-8'?>
<Relation class="oracle.dbtools.crest.model.design.logical.Relation" name="ZAK_OBJEDNAVKA" directorySegmentName="seg_0" id="C2ABA625-836E-5882-B5DA-31C31AB341FF">
<createdBy>matej</createdBy>
<createdTime>2019-05-02 21:00:20 UTC</createdTime>
<ownerDesignName>nova_verze_semestralky</ownerDesignName>
<engineerTo>
<item key="FBF20B30-9321-B662-7B69-6FD3905EEF16" value="true"/>
</engineerTo>
<sourcePk>0EB306EC-A694-E54A-1219-F5F5BFABB788</sourcePk>
<identifying>false</identifying>
<nameOnTarget>je objednana</nameOnTarget>
<optionalSource>true</optionalSource>
<optionalTarget>false</optionalTarget>
<sourceCardinality>1</sourceCardinality>
<sourceEntity>59DED074-1D2C-7126-829C-9CCC46FB8813</sourceEntity>
<targetCardinalityString>*</targetCardinalityString>
<targetEntity>80AAA932-5601-1251-B6C5-805A59012D61</targetEntity>
<transferable>true</transferable>
<deleteRule>NO ACTION</deleteRule>
</Relation>