<?xml version = '1.0' encoding = 'UTF-8'?>
<Relation class="oracle.dbtools.crest.model.design.logical.Relation" name="OBJ_VYBAVENI_PRILBA" directorySegmentName="seg_0" id="C9FF870C-3EB1-114A-F8F7-DE042F7EFFB7">
<createdBy>matej</createdBy>
<createdTime>2019-05-02 21:25:00 UTC</createdTime>
<ownerDesignName>nova_verze_semestralky</ownerDesignName>
<engineerTo>
<item key="FBF20B30-9321-B662-7B69-6FD3905EEF16" value="true"/>
</engineerTo>
<identifying>false</identifying>
<nameOnSource>je pujcena</nameOnSource>
<nameOnTarget>zahrnuje</nameOnTarget>
<optionalSource>true</optionalSource>
<optionalTarget>true</optionalTarget>
<sourceCardinality>*</sourceCardinality>
<sourceEntity>647FA985-9587-0786-D307-698E51691702</sourceEntity>
<targetCardinalityString>*</targetCardinalityString>
<targetEntity>FCCEC763-012C-6184-636F-08708A1EF20F</targetEntity>
<transferable>true</transferable>
<deleteRule>NO ACTION</deleteRule>
</Relation>