<?xml version = '1.0' encoding = 'UTF-8'?>
<Relation class="oracle.dbtools.crest.model.design.logical.Relation" name="OBJ_VYBAVENI_SNB_BOTY" directorySegmentName="seg_0" id="DBE15FDE-DFA1-083B-4F31-C149EE981BE8">
<createdBy>matej</createdBy>
<createdTime>2019-05-02 21:25:53 UTC</createdTime>
<ownerDesignName>nova_verze_semestralky</ownerDesignName>
<engineerTo>
<item key="FBF20B30-9321-B662-7B69-6FD3905EEF16" value="true"/>
</engineerTo>
<identifying>false</identifying>
<nameOnSource>zahrnuje</nameOnSource>
<nameOnTarget>jsou pujceny</nameOnTarget>
<optionalSource>true</optionalSource>
<optionalTarget>true</optionalTarget>
<sourceCardinality>*</sourceCardinality>
<sourceEntity>FCCEC763-012C-6184-636F-08708A1EF20F</sourceEntity>
<targetCardinalityString>*</targetCardinalityString>
<targetEntity>CD29B835-C915-BDB9-2177-ADC05CC59306</targetEntity>
<transferable>true</transferable>
<deleteRule>NO ACTION</deleteRule>
</Relation>