<?xml version = '1.0' encoding = 'UTF-8'?>
<Relation class="oracle.dbtools.crest.model.design.logical.Relation" name="OBJ_VYBAVENI_LYZ_BOTY" directorySegmentName="seg_0" id="F4E62A9C-E72A-6111-DDCB-91B56301EF7F">
<createdBy>matej</createdBy>
<createdTime>2019-05-02 21:26:38 UTC</createdTime>
<ownerDesignName>nova_verze_semestralky</ownerDesignName>
<engineerTo>
<item key="FBF20B30-9321-B662-7B69-6FD3905EEF16" value="true"/>
</engineerTo>
<identifying>false</identifying>
<nameOnSource>zahrnuje</nameOnSource>
<nameOnTarget>jsou pujceny</nameOnTarget>
<optionalSource>true</optionalSource>
<optionalTarget>true</optionalTarget>
<sourceCardinality>*</sourceCardinality>
<sourceEntity>FCCEC763-012C-6184-636F-08708A1EF20F</sourceEntity>
<targetCardinalityString>*</targetCardinalityString>
<targetEntity>1D7611BE-3939-EA5D-3A8D-9039A293BAB4</targetEntity>
<transferable>true</transferable>
<deleteRule>NO ACTION</deleteRule>
</Relation>