<?xml version = '1.0' encoding = 'UTF-8'?>
<Relation class="oracle.dbtools.crest.model.design.logical.Relation" name="OBJ_VYBAVENI_DITE" directorySegmentName="seg_0" id="FA533DB7-4DD1-25E8-F9F7-9D14F1F96D84">
<createdBy>matej</createdBy>
<createdTime>2019-05-02 21:13:46 UTC</createdTime>
<ownerDesignName>nova_verze_semestralky</ownerDesignName>
<engineerTo>
<item key="FBF20B30-9321-B662-7B69-6FD3905EEF16" value="true"/>
</engineerTo>
<identifying>false</identifying>
<nameOnSource>patri k</nameOnSource>
<nameOnTarget>ma objednano</nameOnTarget>
<optionalSource>false</optionalSource>
<optionalTarget>true</optionalTarget>
<sourceCardinality>*</sourceCardinality>
<sourceEntity>FCCEC763-012C-6184-636F-08708A1EF20F</sourceEntity>
<targetCardinalityString>*</targetCardinalityString>
<targetEntity>5F7361CF-0D67-089B-58EE-832D5BF0DF2E</targetEntity>
<transferable>true</transferable>
<deleteRule>NO ACTION</deleteRule>
</Relation>