<?xml version = '1.0' encoding = 'UTF-8'?>
<Table class="oracle.dbtools.crest.model.design.relational.Table" directorySegmentName="seg_0" id="027FA657-1A21-BE49-1015-1D5BD271A3F1" name="OBJ_VYBAVENI_HULKY">
<createdBy>matej</createdBy>
<createdTime>2019-05-06 11:56:16 UTC</createdTime>
<ownerDesignName>hokus-pokus</ownerDesignName>
<allowColumnReorder>false</allowColumnReorder>
<existDependencyGenerateInDDl>true</existDependencyGenerateInDDl>
<parsed>true</parsed>
<columns itemClass="oracle.dbtools.crest.model.design.relational.Column">
<Column name="OBJ_VYB_ID_OBJ_VYB" id="B1BBDF07-6432-099D-3B60-A5D9C44AC048">
<createdBy>matej</createdBy>
<createdTime>2019-05-06 11:56:16 UTC</createdTime>
<ownerDesignName>hokus-pokus</ownerDesignName>
<useDomainConstraints>false</useDomainConstraints>
<use>1</use>
<logicalDatatype>LOGDT011</logicalDatatype>
<ownDataTypeParameters>,,</ownDataTypeParameters>
<previousColumn>false</previousColumn>
<autoIncrementCycle>false</autoIncrementCycle>
<associations>
<colAssociation fkAssociation="8BD0C2C1-3249-6E0C-1D53-86421C20F804" referredColumn="52AA5728-8A26-ACD1-FEDD-00A92BF7F070"/>
</associations>
</Column>
<Column name="HULKY_ID_HULKY" id="6FCFE0EA-9902-6E93-C3B4-C226D68B6765">
<createdBy>matej</createdBy>
<createdTime>2019-05-06 11:56:16 UTC</createdTime>
<ownerDesignName>hokus-pokus</ownerDesignName>
<useDomainConstraints>false</useDomainConstraints>
<use>1</use>
<logicalDatatype>LOGDT011</logicalDatatype>
<ownDataTypeParameters>,,</ownDataTypeParameters>
<previousColumn>false</previousColumn>
<autoIncrementCycle>false</autoIncrementCycle>
<associations>
<colAssociation fkAssociation="74BB395B-4651-C003-1774-39F2277A90D5" referredColumn="EA8BACD8-FC82-1B1E-3D5B-BD96EF9A4E0D"/>
</associations>
</Column>
</columns>
<indexes itemClass="oracle.dbtools.crest.model.design.relational.Index">
<ind_PK_UK id="F7A37FDD-9A92-B575-0DA1-A78D0DBD9FD2" name="OBJ_VYBAVENI_HULKY_PK">
<createdBy>matej</createdBy>
<createdTime>2019-05-06 11:56:16 UTC</createdTime>
<ownerDesignName>hokus-pokus</ownerDesignName>
<pk>true</pk>
<indexState>Primary Constraint</indexState>
<isSurrogateKey>false</isSurrogateKey>
<indexColumnUsage>
<colUsage columnID="B1BBDF07-6432-099D-3B60-A5D9C44AC048"/>
<colUsage columnID="6FCFE0EA-9902-6E93-C3B4-C226D68B6765"/>
</indexColumnUsage>
</ind_PK_UK>
<ind_PK_UK id="AB2B18DF-0BCC-AD2D-77C0-83216FE7286D" name="OBJ_VYB_HULKY_OBJ_VYB_FK">
<createdBy>matej</createdBy>
<createdTime>2019-05-06 11:56:16 UTC</createdTime>
<generatorID>8FEDBDC3-1D4B-B641-A951-50A829EC24C6</generatorID>
<ownerDesignName>hokus-pokus</ownerDesignName>
<indexState>Foreign Key</indexState>
<isSurrogateKey>false</isSurrogateKey>
<indexColumnUsage>
<colUsage columnID="B1BBDF07-6432-099D-3B60-A5D9C44AC048"/>
</indexColumnUsage>
</ind_PK_UK>
<ind_PK_UK id="8BA27589-A3DF-9D01-50D9-3D31539F6435" name="OBJ_VYB_HULKY_HULKY_FK">
<createdBy>matej</createdBy>
<createdTime>2019-05-06 11:56:16 UTC</createdTime>
<generatorID>8FEDBDC3-1D4B-B641-A951-50A829EC24C6</generatorID>
<ownerDesignName>hokus-pokus</ownerDesignName>
<indexState>Foreign Key</indexState>
<isSurrogateKey>false</isSurrogateKey>
<indexColumnUsage>
<colUsage columnID="6FCFE0EA-9902-6E93-C3B4-C226D68B6765"/>
</indexColumnUsage>
</ind_PK_UK>
</indexes>
</Table>