<?xml version = '1.0' encoding = 'UTF-8'?>
<Table class="oracle.dbtools.crest.model.design.relational.Table" directorySegmentName="seg_0" id="29AE118D-1F59-7F0A-D7FB-18FEDA6E9396" name="HODINA_VYUKY">
<createdBy>matej</createdBy>
<createdTime>2019-05-06 11:56:16 UTC</createdTime>
<generatorID>F2FFA0BE-1053-9711-D29A-D0B4AA130D3A</generatorID>
<ownerDesignName>hokus-pokus</ownerDesignName>
<allowColumnReorder>false</allowColumnReorder>
<existDependencyGenerateInDDl>true</existDependencyGenerateInDDl>
<parsed>true</parsed>
<columns itemClass="oracle.dbtools.crest.model.design.relational.Column">
<Column name="ID_HODINA_VYUKY" id="8845328C-1FAA-089D-F981-62ED58A46DFE">
<createdBy>matej</createdBy>
<createdTime>2019-05-06 11:56:16 UTC</createdTime>
<generatorID>3A4ABEFA-8E19-BE6D-EA22-DD32D8FEC4B7</generatorID>
<ownerDesignName>hokus-pokus</ownerDesignName>
<useDomainConstraints>false</useDomainConstraints>
<use>1</use>
<logicalDatatype>LOGDT011</logicalDatatype>
<ownDataTypeParameters>,,</ownDataTypeParameters>
<autoIncrementCycle>false</autoIncrementCycle>
</Column>
<Column name="DATUM" id="96AA2430-CD1E-2B9D-9103-909F7FF87668">
<createdBy>matej</createdBy>
<createdTime>2019-05-06 11:56:16 UTC</createdTime>
<generatorID>F12262CE-769E-815C-4138-B19A3F97F39A</generatorID>
<ownerDesignName>hokus-pokus</ownerDesignName>
<useDomainConstraints>false</useDomainConstraints>
<use>1</use>
<logicalDatatype>LOGDT007</logicalDatatype>
<ownDataTypeParameters>,,</ownDataTypeParameters>
<autoIncrementCycle>false</autoIncrementCycle>
</Column>
<Column name="OD" id="4F994A31-725D-9DFC-FA8E-E1110C3B91EF">
<createdBy>matej</createdBy>
<createdTime>2019-05-06 11:56:16 UTC</createdTime>
<generatorID>8DC09488-931D-820A-427F-A605C55D9662</generatorID>
<ownerDesignName>hokus-pokus</ownerDesignName>
<useDomainConstraints>false</useDomainConstraints>
<use>1</use>
<logicalDatatype>LOGDT024</logicalDatatype>
<dataTypeSize>80</dataTypeSize>
<ownDataTypeParameters>80,,</ownDataTypeParameters>
<autoIncrementCycle>false</autoIncrementCycle>
</Column>
<Column name="DO" id="3E8C7244-C898-5B7D-66D9-383EE3EF0920">
<createdBy>matej</createdBy>
<createdTime>2019-05-06 11:56:16 UTC</createdTime>
<generatorID>6A8BE460-F5AC-D5B0-E26C-5FD2D5FB6593</generatorID>
<ownerDesignName>hokus-pokus</ownerDesignName>
<useDomainConstraints>false</useDomainConstraints>
<use>1</use>
<logicalDatatype>LOGDT024</logicalDatatype>
<dataTypeSize>80</dataTypeSize>
<ownDataTypeParameters>80,,</ownDataTypeParameters>
<autoIncrementCycle>false</autoIncrementCycle>
</Column>
<Column name="CENA" id="D16A2D06-10DE-564A-5193-323A5B7715DC">
<createdBy>matej</createdBy>
<createdTime>2019-05-06 11:56:16 UTC</createdTime>
<generatorID>379CA52D-C665-AD55-BDB8-279AB34D106A</generatorID>
<ownerDesignName>hokus-pokus</ownerDesignName>
<useDomainConstraints>false</useDomainConstraints>
<use>1</use>
<logicalDatatype>LOGDT011</logicalDatatype>
<ownDataTypeParameters>,,</ownDataTypeParameters>
<autoIncrementCycle>false</autoIncrementCycle>
</Column>
<Column name="OBJ_VYUKY_ID_OBJ_VYUKY" id="70B12B90-CEBD-2FCD-882F-5E56E139E607">
<createdBy>matej</createdBy>
<createdTime>2019-05-06 11:56:16 UTC</createdTime>
<generatorID>2CCDDCAF-AD26-9898-04DA-6F5B854F76C5</generatorID>
<ownerDesignName>hokus-pokus</ownerDesignName>
<useDomainConstraints>false</useDomainConstraints>
<use>1</use>
<logicalDatatype>LOGDT011</logicalDatatype>
<ownDataTypeParameters>,,</ownDataTypeParameters>
<previousColumn>false</previousColumn>
<autoIncrementCycle>false</autoIncrementCycle>
<associations>
<colAssociation fkAssociation="7DFE464F-1D07-0AB4-B174-DBF0B81A431F" referredColumn="13D4C8AA-30E9-E195-835C-A04C39D1111A"/>
</associations>
</Column>
</columns>
<indexes itemClass="oracle.dbtools.crest.model.design.relational.Index">
<ind_PK_UK id="44B421AD-4496-4B29-7968-2852F4F77934" name="HODINA_VYUKY_PK">
<createdBy>matej</createdBy>
<createdTime>2019-05-06 11:56:16 UTC</createdTime>
<generatorID>D9BD1C0D-093C-1474-E746-F0E77D22388B</generatorID>
<ownerDesignName>hokus-pokus</ownerDesignName>
<pk>true</pk>
<indexState>Primary Constraint</indexState>
<isSurrogateKey>false</isSurrogateKey>
<indexColumnUsage>
<colUsage columnID="8845328C-1FAA-089D-F981-62ED58A46DFE"/>
<colUsage columnID="70B12B90-CEBD-2FCD-882F-5E56E139E607"/>
</indexColumnUsage>
</ind_PK_UK>
<ind_PK_UK id="B78A756D-E475-2534-14D2-C7ADB61796DE" name="HOD_VYUKY_OBJ_VYUKY_FK">
<createdBy>matej</createdBy>
<createdTime>2019-05-06 11:56:16 UTC</createdTime>
<generatorID>18AC3865-7FC4-22B1-1D7E-43EA4ACB93A3</generatorID>
<ownerDesignName>hokus-pokus</ownerDesignName>
<indexState>Foreign Key</indexState>
<isSurrogateKey>false</isSurrogateKey>
<indexColumnUsage>
<colUsage columnID="70B12B90-CEBD-2FCD-882F-5E56E139E607"/>
</indexColumnUsage>
</ind_PK_UK>
</indexes>
</Table>