<?xml version = '1.0' encoding = 'UTF-8'?>
<Table class="oracle.dbtools.crest.model.design.relational.Table" directorySegmentName="seg_0" id="34A21B34-533A-F044-6F0F-B82629937070" name="INSTRUKTOR">
<createdBy>matej</createdBy>
<createdTime>2019-05-06 11:56:16 UTC</createdTime>
<generatorID>600055BD-9764-185A-E977-C3492411C255</generatorID>
<ownerDesignName>hokus-pokus</ownerDesignName>
<allowColumnReorder>false</allowColumnReorder>
<existDependencyGenerateInDDl>true</existDependencyGenerateInDDl>
<parsed>true</parsed>
<columns itemClass="oracle.dbtools.crest.model.design.relational.Column">
<Column name="ID_ZAMESTNANEC" id="6EBF2D5F-398D-9F0F-F6B9-F3940B517935">
<createdBy>matej</createdBy>
<createdTime>2019-05-06 11:56:16 UTC</createdTime>
<generatorID>9CF6C40F-DE29-BAD4-08E0-109A69E2107D</generatorID>
<ownerDesignName>hokus-pokus</ownerDesignName>
<useDomainConstraints>false</useDomainConstraints>
<use>1</use>
<logicalDatatype>LOGDT011</logicalDatatype>
<ownDataTypeParameters>,,</ownDataTypeParameters>
<autoIncrementCycle>false</autoIncrementCycle>
<associations>
<colAssociation fkAssociation="A69D2FD6-BCA8-C0AF-3A83-054045924C26" referredColumn="72EF2FCC-F8DC-319C-F9D8-F4428F90F677"/>
</associations>
</Column>
<Column name="CO_UCI" id="0A0B8FA5-5A63-BD9B-202A-B61CC87B88B8">
<createdBy>matej</createdBy>
<createdTime>2019-05-06 11:56:16 UTC</createdTime>
<generatorID>379DCE91-302C-7C38-5823-13AAC1AC6E61</generatorID>
<ownerDesignName>hokus-pokus</ownerDesignName>
<useDomainConstraints>false</useDomainConstraints>
<use>1</use>
<logicalDatatype>LOGDT024</logicalDatatype>
<dataTypeSize>80</dataTypeSize>
<ownDataTypeParameters>80,,</ownDataTypeParameters>
<autoIncrementCycle>false</autoIncrementCycle>
</Column>
<Column name="UROVEN_KURZU" id="747FE324-DA34-4DCE-D898-F079FFEE20F0">
<createdBy>matej</createdBy>
<createdTime>2019-05-06 11:56:16 UTC</createdTime>
<generatorID>F6A66AC9-B467-E3B2-C70F-A3D05078BDC1</generatorID>
<ownerDesignName>hokus-pokus</ownerDesignName>
<useDomainConstraints>false</useDomainConstraints>
<use>1</use>
<logicalDatatype>LOGDT024</logicalDatatype>
<dataTypeSize>80</dataTypeSize>
<ownDataTypeParameters>80,,</ownDataTypeParameters>
<autoIncrementCycle>false</autoIncrementCycle>
</Column>
<Column name="VELIKOST_MUNDURU" id="E335B067-2809-13B2-29C5-0F372FCC5E34">
<createdBy>matej</createdBy>
<createdTime>2019-05-06 11:56:16 UTC</createdTime>
<generatorID>B3058456-ED12-6A42-526D-FFE641E673F6</generatorID>
<ownerDesignName>hokus-pokus</ownerDesignName>
<useDomainConstraints>false</useDomainConstraints>
<use>1</use>
<logicalDatatype>LOGDT024</logicalDatatype>
<dataTypeSize>80</dataTypeSize>
<ownDataTypeParameters>80,,</ownDataTypeParameters>
<autoIncrementCycle>false</autoIncrementCycle>
</Column>
</columns>
<indexes itemClass="oracle.dbtools.crest.model.design.relational.Index">
<ind_PK_UK id="F89BA5C8-DA06-E1A8-C465-9ED8231E3EF5" name="INSTRUKTOR_PK">
<createdBy>matej</createdBy>
<createdTime>2019-05-06 11:56:16 UTC</createdTime>
<generatorID>53CFD8FF-BF97-2272-6D33-44BDFC882A7B</generatorID>
<ownerDesignName>hokus-pokus</ownerDesignName>
<pk>true</pk>
<indexState>Primary Constraint</indexState>
<isSurrogateKey>false</isSurrogateKey>
<indexColumnUsage>
<colUsage columnID="6EBF2D5F-398D-9F0F-F6B9-F3940B517935"/>
</indexColumnUsage>
</ind_PK_UK>
<ind_PK_UK id="55EE2A78-12F3-A7EF-F204-FC507868F39C" name="INSTRUKTOR_ZAMESTNANEC_FK">
<createdBy>matej</createdBy>
<createdTime>2019-05-06 11:56:16 UTC</createdTime>
<generatorID>E17AE7EA-65DA-04F8-F0F8-D043596A2BD3</generatorID>
<ownerDesignName>hokus-pokus</ownerDesignName>
<indexState>Foreign Key</indexState>
<isSurrogateKey>false</isSurrogateKey>
<indexColumnUsage>
<colUsage columnID="6EBF2D5F-398D-9F0F-F6B9-F3940B517935"/>
</indexColumnUsage>
</ind_PK_UK>
</indexes>
</Table>