<?xml version = '1.0' encoding = 'UTF-8'?>
<Table class="oracle.dbtools.crest.model.design.relational.Table" directorySegmentName="seg_0" id="644BC2C8-83FC-D1C0-C956-A26A4718A1E5" name="OBJ_VYBAVENI_LYZE">
<createdBy>matej</createdBy>
<createdTime>2019-05-06 11:56:16 UTC</createdTime>
<ownerDesignName>hokus-pokus</ownerDesignName>
<allowColumnReorder>false</allowColumnReorder>
<existDependencyGenerateInDDl>true</existDependencyGenerateInDDl>
<parsed>true</parsed>
<columns itemClass="oracle.dbtools.crest.model.design.relational.Column">
<Column name="OBJ_VYB_ID_OBJ_VYB" id="9203A312-DD54-FB99-C31D-52C84F223DA2">
<createdBy>matej</createdBy>
<createdTime>2019-05-06 11:56:16 UTC</createdTime>
<ownerDesignName>hokus-pokus</ownerDesignName>
<useDomainConstraints>false</useDomainConstraints>
<use>1</use>
<logicalDatatype>LOGDT011</logicalDatatype>
<ownDataTypeParameters>,,</ownDataTypeParameters>
<previousColumn>false</previousColumn>
<autoIncrementCycle>false</autoIncrementCycle>
<associations>
<colAssociation fkAssociation="9976F663-C810-B189-99CE-2823281608F7" referredColumn="52AA5728-8A26-ACD1-FEDD-00A92BF7F070"/>
</associations>
</Column>
<Column name="LYZE_ID_LYZE" id="C3BAF933-A606-B8F3-2078-9A37197A5540">
<createdBy>matej</createdBy>
<createdTime>2019-05-06 11:56:16 UTC</createdTime>
<ownerDesignName>hokus-pokus</ownerDesignName>
<useDomainConstraints>false</useDomainConstraints>
<use>1</use>
<logicalDatatype>LOGDT011</logicalDatatype>
<ownDataTypeParameters>,,</ownDataTypeParameters>
<previousColumn>false</previousColumn>
<autoIncrementCycle>false</autoIncrementCycle>
<associations>
<colAssociation fkAssociation="4D05DD5B-8F41-DD21-3BB1-57CD4C8289C1" referredColumn="98947F57-9E30-850F-9E87-2BF6BFCF8E95"/>
</associations>
</Column>
</columns>
<indexes itemClass="oracle.dbtools.crest.model.design.relational.Index">
<ind_PK_UK id="95033E42-8567-9BF7-1E7E-7A50855542CB" name="OBJ_VYBAVENI_LYZE_PK">
<createdBy>matej</createdBy>
<createdTime>2019-05-06 11:56:16 UTC</createdTime>
<ownerDesignName>hokus-pokus</ownerDesignName>
<pk>true</pk>
<indexState>Primary Constraint</indexState>
<isSurrogateKey>false</isSurrogateKey>
<indexColumnUsage>
<colUsage columnID="9203A312-DD54-FB99-C31D-52C84F223DA2"/>
<colUsage columnID="C3BAF933-A606-B8F3-2078-9A37197A5540"/>
</indexColumnUsage>
</ind_PK_UK>
<ind_PK_UK id="93A77CD4-F9A2-A2D4-B14B-EE94FBE4621C" name="OBJ_VYB_LYZE_OBJ_VYB_FK">
<createdBy>matej</createdBy>
<createdTime>2019-05-06 11:56:16 UTC</createdTime>
<generatorID>4DF8FE91-ECDF-FFF5-1899-196D19553486</generatorID>
<ownerDesignName>hokus-pokus</ownerDesignName>
<indexState>Foreign Key</indexState>
<isSurrogateKey>false</isSurrogateKey>
<indexColumnUsage>
<colUsage columnID="9203A312-DD54-FB99-C31D-52C84F223DA2"/>
</indexColumnUsage>
</ind_PK_UK>
<ind_PK_UK id="C1697232-B378-9135-B503-5C83FB5C9F54" name="OBJ_VYB_LYZE_LYZE_FK">
<createdBy>matej</createdBy>
<createdTime>2019-05-06 11:56:16 UTC</createdTime>
<generatorID>4DF8FE91-ECDF-FFF5-1899-196D19553486</generatorID>
<ownerDesignName>hokus-pokus</ownerDesignName>
<indexState>Foreign Key</indexState>
<isSurrogateKey>false</isSurrogateKey>
<indexColumnUsage>
<colUsage columnID="C3BAF933-A606-B8F3-2078-9A37197A5540"/>
</indexColumnUsage>
</ind_PK_UK>
</indexes>
</Table>