<?xml version = '1.0' encoding = 'UTF-8'?>
<Table class="oracle.dbtools.crest.model.design.relational.Table" directorySegmentName="seg_0" id="719AC859-D85C-8710-7496-E4C5D44B2DB9" name="INSTRUKTOR_HODINA">
<createdBy>matej</createdBy>
<createdTime>2019-05-06 11:56:16 UTC</createdTime>
<ownerDesignName>hokus-pokus</ownerDesignName>
<allowColumnReorder>false</allowColumnReorder>
<existDependencyGenerateInDDl>true</existDependencyGenerateInDDl>
<parsed>true</parsed>
<columns itemClass="oracle.dbtools.crest.model.design.relational.Column">
<Column name="INSTR_ID_ZAMESTNANEC" id="DF140891-F219-1B73-AA1E-C2C2477CABA9">
<createdBy>matej</createdBy>
<createdTime>2019-05-06 11:56:16 UTC</createdTime>
<ownerDesignName>hokus-pokus</ownerDesignName>
<useDomainConstraints>false</useDomainConstraints>
<use>1</use>
<logicalDatatype>LOGDT011</logicalDatatype>
<ownDataTypeParameters>,,</ownDataTypeParameters>
<previousColumn>false</previousColumn>
<autoIncrementCycle>false</autoIncrementCycle>
<associations>
<colAssociation fkAssociation="424ED534-6D06-ADFD-3ABC-57C00C9379B0" referredColumn="6EBF2D5F-398D-9F0F-F6B9-F3940B517935"/>
</associations>
</Column>
<Column name="HOD_VYUKY_ID_HOD_VYUKY" id="4B83A4D4-5CAF-467D-C62F-B2B7DFE2BA31">
<createdBy>matej</createdBy>
<createdTime>2019-05-06 11:56:16 UTC</createdTime>
<ownerDesignName>hokus-pokus</ownerDesignName>
<useDomainConstraints>false</useDomainConstraints>
<use>1</use>
<logicalDatatype>LOGDT011</logicalDatatype>
<ownDataTypeParameters>,,</ownDataTypeParameters>
<previousColumn>false</previousColumn>
<autoIncrementCycle>false</autoIncrementCycle>
<associations>
<colAssociation fkAssociation="88D5E7B8-AA46-5CE1-0A69-D7553ACF7DE2" referredColumn="8845328C-1FAA-089D-F981-62ED58A46DFE"/>
</associations>
</Column>
<Column name="HOD_VYUKY_ID_OBJ_VYUKY" id="176CF313-09A7-3A87-18A5-DC3EB1CF1485">
<createdBy>matej</createdBy>
<createdTime>2019-05-06 11:56:16 UTC</createdTime>
<ownerDesignName>hokus-pokus</ownerDesignName>
<useDomainConstraints>false</useDomainConstraints>
<use>1</use>
<logicalDatatype>LOGDT011</logicalDatatype>
<ownDataTypeParameters>,,</ownDataTypeParameters>
<previousColumn>false</previousColumn>
<autoIncrementCycle>false</autoIncrementCycle>
<associations>
<colAssociation fkAssociation="88D5E7B8-AA46-5CE1-0A69-D7553ACF7DE2" referredColumn="70B12B90-CEBD-2FCD-882F-5E56E139E607"/>
</associations>
</Column>
</columns>
<indexes itemClass="oracle.dbtools.crest.model.design.relational.Index">
<ind_PK_UK id="B36105EC-7502-4B8A-3773-0325FE4E2839" name="INSTRUKTOR_HODINA_PK">
<createdBy>matej</createdBy>
<createdTime>2019-05-06 11:56:16 UTC</createdTime>
<ownerDesignName>hokus-pokus</ownerDesignName>
<pk>true</pk>
<indexState>Primary Constraint</indexState>
<isSurrogateKey>false</isSurrogateKey>
<indexColumnUsage>
<colUsage columnID="DF140891-F219-1B73-AA1E-C2C2477CABA9"/>
<colUsage columnID="4B83A4D4-5CAF-467D-C62F-B2B7DFE2BA31"/>
<colUsage columnID="176CF313-09A7-3A87-18A5-DC3EB1CF1485"/>
</indexColumnUsage>
</ind_PK_UK>
<ind_PK_UK id="AC3E3AB6-ECD4-219E-3DFC-4A848C47C615" name="INSTRUKTOR_HOD_INSTRUKTOR_FK">
<createdBy>matej</createdBy>
<createdTime>2019-05-06 11:56:16 UTC</createdTime>
<generatorID>61A1CB80-F3DC-81B6-B1DB-9B9E7554782A</generatorID>
<ownerDesignName>hokus-pokus</ownerDesignName>
<indexState>Foreign Key</indexState>
<isSurrogateKey>false</isSurrogateKey>
<indexColumnUsage>
<colUsage columnID="DF140891-F219-1B73-AA1E-C2C2477CABA9"/>
</indexColumnUsage>
</ind_PK_UK>
<ind_PK_UK id="F770E0C7-93FB-4BF8-A99D-FB399772E2CE" name="INSTRUKTOR_HOD_HOD_VYUKY_FK">
<createdBy>matej</createdBy>
<createdTime>2019-05-06 11:56:16 UTC</createdTime>
<generatorID>61A1CB80-F3DC-81B6-B1DB-9B9E7554782A</generatorID>
<ownerDesignName>hokus-pokus</ownerDesignName>
<indexState>Foreign Key</indexState>
<isSurrogateKey>false</isSurrogateKey>
<indexColumnUsage>
<colUsage columnID="4B83A4D4-5CAF-467D-C62F-B2B7DFE2BA31"/>
<colUsage columnID="176CF313-09A7-3A87-18A5-DC3EB1CF1485"/>
</indexColumnUsage>
</ind_PK_UK>
</indexes>
</Table>