<?xml version = '1.0' encoding = 'UTF-8'?>
<Table class="oracle.dbtools.crest.model.design.relational.Table" directorySegmentName="seg_0" id="7344F14F-7135-BB3E-04F8-35CC561D270D" name="OBJ_VYBAVENI_SNB_BOTY">
<createdBy>matej</createdBy>
<createdTime>2019-05-06 11:56:16 UTC</createdTime>
<ownerDesignName>hokus-pokus</ownerDesignName>
<allowColumnReorder>false</allowColumnReorder>
<existDependencyGenerateInDDl>true</existDependencyGenerateInDDl>
<parsed>true</parsed>
<columns itemClass="oracle.dbtools.crest.model.design.relational.Column">
<Column name="OBJ_VYB_ID_OBJ_VYB" id="E059C0D9-6B0A-0753-9750-97A15E5FB44B">
<createdBy>matej</createdBy>
<createdTime>2019-05-06 11:56:16 UTC</createdTime>
<ownerDesignName>hokus-pokus</ownerDesignName>
<useDomainConstraints>false</useDomainConstraints>
<use>1</use>
<logicalDatatype>LOGDT011</logicalDatatype>
<ownDataTypeParameters>,,</ownDataTypeParameters>
<previousColumn>false</previousColumn>
<autoIncrementCycle>false</autoIncrementCycle>
<associations>
<colAssociation fkAssociation="F99EF5B3-19E9-8F88-1C2E-C2EB725065BF" referredColumn="52AA5728-8A26-ACD1-FEDD-00A92BF7F070"/>
</associations>
</Column>
<Column name="SNB_BOTY_ID_SNB_BOTY" id="E11D4083-A0A2-2858-A7D4-0207E3883ACB">
<createdBy>matej</createdBy>
<createdTime>2019-05-06 11:56:16 UTC</createdTime>
<ownerDesignName>hokus-pokus</ownerDesignName>
<useDomainConstraints>false</useDomainConstraints>
<use>1</use>
<logicalDatatype>LOGDT011</logicalDatatype>
<ownDataTypeParameters>,,</ownDataTypeParameters>
<previousColumn>false</previousColumn>
<autoIncrementCycle>false</autoIncrementCycle>
<associations>
<colAssociation fkAssociation="46690415-900A-F6B7-1721-9E231676756B" referredColumn="6E0D65D8-F5E5-CD58-1DB1-3FE446371931"/>
</associations>
</Column>
</columns>
<indexes itemClass="oracle.dbtools.crest.model.design.relational.Index">
<ind_PK_UK id="C538ABF4-0C20-538C-2F5A-F39488045FA2" name="OBJ_VYBAVENI_SNB_BOTY_PK">
<createdBy>matej</createdBy>
<createdTime>2019-05-06 11:56:16 UTC</createdTime>
<ownerDesignName>hokus-pokus</ownerDesignName>
<pk>true</pk>
<indexState>Primary Constraint</indexState>
<isSurrogateKey>false</isSurrogateKey>
<indexColumnUsage>
<colUsage columnID="E059C0D9-6B0A-0753-9750-97A15E5FB44B"/>
<colUsage columnID="E11D4083-A0A2-2858-A7D4-0207E3883ACB"/>
</indexColumnUsage>
</ind_PK_UK>
<ind_PK_UK id="A5870CE6-71B8-02B7-F742-DAD99E8EDC24" name="OBJ_VYB_SNB_BOTY_OBJ_VYB_FK">
<createdBy>matej</createdBy>
<createdTime>2019-05-06 11:56:16 UTC</createdTime>
<generatorID>DBE15FDE-DFA1-083B-4F31-C149EE981BE8</generatorID>
<ownerDesignName>hokus-pokus</ownerDesignName>
<indexState>Foreign Key</indexState>
<isSurrogateKey>false</isSurrogateKey>
<indexColumnUsage>
<colUsage columnID="E059C0D9-6B0A-0753-9750-97A15E5FB44B"/>
</indexColumnUsage>
</ind_PK_UK>
<ind_PK_UK id="4E0CD39C-A299-6CBF-818E-CB388629F7D6" name="OBJ_VYB_SNB_BOTY_SNB_BOTY_FK">
<createdBy>matej</createdBy>
<createdTime>2019-05-06 11:56:16 UTC</createdTime>
<generatorID>DBE15FDE-DFA1-083B-4F31-C149EE981BE8</generatorID>
<ownerDesignName>hokus-pokus</ownerDesignName>
<indexState>Foreign Key</indexState>
<isSurrogateKey>false</isSurrogateKey>
<indexColumnUsage>
<colUsage columnID="E11D4083-A0A2-2858-A7D4-0207E3883ACB"/>
</indexColumnUsage>
</ind_PK_UK>
</indexes>
</Table>