<?xml version = '1.0' encoding = 'UTF-8'?>
<Table class="oracle.dbtools.crest.model.design.relational.Table" directorySegmentName="seg_0" id="75EC752A-AEF9-8AD4-06EB-A9D8AF48DC7E" name="OBJ_VYBAVENI_DITE">
<createdBy>matej</createdBy>
<createdTime>2019-05-06 11:56:16 UTC</createdTime>
<ownerDesignName>hokus-pokus</ownerDesignName>
<allowColumnReorder>false</allowColumnReorder>
<existDependencyGenerateInDDl>true</existDependencyGenerateInDDl>
<parsed>true</parsed>
<columns itemClass="oracle.dbtools.crest.model.design.relational.Column">
<Column name="OBJ_VYB_ID_OBJ_VYB" id="771FEFDC-3430-B5D4-BAFC-E5CF73428435">
<createdBy>matej</createdBy>
<createdTime>2019-05-06 11:56:16 UTC</createdTime>
<ownerDesignName>hokus-pokus</ownerDesignName>
<useDomainConstraints>false</useDomainConstraints>
<use>1</use>
<logicalDatatype>LOGDT011</logicalDatatype>
<ownDataTypeParameters>,,</ownDataTypeParameters>
<previousColumn>false</previousColumn>
<autoIncrementCycle>false</autoIncrementCycle>
<associations>
<colAssociation fkAssociation="9D059A4F-E73D-C918-E09B-2C9FF1D2A5C3" referredColumn="52AA5728-8A26-ACD1-FEDD-00A92BF7F070"/>
</associations>
</Column>
<Column name="DITE_ID_DITE" id="14AF08C8-0B14-45F0-926C-523A81F624B2">
<createdBy>matej</createdBy>
<createdTime>2019-05-06 11:56:16 UTC</createdTime>
<ownerDesignName>hokus-pokus</ownerDesignName>
<useDomainConstraints>false</useDomainConstraints>
<use>1</use>
<logicalDatatype>LOGDT011</logicalDatatype>
<ownDataTypeParameters>,,</ownDataTypeParameters>
<previousColumn>false</previousColumn>
<autoIncrementCycle>false</autoIncrementCycle>
<associations>
<colAssociation fkAssociation="9840ECC8-2941-39FD-A32B-71846E8EA749" referredColumn="4E51C07F-51BE-398F-28FB-67F3E7104610"/>
</associations>
</Column>
<Column name="DITE_ID_ZAKAZNIK" id="61EBE61D-3291-FD2B-1CDD-9E1911A40F00">
<createdBy>matej</createdBy>
<createdTime>2019-05-06 11:56:16 UTC</createdTime>
<ownerDesignName>hokus-pokus</ownerDesignName>
<useDomainConstraints>false</useDomainConstraints>
<use>1</use>
<logicalDatatype>LOGDT011</logicalDatatype>
<ownDataTypeParameters>,,</ownDataTypeParameters>
<previousColumn>false</previousColumn>
<autoIncrementCycle>false</autoIncrementCycle>
<associations>
<colAssociation fkAssociation="9840ECC8-2941-39FD-A32B-71846E8EA749" referredColumn="7EBA1881-A19F-24D3-3B9E-A85E450A43DD"/>
</associations>
</Column>
</columns>
<indexes itemClass="oracle.dbtools.crest.model.design.relational.Index">
<ind_PK_UK id="A8A979EE-3F79-079E-F8DA-A357E44F8845" name="OBJ_VYBAVENI_DITE_PK">
<createdBy>matej</createdBy>
<createdTime>2019-05-06 11:56:16 UTC</createdTime>
<ownerDesignName>hokus-pokus</ownerDesignName>
<pk>true</pk>
<indexState>Primary Constraint</indexState>
<isSurrogateKey>false</isSurrogateKey>
<indexColumnUsage>
<colUsage columnID="771FEFDC-3430-B5D4-BAFC-E5CF73428435"/>
<colUsage columnID="14AF08C8-0B14-45F0-926C-523A81F624B2"/>
<colUsage columnID="61EBE61D-3291-FD2B-1CDD-9E1911A40F00"/>
</indexColumnUsage>
</ind_PK_UK>
<ind_PK_UK id="0176F505-A68A-F562-5CAC-151A85136365" name="OBJ_VYB_DITE_OBJ_VYB_FK">
<createdBy>matej</createdBy>
<createdTime>2019-05-06 11:56:16 UTC</createdTime>
<generatorID>FA533DB7-4DD1-25E8-F9F7-9D14F1F96D84</generatorID>
<ownerDesignName>hokus-pokus</ownerDesignName>
<indexState>Foreign Key</indexState>
<isSurrogateKey>false</isSurrogateKey>
<indexColumnUsage>
<colUsage columnID="771FEFDC-3430-B5D4-BAFC-E5CF73428435"/>
</indexColumnUsage>
</ind_PK_UK>
<ind_PK_UK id="7784BBBA-350C-CA59-CD64-30F472AFFE62" name="OBJ_VYB_DITE_DITE_FK">
<createdBy>matej</createdBy>
<createdTime>2019-05-06 11:56:16 UTC</createdTime>
<generatorID>FA533DB7-4DD1-25E8-F9F7-9D14F1F96D84</generatorID>
<ownerDesignName>hokus-pokus</ownerDesignName>
<indexState>Foreign Key</indexState>
<isSurrogateKey>false</isSurrogateKey>
<indexColumnUsage>
<colUsage columnID="14AF08C8-0B14-45F0-926C-523A81F624B2"/>
<colUsage columnID="61EBE61D-3291-FD2B-1CDD-9E1911A40F00"/>
</indexColumnUsage>
</ind_PK_UK>
</indexes>
</Table>