<?xml version = '1.0' encoding = 'UTF-8'?>
<Table class="oracle.dbtools.crest.model.design.relational.Table" directorySegmentName="seg_0" id="7BECF0B0-D18D-5A30-8DF8-7B50B8EAABC2" name="BOUDAR">
<createdBy>matej</createdBy>
<createdTime>2019-05-06 11:56:16 UTC</createdTime>
<generatorID>8E61F0E6-019E-E94E-37A5-0AACFE6F0859</generatorID>
<ownerDesignName>hokus-pokus</ownerDesignName>
<allowColumnReorder>false</allowColumnReorder>
<existDependencyGenerateInDDl>true</existDependencyGenerateInDDl>
<parsed>true</parsed>
<columns itemClass="oracle.dbtools.crest.model.design.relational.Column">
<Column name="ID_ZAMESTNANEC" id="DB03AF5F-6A10-FCBD-54F2-EA6C4E1EC86E">
<createdBy>matej</createdBy>
<createdTime>2019-05-06 11:56:16 UTC</createdTime>
<generatorID>9CF6C40F-DE29-BAD4-08E0-109A69E2107D</generatorID>
<ownerDesignName>hokus-pokus</ownerDesignName>
<useDomainConstraints>false</useDomainConstraints>
<use>1</use>
<logicalDatatype>LOGDT011</logicalDatatype>
<ownDataTypeParameters>,,</ownDataTypeParameters>
<autoIncrementCycle>false</autoIncrementCycle>
<associations>
<colAssociation fkAssociation="54B2E909-85B6-08EF-F283-FAE06D9023BC" referredColumn="72EF2FCC-F8DC-319C-F9D8-F4428F90F677"/>
</associations>
</Column>
<Column name="PRACOVNI_ZARAZENI" id="2F63BB48-B737-69FE-862B-C0772D80579F">
<createdBy>matej</createdBy>
<createdTime>2019-05-06 11:56:16 UTC</createdTime>
<generatorID>19F9B683-2C21-7116-EC83-9F053D45992E</generatorID>
<ownerDesignName>hokus-pokus</ownerDesignName>
<useDomainConstraints>false</useDomainConstraints>
<use>1</use>
<logicalDatatype>LOGDT024</logicalDatatype>
<dataTypeSize>80</dataTypeSize>
<ownDataTypeParameters>80,,</ownDataTypeParameters>
<autoIncrementCycle>false</autoIncrementCycle>
</Column>
<Column name="ZODPOVEDNOST_ZA_OBJEDNAVKY" id="87FAC980-2AE1-1B96-0B7C-FF2CA86F65E4">
<createdBy>matej</createdBy>
<createdTime>2019-05-06 11:56:16 UTC</createdTime>
<generatorID>693BA948-3214-4773-D14A-9A003611CD21</generatorID>
<ownerDesignName>hokus-pokus</ownerDesignName>
<useDomainConstraints>false</useDomainConstraints>
<use>1</use>
<logicalDatatype>LOGDT006</logicalDatatype>
<dataTypeSize>1</dataTypeSize>
<ownDataTypeParameters>1,,</ownDataTypeParameters>
<autoIncrementCycle>false</autoIncrementCycle>
</Column>
<Column name="ZODPOVEDNOST_ZA_PENIZE" id="466EF91F-FEB6-0C8F-AFB4-FEAB6170C9E8">
<createdBy>matej</createdBy>
<createdTime>2019-05-06 11:56:16 UTC</createdTime>
<generatorID>ED98B13C-1A31-CD7D-E920-D2E378290A05</generatorID>
<ownerDesignName>hokus-pokus</ownerDesignName>
<useDomainConstraints>false</useDomainConstraints>
<use>1</use>
<logicalDatatype>LOGDT006</logicalDatatype>
<dataTypeSize>1</dataTypeSize>
<ownDataTypeParameters>1,,</ownDataTypeParameters>
<autoIncrementCycle>false</autoIncrementCycle>
</Column>
</columns>
<indexes itemClass="oracle.dbtools.crest.model.design.relational.Index">
<ind_PK_UK id="E27EAD66-F40A-69E7-3202-67FA4532255F" name="BOUDAR_PK">
<createdBy>matej</createdBy>
<createdTime>2019-05-06 11:56:16 UTC</createdTime>
<generatorID>53CFD8FF-BF97-2272-6D33-44BDFC882A7B</generatorID>
<ownerDesignName>hokus-pokus</ownerDesignName>
<pk>true</pk>
<indexState>Primary Constraint</indexState>
<isSurrogateKey>false</isSurrogateKey>
<indexColumnUsage>
<colUsage columnID="DB03AF5F-6A10-FCBD-54F2-EA6C4E1EC86E"/>
</indexColumnUsage>
</ind_PK_UK>
<ind_PK_UK id="9D47FEEC-E400-C9D1-1593-C4B07BA6B6F8" name="BOUDAR_ZAMESTNANEC_FK">
<createdBy>matej</createdBy>
<createdTime>2019-05-06 11:56:16 UTC</createdTime>
<generatorID>CEFD293B-5BF9-552F-6E78-119642692DC9</generatorID>
<ownerDesignName>hokus-pokus</ownerDesignName>
<indexState>Foreign Key</indexState>
<isSurrogateKey>false</isSurrogateKey>
<indexColumnUsage>
<colUsage columnID="DB03AF5F-6A10-FCBD-54F2-EA6C4E1EC86E"/>
</indexColumnUsage>
</ind_PK_UK>
</indexes>
</Table>