<?xml version = '1.0' encoding = 'UTF-8'?>
<Table class="oracle.dbtools.crest.model.design.relational.Table" directorySegmentName="seg_0" id="8262C80C-957D-B8C4-8992-BE899EC3090C" name="OBJ_VYBAVENI_LYZ_BOTY">
<createdBy>matej</createdBy>
<createdTime>2019-05-06 11:56:16 UTC</createdTime>
<ownerDesignName>hokus-pokus</ownerDesignName>
<allowColumnReorder>false</allowColumnReorder>
<existDependencyGenerateInDDl>true</existDependencyGenerateInDDl>
<parsed>true</parsed>
<columns itemClass="oracle.dbtools.crest.model.design.relational.Column">
<Column name="OBJ_VYB_ID_OBJ_VYB" id="992F47AE-CDFC-CC22-E48D-1FDDB467D932">
<createdBy>matej</createdBy>
<createdTime>2019-05-06 11:56:16 UTC</createdTime>
<ownerDesignName>hokus-pokus</ownerDesignName>
<useDomainConstraints>false</useDomainConstraints>
<use>1</use>
<logicalDatatype>LOGDT011</logicalDatatype>
<ownDataTypeParameters>,,</ownDataTypeParameters>
<previousColumn>false</previousColumn>
<autoIncrementCycle>false</autoIncrementCycle>
<associations>
<colAssociation fkAssociation="1CB05F49-6504-5851-38C9-58C18979F2EF" referredColumn="52AA5728-8A26-ACD1-FEDD-00A92BF7F070"/>
</associations>
</Column>
<Column name="LYZARSKE_BOTY_ID_LYZARSKE_BOTY" id="872ABC87-CA85-F596-0375-88ABC998B73D">
<createdBy>matej</createdBy>
<createdTime>2019-05-06 11:56:16 UTC</createdTime>
<ownerDesignName>hokus-pokus</ownerDesignName>
<useDomainConstraints>false</useDomainConstraints>
<use>1</use>
<logicalDatatype>LOGDT011</logicalDatatype>
<ownDataTypeParameters>,,</ownDataTypeParameters>
<previousColumn>false</previousColumn>
<autoIncrementCycle>false</autoIncrementCycle>
<associations>
<colAssociation fkAssociation="9F0FA893-0BA7-A771-59A4-10934F792BAA" referredColumn="F909BF19-FD04-0A03-036A-7811F1239FAE"/>
</associations>
</Column>
</columns>
<indexes itemClass="oracle.dbtools.crest.model.design.relational.Index">
<ind_PK_UK id="C4385715-C527-823C-7EB6-CB6466574D1A" name="OBJ_VYBAVENI_LYZ_BOTY_PK">
<createdBy>matej</createdBy>
<createdTime>2019-05-06 11:56:16 UTC</createdTime>
<ownerDesignName>hokus-pokus</ownerDesignName>
<pk>true</pk>
<indexState>Primary Constraint</indexState>
<isSurrogateKey>false</isSurrogateKey>
<indexColumnUsage>
<colUsage columnID="992F47AE-CDFC-CC22-E48D-1FDDB467D932"/>
<colUsage columnID="872ABC87-CA85-F596-0375-88ABC998B73D"/>
</indexColumnUsage>
</ind_PK_UK>
<ind_PK_UK id="C0118738-7340-DBC4-F526-31FD4E654E11" name="OBJ_VYB_LYZ_BOTY_OBJ_VYB_FK">
<createdBy>matej</createdBy>
<createdTime>2019-05-06 11:56:16 UTC</createdTime>
<generatorID>F4E62A9C-E72A-6111-DDCB-91B56301EF7F</generatorID>
<ownerDesignName>hokus-pokus</ownerDesignName>
<indexState>Foreign Key</indexState>
<isSurrogateKey>false</isSurrogateKey>
<indexColumnUsage>
<colUsage columnID="992F47AE-CDFC-CC22-E48D-1FDDB467D932"/>
</indexColumnUsage>
</ind_PK_UK>
<ind_PK_UK id="C6F5356D-69D2-F6C5-0AB4-E6ECA2B259BF" name="OBJ_VYB_LYZ_BOTY_LYZ_BOTY_FK">
<createdBy>matej</createdBy>
<createdTime>2019-05-06 11:56:16 UTC</createdTime>
<generatorID>F4E62A9C-E72A-6111-DDCB-91B56301EF7F</generatorID>
<ownerDesignName>hokus-pokus</ownerDesignName>
<indexState>Foreign Key</indexState>
<isSurrogateKey>false</isSurrogateKey>
<indexColumnUsage>
<colUsage columnID="872ABC87-CA85-F596-0375-88ABC998B73D"/>
</indexColumnUsage>
</ind_PK_UK>
</indexes>
</Table>