<?xml version = '1.0' encoding = 'UTF-8'?>
<Table class="oracle.dbtools.crest.model.design.relational.Table" directorySegmentName="seg_0" id="A7B0622C-61AB-FCD0-775C-720209821D59" name="OBJ_VYBAVENI_SNB">
<createdBy>matej</createdBy>
<createdTime>2019-05-06 11:56:16 UTC</createdTime>
<ownerDesignName>hokus-pokus</ownerDesignName>
<allowColumnReorder>false</allowColumnReorder>
<existDependencyGenerateInDDl>true</existDependencyGenerateInDDl>
<parsed>true</parsed>
<columns itemClass="oracle.dbtools.crest.model.design.relational.Column">
<Column name="OBJ_VYB_ID_OBJ_VYB" id="69A60349-EFE3-AB2A-9D21-AED5C1C867A6">
<createdBy>matej</createdBy>
<createdTime>2019-05-06 11:56:16 UTC</createdTime>
<ownerDesignName>hokus-pokus</ownerDesignName>
<useDomainConstraints>false</useDomainConstraints>
<use>1</use>
<logicalDatatype>LOGDT011</logicalDatatype>
<ownDataTypeParameters>,,</ownDataTypeParameters>
<previousColumn>false</previousColumn>
<autoIncrementCycle>false</autoIncrementCycle>
<associations>
<colAssociation fkAssociation="B2BD9FD7-1272-7371-BCC3-F1A2ED67A7BB" referredColumn="52AA5728-8A26-ACD1-FEDD-00A92BF7F070"/>
</associations>
</Column>
<Column name="SNB_ID_SNB" id="892B03F1-9D51-5923-51DC-3E6A61242BCB">
<createdBy>matej</createdBy>
<createdTime>2019-05-06 11:56:16 UTC</createdTime>
<ownerDesignName>hokus-pokus</ownerDesignName>
<useDomainConstraints>false</useDomainConstraints>
<use>1</use>
<logicalDatatype>LOGDT011</logicalDatatype>
<ownDataTypeParameters>,,</ownDataTypeParameters>
<previousColumn>false</previousColumn>
<autoIncrementCycle>false</autoIncrementCycle>
<associations>
<colAssociation fkAssociation="CD9B6703-3A24-A737-208F-04C813FF1595" referredColumn="290D5CD3-1DC9-8175-76DB-EC8D11D65E90"/>
</associations>
</Column>
</columns>
<indexes itemClass="oracle.dbtools.crest.model.design.relational.Index">
<ind_PK_UK id="F9C81732-72CF-4DDF-9E05-D80265997A75" name="OBJ_VYBAVENI_SNB_PK">
<createdBy>matej</createdBy>
<createdTime>2019-05-06 11:56:16 UTC</createdTime>
<ownerDesignName>hokus-pokus</ownerDesignName>
<pk>true</pk>
<indexState>Primary Constraint</indexState>
<isSurrogateKey>false</isSurrogateKey>
<indexColumnUsage>
<colUsage columnID="69A60349-EFE3-AB2A-9D21-AED5C1C867A6"/>
<colUsage columnID="892B03F1-9D51-5923-51DC-3E6A61242BCB"/>
</indexColumnUsage>
</ind_PK_UK>
<ind_PK_UK id="2DE349D6-A7E0-61CA-7795-753EAA99F3BD" name="OBJ_VYB_SNB_OBJ_VYB_FK">
<createdBy>matej</createdBy>
<createdTime>2019-05-06 11:56:16 UTC</createdTime>
<generatorID>8990F48D-E725-1C30-F18E-CB858B720EDC</generatorID>
<ownerDesignName>hokus-pokus</ownerDesignName>
<indexState>Foreign Key</indexState>
<isSurrogateKey>false</isSurrogateKey>
<indexColumnUsage>
<colUsage columnID="69A60349-EFE3-AB2A-9D21-AED5C1C867A6"/>
</indexColumnUsage>
</ind_PK_UK>
<ind_PK_UK id="7ED4BA55-7FC4-A988-E9EE-326597B97333" name="OBJ_VYB_SNB_SNB_FK">
<createdBy>matej</createdBy>
<createdTime>2019-05-06 11:56:16 UTC</createdTime>
<generatorID>8990F48D-E725-1C30-F18E-CB858B720EDC</generatorID>
<ownerDesignName>hokus-pokus</ownerDesignName>
<indexState>Foreign Key</indexState>
<isSurrogateKey>false</isSurrogateKey>
<indexColumnUsage>
<colUsage columnID="892B03F1-9D51-5923-51DC-3E6A61242BCB"/>
</indexColumnUsage>
</ind_PK_UK>
</indexes>
</Table>