<?xml version = '1.0' encoding = 'UTF-8'?>
<Table class="oracle.dbtools.crest.model.design.relational.Table" directorySegmentName="seg_0" id="AAD84C8F-C184-E190-74AB-A6A93C3A5018" name="OBJ_VYBAVENI_PRILBA">
<createdBy>matej</createdBy>
<createdTime>2019-05-06 11:56:16 UTC</createdTime>
<ownerDesignName>hokus-pokus</ownerDesignName>
<allowColumnReorder>false</allowColumnReorder>
<existDependencyGenerateInDDl>true</existDependencyGenerateInDDl>
<parsed>true</parsed>
<columns itemClass="oracle.dbtools.crest.model.design.relational.Column">
<Column name="PRILBA_ID_PRILBA" id="0177BFE9-88CD-CFFC-FFB3-9E90C02DED3C">
<createdBy>matej</createdBy>
<createdTime>2019-05-06 11:56:16 UTC</createdTime>
<ownerDesignName>hokus-pokus</ownerDesignName>
<useDomainConstraints>false</useDomainConstraints>
<use>1</use>
<logicalDatatype>LOGDT011</logicalDatatype>
<ownDataTypeParameters>,,</ownDataTypeParameters>
<previousColumn>false</previousColumn>
<autoIncrementCycle>false</autoIncrementCycle>
<associations>
<colAssociation fkAssociation="43697D17-8C2A-EE1F-829D-420FFEC502DB" referredColumn="BB2B88E4-5C99-6E6D-C86C-2882FFCB69E4"/>
</associations>
</Column>
<Column name="OBJ_VYB_ID_OBJ_VYB" id="627425E6-23F7-7F7A-A2FA-1369C66B0B3C">
<createdBy>matej</createdBy>
<createdTime>2019-05-06 11:56:16 UTC</createdTime>
<ownerDesignName>hokus-pokus</ownerDesignName>
<useDomainConstraints>false</useDomainConstraints>
<use>1</use>
<logicalDatatype>LOGDT011</logicalDatatype>
<ownDataTypeParameters>,,</ownDataTypeParameters>
<previousColumn>false</previousColumn>
<autoIncrementCycle>false</autoIncrementCycle>
<associations>
<colAssociation fkAssociation="7DB035AD-1BC8-47A1-6094-DCCC34B7C3E9" referredColumn="52AA5728-8A26-ACD1-FEDD-00A92BF7F070"/>
</associations>
</Column>
</columns>
<indexes itemClass="oracle.dbtools.crest.model.design.relational.Index">
<ind_PK_UK id="9506F60C-3DDB-005C-549D-25CC6DC73225" name="OBJ_VYBAVENI_PRILBA_PK">
<createdBy>matej</createdBy>
<createdTime>2019-05-06 11:56:16 UTC</createdTime>
<ownerDesignName>hokus-pokus</ownerDesignName>
<pk>true</pk>
<indexState>Primary Constraint</indexState>
<isSurrogateKey>false</isSurrogateKey>
<indexColumnUsage>
<colUsage columnID="0177BFE9-88CD-CFFC-FFB3-9E90C02DED3C"/>
<colUsage columnID="627425E6-23F7-7F7A-A2FA-1369C66B0B3C"/>
</indexColumnUsage>
</ind_PK_UK>
<ind_PK_UK id="BF4BEAAC-6FE8-ECCA-0070-E494BFD89577" name="OBJ_VYB_PRILBA_PRILBA_FK">
<createdBy>matej</createdBy>
<createdTime>2019-05-06 11:56:16 UTC</createdTime>
<generatorID>C9FF870C-3EB1-114A-F8F7-DE042F7EFFB7</generatorID>
<ownerDesignName>hokus-pokus</ownerDesignName>
<indexState>Foreign Key</indexState>
<isSurrogateKey>false</isSurrogateKey>
<indexColumnUsage>
<colUsage columnID="0177BFE9-88CD-CFFC-FFB3-9E90C02DED3C"/>
</indexColumnUsage>
</ind_PK_UK>
<ind_PK_UK id="68497F3A-3421-F6D8-E124-8AC67CE6DC45" name="OBJ_VYB_PRILBA_OBJ_VYB_FK">
<createdBy>matej</createdBy>
<createdTime>2019-05-06 11:56:16 UTC</createdTime>
<generatorID>C9FF870C-3EB1-114A-F8F7-DE042F7EFFB7</generatorID>
<ownerDesignName>hokus-pokus</ownerDesignName>
<indexState>Foreign Key</indexState>
<isSurrogateKey>false</isSurrogateKey>
<indexColumnUsage>
<colUsage columnID="627425E6-23F7-7F7A-A2FA-1369C66B0B3C"/>
</indexColumnUsage>
</ind_PK_UK>
</indexes>
</Table>