<?xml version = '1.0' encoding = 'UTF-8'?>
<Table class="oracle.dbtools.crest.model.design.relational.Table" directorySegmentName="seg_0" id="F49D107F-0538-0EBF-09BC-8D593FF6536C" name="OBJEDNAVKA_VYUKY">
<createdBy>matej</createdBy>
<createdTime>2019-05-06 11:56:16 UTC</createdTime>
<generatorID>80AAA932-5601-1251-B6C5-805A59012D61</generatorID>
<ownerDesignName>hokus-pokus</ownerDesignName>
<allowColumnReorder>false</allowColumnReorder>
<existDependencyGenerateInDDl>true</existDependencyGenerateInDDl>
<parsed>true</parsed>
<columns itemClass="oracle.dbtools.crest.model.design.relational.Column">
<Column name="ID_OBJEDNAVKA_VYUKY" id="13D4C8AA-30E9-E195-835C-A04C39D1111A">
<createdBy>matej</createdBy>
<createdTime>2019-05-06 11:56:16 UTC</createdTime>
<generatorID>C60DB961-3FF0-4310-3872-B45A61CA1F1E</generatorID>
<ownerDesignName>hokus-pokus</ownerDesignName>
<useDomainConstraints>false</useDomainConstraints>
<use>1</use>
<logicalDatatype>LOGDT011</logicalDatatype>
<ownDataTypeParameters>,,</ownDataTypeParameters>
<autoIncrementCycle>false</autoIncrementCycle>
</Column>
<Column name="PREDMET_VYUKY" id="6B3EDE55-63F6-96DC-DB86-AFD8D0784EA2">
<createdBy>matej</createdBy>
<createdTime>2019-05-06 11:56:16 UTC</createdTime>
<generatorID>6701D3D4-5CF1-4530-DC52-7744B94BDEBE</generatorID>
<ownerDesignName>hokus-pokus</ownerDesignName>
<useDomainConstraints>false</useDomainConstraints>
<use>1</use>
<logicalDatatype>LOGDT024</logicalDatatype>
<dataTypeSize>80</dataTypeSize>
<ownDataTypeParameters>80,,</ownDataTypeParameters>
<autoIncrementCycle>false</autoIncrementCycle>
</Column>
<Column name="UROVEN" id="6A04DC17-F202-B86F-ADCE-57D1A2E91A01">
<createdBy>matej</createdBy>
<createdTime>2019-05-06 11:56:16 UTC</createdTime>
<generatorID>56253466-E050-09A9-FD9A-CD31295E8F15</generatorID>
<ownerDesignName>hokus-pokus</ownerDesignName>
<useDomainConstraints>false</useDomainConstraints>
<use>1</use>
<logicalDatatype>LOGDT024</logicalDatatype>
<dataTypeSize>80</dataTypeSize>
<ownDataTypeParameters>80,,</ownDataTypeParameters>
<autoIncrementCycle>false</autoIncrementCycle>
</Column>
<Column name="ZAKAZNIK_ID_ZAKAZNIK" id="08520201-BE73-6C9E-9744-E4BB57A45D1F">
<createdBy>matej</createdBy>
<createdTime>2019-05-06 11:56:16 UTC</createdTime>
<generatorID>8D6CB00C-B59C-E7F1-4838-F888819B0B33</generatorID>
<ownerDesignName>hokus-pokus</ownerDesignName>
<useDomainConstraints>false</useDomainConstraints>
<use>1</use>
<logicalDatatype>LOGDT011</logicalDatatype>
<ownDataTypeParameters>,,</ownDataTypeParameters>
<previousColumn>false</previousColumn>
<autoIncrementCycle>false</autoIncrementCycle>
<associations>
<colAssociation fkAssociation="E18E1522-9533-DFAF-C22C-D7662F0B7939" referredColumn="E462D5FE-89ED-E908-8313-058A66913FEB"/>
</associations>
</Column>
</columns>
<indexes itemClass="oracle.dbtools.crest.model.design.relational.Index">
<ind_PK_UK id="09BCC041-1CEA-BFB5-B83F-35EA72D1A9E4" name="OBJEDNAVKA_VYUKY_PK">
<createdBy>matej</createdBy>
<createdTime>2019-05-06 11:56:16 UTC</createdTime>
<generatorID>97C15602-C8FA-1D18-4E49-C349F37F7843</generatorID>
<ownerDesignName>hokus-pokus</ownerDesignName>
<pk>true</pk>
<indexState>Primary Constraint</indexState>
<isSurrogateKey>false</isSurrogateKey>
<indexColumnUsage>
<colUsage columnID="13D4C8AA-30E9-E195-835C-A04C39D1111A"/>
</indexColumnUsage>
</ind_PK_UK>
<ind_PK_UK id="FF214C1F-4D63-09E8-38F1-E1F694CE6677" name="OBJEDNAVKA_VYUKY_ZAKAZNIK_FK">
<createdBy>matej</createdBy>
<createdTime>2019-05-06 11:56:16 UTC</createdTime>
<generatorID>C2ABA625-836E-5882-B5DA-31C31AB341FF</generatorID>
<ownerDesignName>hokus-pokus</ownerDesignName>
<indexState>Foreign Key</indexState>
<isSurrogateKey>false</isSurrogateKey>
<indexColumnUsage>
<colUsage columnID="08520201-BE73-6C9E-9744-E4BB57A45D1F"/>
</indexColumnUsage>
</ind_PK_UK>
</indexes>
</Table>