<?xml version = '1.0' encoding = 'UTF-8'?>
<InheritanceRelation class="oracle.dbtools.crest.model.design.logical.InheritanceRelation" name="Hierarchy_3" directorySegmentName="seg_0" id="E17AE7EA-65DA-04F8-F0F8-D043596A2BD3">
<createdBy>matej</createdBy>
<createdTime>2019-05-03 10:19:30 UTC</createdTime>
<ownerDesignName>nova_verze_semestralky</ownerDesignName>
<engineerTo>
<item key="FBF20B30-9321-B662-7B69-6FD3905EEF16" value="true"/>
</engineerTo>
<identifying>false</identifying>
<nameOnSource>Super Type</nameOnSource>
<nameOnTarget>Sub Type</nameOnTarget>
<optionalSource>true</optionalSource>
<optionalTarget>true</optionalTarget>
<sourceEntity>97E292E8-BE5A-EBBF-DF3A-0F54EC48CBF2</sourceEntity>
<targetEntity>600055BD-9764-185A-E977-C3492411C255</targetEntity>
<transferable>true</transferable>
<deleteRule>NO ACTION</deleteRule>
</InheritanceRelation>